filename,tier,reason,duration,rms_db,peak,clip_ratio,vad_ratio,snr_db,longest_speech_sec,asr_chars,asr_chars_per_sec,repeat_ratio,asr_text
0007eee6bcd84b0fbeeb0e13b21f46aa.wav,green,全部指标达标,1.92,-25.54496188950214,0.3016904294490814,0.0,0.46875,27.96065330505371,0.48,4,2.083,0.25,我的世界。
000f0be8cb254b869fd884efc4ba2828.wav,yellow,VAD=36%; 语速=1.37,5.12,-23.754779537763355,0.6920632123947144,0.0,0.359375,32.67249584197998,0.46,7,1.367,0.143,雨想汽车的骨架。
0010d3f274cf477ba6c82876e7adad1f.wav,green,全部指标达标,6.656,-15.226413871763867,0.9900000691413879,9.390024038461539e-06,0.5873493975903614,39.808597564697266,1.1,11,1.653,0.091,一辆理想汽车名字叫i六。
0052954859124ae6ad924d9989020ef9.wav,green,全部指标达标,1.792,-20.47417850831475,0.8092260360717773,0.0,0.7078651685393258,30.1607346534729,0.92,8,4.464,0.125,好，如果把这个人后。
00660acffceb44f4a68f462c8b987927.wav,green,全部指标达标,4.608,-21.386079072179697,0.8296668529510498,0.0,0.7782608695652173,29.334421157836914,1.04,8,1.736,0.125,没有保不了的宝屋。
00713e65ed38439e814edf582af67c6e.wav,yellow,VAD=35%,2.048,-29.755516785893327,0.5120962858200073,0.0,0.35294117647058826,28.555800914764404,0.48,4,1.953,0.25,家豪是谁？
007378fa35954016bfb9b848293b1f54.wav,green,全部指标达标,4.992,-23.73232672656026,0.41071128845214844,0.0,0.7349397590361446,27.57516384124756,2.02,23,4.607,0.13,嗯，吧我考试考的考的太差了，我我都有点不想得了就是。
0088b497bd934404b8ebb26a254d713a.wav,green,全部指标达标,2.304,-21.108481092777534,0.33849090337753296,0.0,0.6695652173913044,30.707228183746338,1.1400000000000001,4,1.736,0.25,叫我毛衣。
008c7619c24c465d8aec0a247c1e5581.wav,yellow,语速=0.74,2.688,-25.25521550887845,0.9022581577301025,0.0,0.5447761194029851,31.997220516204834,1.42,2,0.744,0.5,伟大。
00c2479b87f146789fcfbe8a890bacb6.wav,yellow,语速=1.44,8.32,-25.399964142461222,0.3448654115200043,0.0,0.5072115384615384,27.2239351272583,0.74,12,1.442,0.167,有一只恐龙，那头龙给人打死。
00ea87ef1a1b44e4a8ff50b48c724810.wav,green,全部指标达标,2.944,-24.38022799562699,0.33866214752197266,0.0,0.6326530612244898,38.141517639160156,1.86,6,2.038,0.333,美人鱼美人鱼。
00f68539bdd44c13bdef25f55d424a2b.wav,red,解码失败: ,0,-100,0,0,0,nan,0,0,0,0,
00f81afbf9f24485bd067d40af4e4ced.wav,green,全部指标达标,5.504,-23.079249634071388,0.7229624390602112,0.0,0.4218181818181818,33.92448902130127,1.1400000000000001,9,1.635,0.222,车车被碾成了碎渣片。
0111d9aa13a04279b18caa7683ebd51b.wav,yellow,VAD=36%; 语速=1.49,5.376,-28.35391298058149,0.33262401819229126,0.0,0.3619402985074627,29.068710803985596,0.54,8,1.488,0.125,嗯，我的世界大电影。
0122b353a3d54f5e9d24d0f7b9a05bfa.wav,orange,重复字 42%: 他养了一只小狗，汪汪汪，汪汪。,8.448,-23.621621273449215,0.3751056492328644,0.0,0.8104265402843602,27.63110637664795,2.7600000000000002,12,1.42,0.417,他养了一只小狗，汪汪汪，汪汪。
012da6bc4ff64bbcb3efc2eb2531ed7c.wav,yellow,VAD=35%; 语速=1.24,5.632,-24.28832508189274,0.6882403492927551,0.0,0.35231316725978645,31.12497329711914,1.08,7,1.243,0.143,泥土把汽车吃了。
015a8033b16b488b9916cf4199950630.wav,orange,VAD 占比低 (12%),3.84,-41.51280735391511,0.09406571835279465,0.0,0.11979166666666667,17.953548431396484,0.22,8,2.083,0.25,天上的星星飞呀飞。
017bc06471134604baf4ad41e59dbbc7.wav,red,ASR 字数过少 (0 字),1.536,-35.39339012865383,0.3417319655418396,0.0,0.23684210526315788,26.672096252441406,0.26,0,0.0,0.0,
01defd6363ca4226a8d415c3a30d9500.wav,yellow,VAD=36%; 语速=1.30,3.072,-24.83039762536228,0.3747783303260803,0.0,0.35947712418300654,37.08938121795654,0.62,4,1.302,0.25,我要杀人。
01f63b8d127140b189941896bc528674.wav,yellow,VAD=25%; 语速=1.20,1.664,-27.700012970311953,0.4087725281715393,0.0,0.25301204819277107,32.96402931213379,0.22,2,1.202,0.5,现在。
0206cd2238794452a61888a245d01165.wav,green,全部指标达标,2.688,-22.657957707560506,0.6675992012023926,0.0,0.7164179104477612,30.707547664642334,1.1400000000000001,8,2.976,0.125,我的衣服找不到了。
02116f81bc42450d9917fb490318e2b1.wav,green,全部指标达标,3.712,-17.42457686141915,0.6469534635543823,0.0,0.8324324324324325,29.79813575744629,2.74,10,2.694,0.1,我感觉你很像一个人机。
021d931e569a4b59b3ce94ddfe5fc82c.wav,yellow,VAD=21%; 语速=1.27,5.504,-31.215894515607964,0.254912406206131,0.0,0.20727272727272728,32.84616708755493,0.92,7,1.272,0.143,哦，听学抄我多音。
0229c5e063bb45b4aa4694160d8a3cfa.wav,green,全部指标达标,1.664,-21.507481870372477,0.9899999499320984,0.0,0.5542168674698795,31.275975704193115,0.42,4,2.404,0.25,超级特斯。
022b3296145b4c7c8fabd699abb0856b.wav,green,全部指标达标,1.92,-24.316941953187346,0.5551027655601501,0.0,0.4791666666666667,34.403135776519775,0.8,5,2.604,0.2,啊，呃每人一。
0231512f9eb542b9bc97af60c9f9c71b.wav,red,ASR 字数过少 (0 字),1.92,-30.5313779972418,0.36197012662887573,0.0,0.375,27.055647373199463,0.6,0,0.0,0.0,
023ed90ee1cb4a63a701fdb77070256e.wav,green,全部指标达标,1.664,-17.8894787284436,0.9900000095367432,0.0,0.4578313253012048,44.57350730895996,0.58,3,1.803,0.333,嗯，我要。
02bca108226a440cb3949ecdd54907fe.wav,green,全部指标达标,4.736,-13.139281610999642,0.9900000095367432,0.0,0.7076271186440678,37.724995613098145,0.98,10,2.111,0.1,一只绿色的鸟名叫多尔。
02cee796a91149df8be7708c54af287d.wav,green,全部指标达标,2.56,-25.884124714355853,0.3683614134788513,0.0,0.5234375,31.79083824157715,1.34,7,2.734,0.286,发给我那个那个。
02f5cb5fd2c34d5aa9e0e191131aa922.wav,green,全部指标达标,9.6,-23.721620179902377,0.8446118831634521,0.0,0.66875,28.297414779663086,1.7,26,2.708,0.077,但是广发一个很丑的广西人，他的名字叫张雅欣，然后唱啊趴车。
03034c225740476d9743c817402c8b85.wav,green,全部指标达标,2.048,-24.707697919060404,0.521729588508606,0.0,0.6274509803921569,24.26873207092285,0.46,5,2.441,0.2,红色沙漠之。
031f23ef837d4b838cb6b2db6e8fda02.wav,red,ASR 字数过少 (1 字),3.712,-24.73686751248792,0.3015199303627014,0.0,0.5459459459459459,25.86876392364502,1.48,1,0.269,1.0,嗯。
035fd48b74c9400e822739b5a9e758a9.wav,yellow,语速=0.92,2.176,-26.402293226111215,0.3256206214427948,0.0,0.46296296296296297,31.477043628692627,1.0,2,0.919,1.0,谢谢。
03809b9a136642f99daf4ddd68504ae0.wav,green,全部指标达标,2.432,-21.229908034285142,0.5144299268722534,0.0,0.5206611570247934,33.161330223083496,0.86,5,2.056,0.2,我那个小落。
039c2b8a8d4a40b7ae2f459dee0c4f41.wav,yellow,语速=1.45,3.456,-24.204042781493122,0.49756374955177307,0.0,0.6395348837209303,29.91833209991455,1.4000000000000001,5,1.447,0.4,Hello.
03a8e593afe841bf9515e9ff88c9c617.wav,green,全部指标达标,2.56,-21.312852247237196,0.8523410558700562,0.0,0.7734375,26.67144775390625,1.96,8,3.125,0.125,嗯，莫俊熙谈恋爱了。
03ace7ee9dd2415681477aaaedff7d27.wav,red,ASR 字数过少 (0 字),7.552,-38.53963068061915,0.12617452442646027,0.0,0.042440318302387266,35.22749423980713,0.32,0,0.0,0.0,
03aee70090f644e9ab6f41496203c187.wav,green,全部指标达标,1.92,-22.02259452295211,0.9305871725082397,0.0,0.59375,30.46499729156494,0.5,4,2.083,0.25,煞猪铁瘦。
03ded72b2a204539be9971d0b520a9cb.wav,yellow,语速=1.04,1.92,-23.570048964509795,0.3400258421897888,0.0,0.4479166666666667,29.862167835235596,0.48,2,1.042,0.5,天气。
03e1a724c44c44d4b42102569cc3ce94.wav,green,全部指标达标,3.712,-22.610192452439293,0.741159975528717,0.0,0.5945945945945946,33.98869276046753,2.1,9,2.425,0.111,啊，把它变成一个萝卜。
03f11c2a4e5e424fbc804135101a75f2.wav,green,全部指标达标,1.92,-23.00951341652409,0.6910872459411621,0.0,0.4270833333333333,33.813321590423584,0.7000000000000001,3,1.562,0.333,孙尚香。
040f2f990a4b4cdc8d1003daeeea9d4b.wav,green,全部指标达标,2.048,-15.03077509401418,0.7857524752616882,0.0,0.7450980392156863,33.26317071914673,0.88,5,2.441,0.4,这个拜拜了。
0436c295773a45fe9efffd9a37ff86f2.wav,yellow,VAD=36%; 语速=1.30,2.304,-26.844407333520767,0.3849266767501831,0.0,0.3565217391304348,31.296241283416748,0.48,3,1.302,0.333,变好看。
0437a8a403be462b9b0b37fd2a8ccfc8.wav,green,全部指标达标,4.224,-30.324154937551434,0.2617931663990021,0.0,0.4786729857819905,20.965497493743896,0.84,12,2.841,0.083,第五，人格是首胜，游戏没了呢。
043c62b44a654fce8bacc32a2f647398.wav,green,全部指标达标,5.12,-23.947309919823738,0.8887633085250854,0.0,0.4765625,28.26061248779297,0.9400000000000001,9,1.758,0.111,打开POKI小游戏。
044fd7a9a00c498e94b622a9c1bab644.wav,green,全部指标达标,3.2,-26.631510414376184,0.3306010365486145,0.0,0.4375,30.282633304595947,0.8200000000000001,6,1.875,0.167,世界走富是谁？
0452b725f5894e55b644580d060f6770.wav,green,全部指标达标,2.304,-23.42128754894324,0.3536086678504944,0.0,0.7913043478260869,25.56885004043579,1.34,5,2.17,0.4,舅舅的儿子。
0492fd60287242c4813da10ab352719d.wav,green,全部指标达标,7.808,-31.977340039609857,0.262851357460022,0.0,0.45897435897435895,23.1721830368042,0.84,22,2.818,0.091,挺好，鼻孔很大，头发很短，戴着眼镜，他的名字叫鲍子来。
049e658f1a1046ad9b601ae173ad5e87.wav,green,全部指标达标,2.944,-31.50414662671956,0.15663298964500427,0.0,0.47619047619047616,24.646480083465576,0.6,7,2.378,0.286,你是等于你这人。
04a585ac75e7446ca8a8dc93f30a9dfe.wav,green,全部指标达标,4.48,-22.66789498906386,0.48521530628204346,0.0,0.7410714285714286,30.082120895385742,2.12,7,1.562,0.286,加速加特林。于是。
04bf0c8d4dc5431584a1011d788038f0.wav,green,全部指标达标,3.456,-24.568832629634603,0.2924558222293854,0.0,0.6744186046511628,30.060980319976807,2.08,7,2.025,0.143,我你手机看一下。
04f8ed5ac38b42c993f3592b041fb918.wav,yellow,语速=0.76,3.968,-26.120249693213808,0.38068604469299316,0.0,0.5202020202020202,23.754100799560547,1.78,3,0.756,0.667,画画机。
04fc27614bc74c9db79373a2c994479c.wav,green,全部指标达标,5.504,-14.715158445215362,0.8024595975875854,0.0,0.9236363636363636,32.82598257064819,4.94,9,1.635,0.111,把鸡蛋下面的好奇怪。
05440fc9d1974575b758f77e8d8af8e7.wav,orange,VAD 占比低 (3%),2.56,-49.28068643326041,0.041247423738241196,0.0,0.03125,17.545619010925293,0.08,2,0.781,0.5,十六。
0555b0a95ccb46b29eef8ecb220f68b8.wav,yellow,VAD=36%,1.92,-22.38943031563862,0.7805107235908508,0.0,0.3645833333333333,37.55293369293213,0.56,3,1.562,0.333,当时没。
0583c532e7c64ee5a4a555d2249430d7.wav,green,全部指标达标,6.016,-23.93243956892477,0.48086783289909363,0.0,0.6933333333333334,28.502328395843506,1.6600000000000001,17,2.826,0.118,原神，一个红白中分，旁边有一个躲住的人。
058516c8a2394db4b52d348ecef326c2.wav,green,全部指标达标,2.56,-25.784838298022045,0.3071216344833374,0.0,0.578125,30.666930675506592,1.42,5,1.953,0.2,他我的名字。
05ab374044d8403b86e002e88c784351.wav,green,全部指标达标,2.176,-25.067616068205666,0.36809056997299194,0.0,0.6851851851851852,26.952333450317383,0.78,6,2.757,0.167,从这个方往始。
05b52c11f6eb4ab69040f1196e4d426e.wav,yellow,语速=1.42,4.224,-20.037081600740677,0.8924534320831299,0.0,0.7677725118483413,31.914563179016113,1.52,6,1.42,0.167,青楼饺子沙拉。
05cf2079b37542459300423f7e57bfd3.wav,green,全部指标达标,1.536,-26.248922259455863,0.33820104598999023,0.0,0.5131578947368421,31.21941089630127,0.78,3,1.953,0.333,感谢你。
05d36e002f3a46bea28a558643eb3af8.wav,green,全部指标达标,2.816,-22.375258304608735,0.44281017780303955,0.0,0.7071428571428572,30.536983013153076,1.02,9,3.196,0.222,春眠不觉晓，处处闻书。
05f5ad3fbf4942929d15722639e1c999.wav,red,命中幻觉黑名单 '关注',7.04,-33.26307930598092,0.16930176317691803,0.0,0.34375,24.79461908340454,0.78,18,2.557,0.167,行，现在那个关注的情况主要那个还关这个。
062250e86c2a44a2ac4e797289a6dbfa.wav,green,全部指标达标,2.304,-25.12603490733456,0.2984878420829773,0.0,0.5217391304347826,31.783690452575684,1.2,6,2.604,0.167,介绍一下校长。
063f209922ed4424947d23d245e7071c.wav,orange,VAD 占比低 (13%),8.448,-41.0133198403032,0.13376593589782715,0.0,0.13033175355450238,21.27690553665161,0.38,11,1.302,0.091,你觉得我是个怎么样的人？
065c7bc895ee425ba4e5340f180f35db.wav,green,全部指标达标,1.92,-24.30114059655616,0.3155399560928345,0.0,0.59375,30.941357612609863,1.12,4,2.083,0.25,我的梦剑。
0666aafee7a54f7c9da173235e781fb3.wav,green,全部指标达标,5.504,-20.561614795818404,0.9900000095367432,0.0,0.4763636363636364,35.494961738586426,1.54,10,1.817,0.1,龙把一辆汽车扔了好远。
0701035b3a1543678be164132f8b9170.wav,green,全部指标达标,8.704,-21.96930385919673,0.6441059112548828,0.0,0.5379310344827586,34.600820541381836,1.16,18,2.068,0.056,好，有一个人把理想汽车的底盘当做了汉堡。
07088918b3ef4c06934b4f9eef96e89d.wav,green,全部指标达标,2.176,-24.88086471195055,0.30503445863723755,0.0,0.5555555555555556,31.611790657043457,0.74,7,3.217,0.143,深圳移动不公平。
070b0f245b97430d9427690e94e366d2.wav,green,全部指标达标,1.792,-19.720956858782884,0.8143162727355957,0.0,0.6853932584269663,39.03780698776245,1.18,3,1.674,0.333,苦力棒。
071a1277ce79469ea52113d22c3bdb26.wav,red,ASR 字数过少 (1 字),4.48,-24.436834418180204,0.4197957515716553,0.0,0.7321428571428571,29.423279762268066,3.22,1,0.223,1.0,放。
071edfae8e3e43f3a8f284624b650d22.wav,yellow,VAD=39%; 语速=1.30,1.536,-17.95573454678481,0.9589146375656128,0.0,0.39473684210526316,46.53717517852783,0.54,2,1.302,0.5,我买。
072a87e4736341f98d190ddbaf32e4ef.wav,yellow,语速=1.38,2.176,-23.998787865178596,0.35113054513931274,0.0,0.4722222222222222,28.758821487426758,0.6,3,1.379,0.333,哎，高达。
073dc7d8a1814a95a9009393b3361c07.wav,yellow,语速=1.46,2.048,-23.615036908079183,0.8304072618484497,0.0,0.5490196078431373,30.761170387268066,0.8200000000000001,3,1.465,0.333,转几圈。
075446c35f0546b7aa419dc73cdf723a.wav,green,全部指标达标,3.2,-23.168694904349138,0.5315437316894531,0.0,0.74375,32.40841627120972,2.2800000000000002,5,1.562,0.4,你刚才这你。
07647ef39ffc4166a4e5127b5997c396.wav,yellow,语速=0.56,10.624,-23.95257600402699,0.456013560295105,0.0,0.9077212806026366,26.622207164764404,6.88,6,0.565,0.167,啊，再见。嗯，我是。
076da273a027413ebadf3afecf88c35c.wav,green,全部指标达标,1.664,-20.06067899930124,0.5959421396255493,0.0,0.6987951807228916,36.21112823486328,1.16,10,6.01,0.2,现在现在条件是什么样？
07720934719d467585a4712b932daaac.wav,yellow,语速=1.30,3.072,-25.07816684689032,0.3035082519054413,0.0,0.5163398692810458,31.10260248184204,1.24,4,1.302,0.25,牛盟学校。
078753be2fe241abaeb823bc76af11f4.wav,yellow,VAD=35%; 语速=0.98,2.048,-26.9601458803338,0.31874769926071167,0.0,0.35294117647058826,31.14659547805786,0.36,2,0.977,0.5,手指。
079702522e94427b9b8159e560e3bf41.wav,green,全部指标达标,3.712,-22.845196585979824,0.5691037178039551,0.0,0.4540540540540541,33.337860107421875,0.34,7,1.886,0.143,女性的变态照片。
07c65fac43f54a67b1b671a58abf06c5.wav,yellow,VAD=23%; 语速=0.62,3.2,-28.410409397488444,0.3625342845916748,0.0,0.23125,30.62307834625244,0.4,2,0.625,0.5,马桶。
07def9be4aa14e39b73dcbfcf131c0d1.wav,green,全部指标达标,2.56,-25.265337655759264,0.30608609318733215,0.0,0.5546875,27.361915111541748,0.9400000000000001,5,1.953,0.4,时间子爷爷。
07eabef238d9423a8429767e3c23e3ed.wav,yellow,语速=1.42,2.816,-24.950464973003005,0.5038706064224243,0.0,0.5714285714285714,35.461769104003906,1.56,4,1.42,0.25,哦，我想用。
0817e363c8764f7297343250ac31ff6c.wav,yellow,VAD=22%,3.712,-40.98919305736778,0.08556240051984787,0.0,0.21621621621621623,14.909954071044922,0.34,11,2.963,0.182,想要安心一点，不要打搅我。
081e2d6d5eb3415abe3e6685cf03135d.wav,green,全部指标达标,1.664,-21.600094412778788,0.5503774881362915,0.0,0.6265060240963856,40.32889366149902,0.98,5,3.005,0.2,我都跑掉了。
081e7177fe0d420f94a9dab5a9fc79e0.wav,yellow,语速=1.35,3.712,-25.314130242632874,0.4290652573108673,0.0,0.5297297297297298,25.104329586029053,0.96,5,1.347,0.2,知道开四区。
08afad72e5e34e42a5d9fad4c3aaf787.wav,yellow,VAD=40%; 语速=0.98,3.072,-27.419428578593052,0.27366378903388977,0.0,0.39869281045751637,30.043351650238037,0.84,3,0.977,0.333,嗯，故意。
08c2a17f0c024cb0994c94a47ec4e1c2.wav,green,全部指标达标,4.352,-24.326626145459286,0.3264196217060089,0.0,0.6221198156682027,26.21851921081543,1.24,13,2.987,0.154,中国人是世界上最诚实的人物。
08f06a39b6054989bfff75b3932335a0.wav,red,音量过低 (-52.6 dB),3.456,-52.57195242876831,0.02151481993496418,0.0,0.0,-inf,0.0,0,0.0,0.0,
08f7729240834c12a8bb0cc14dd4c0af.wav,yellow,VAD=37%,4.224,-24.526916240430566,0.8763892650604248,0.0,0.3696682464454976,30.70735454559326,0.54,8,1.894,0.125,就差一个媳妇干么？
090250af3a87494eb96f41782ba2e868.wav,yellow,VAD=35%,4.864,-31.00795533918571,0.2560311555862427,0.0,0.35390946502057613,25.809800624847412,0.64,9,1.85,0.111,小鸟会撞到玻璃上吗？
09140f32b10d43b7af2e0f5a1c117f4d.wav,red,ASR 字数过少 (1 字),1.92,-31.716002260233363,0.21723656356334686,0.0,0.375,28.33090305328369,0.66,1,0.521,1.0,对。
0917c4ca6c96424da09c70468e191060.wav,green,全部指标达标,4.352,-24.071874571302246,0.339180588722229,0.0,0.663594470046083,28.825037479400635,2.58,14,3.217,0.143,我今天跟我同学吵了一架，好像哦。
09301909ccbd4d8482d25b5092a3441b.wav,red,解码失败: ,0,-100,0,0,0,nan,0,0,0,0,
093edbed86774ff5a77d80f1a3d6b530.wav,yellow,语速=1.05,13.312,-20.6035311067895,0.9262029528617859,0.0,0.8030075187969925,26.353580951690674,2.66,14,1.052,0.357,聪明哦，爸比去，爸爸比爸爸比去哦。
094ed625fad4426e91bffc6b8cd7549b.wav,green,全部指标达标,2.176,-24.902548435729873,0.3801726698875427,0.0,0.7592592592592593,26.67353868484497,1.06,8,3.676,0.25,二、多少时二氧化碳？
09539ef95c76492da35cd39268eebf8e.wav,yellow,语速=1.02,2.944,-27.17434386492288,0.2794766426086426,0.0,0.40816326530612246,31.049888134002686,0.6,3,1.019,0.667,送送你。
096e7f2308e849c28cc946c1005e6747.wav,green,全部指标达标,5.632,-23.09807797936555,0.36926326155662537,0.0,0.6725978647686833,26.62440538406372,2.94,18,3.196,0.056,我要看斗罗大陆里面的海神唐三川米之名。
097533095a53437cb38aef3a1a30fccf.wav,yellow,VAD=38%; 语速=1.04,3.84,-24.33680359570164,0.4313391447067261,0.0,0.375,38.169989585876465,1.04,4,1.042,0.25,云想汽车。
098b7cf731b64d14b19270158a7b9f6c.wav,yellow,语速=1.17,2.56,-26.120908916992164,0.405206561088562,0.0,0.453125,28.69204044342041,0.42,3,1.172,0.333,春云霞。
099bdc02794743a28d9c6d5af8a59f51.wav,red,音量过低 (-52.1 dB),5.12,-52.095040755291805,0.052598610520362854,0.0,0.0234375,27.849690914154053,0.12,0,0.0,0.0,
09adcd4eb41b4e43b981a5e6313cf0f3.wav,red,解码失败: ,0,-100,0,0,0,nan,0,0,0,0,
09c6088a0b524af5a4e1e69312baf7ab.wav,yellow,语速=1.49,2.688,-21.08099800907297,0.8771507143974304,0.0,0.7313432835820896,38.387272357940674,1.4000000000000001,4,1.488,0.25,文重美丽。
09cd021e8d2a4f8a911eb8ac3ff767a2.wav,green,全部指标达标,2.944,-24.796397572331898,0.452343225479126,0.0,0.5578231292517006,33.05441617965698,1.3800000000000001,7,2.378,0.286,我不知道你么？我。
09d670488a6a4fb5896dbb4ae90ff505.wav,orange,重复字 60%: 哎哎哎，你好。; VAD 占比低 (9%),3.2,-45.183860433691635,0.06551109254360199,0.0,0.09375,12.419780492782593,0.08,5,1.562,0.6,哎哎哎，你好。
09dae229bf8549b5b7a713a2e7774634.wav,orange,VAD 占比低 (6%),2.944,-47.145266181837755,0.050963014364242554,0.0,0.061224489795918366,14.354643821716309,0.1,6,2.038,0.167,但如果是换了。
09dc0fa893904550b6720a57ccb01d5b.wav,yellow,语速=1.36,2.944,-21.392741354822974,0.3486785292625427,0.0,0.6938775510204082,32.63610124588013,0.9,4,1.359,0.5,乔布姐姐。
09e991137b1f41e4a4928a28ba084a96.wav,green,全部指标达标,2.816,-25.59921020176956,0.34037578105926514,0.0,0.5,30.35546064376831,1.32,8,2.841,0.25,来呀来呀，投棒美以。
09eef2aad11542c4a7c1532e73cc465d.wav,yellow,VAD=30%; 语速=0.82,2.432,-28.352168346096644,0.3652411103248596,0.0,0.2975206611570248,37.016568183898926,0.72,2,0.822,0.5,僵尸。
09fb801770db48729d74876026f160b6.wav,green,全部指标达标,3.2,-26.444614711411873,0.43462705612182617,0.0,0.59375,28.940308094024658,1.8800000000000001,5,1.562,0.2,啊，没有坐春。
0a05787ee41342679d0aa8432cf8a075.wav,yellow,VAD=29%,4.736,-32.3058949472009,0.21798573434352875,0.0,0.288135593220339,32.07544565200806,0.7000000000000001,10,2.111,0.1,嗯，你做一个自我介绍吧。
0a05bd192936498abd29d2857362c3b0.wav,green,全部指标达标,1.792,-17.462954973777407,0.7022783160209656,0.0,0.5617977528089888,37.85855531692505,0.92,4,2.232,0.5,你妈妈的。
0a0a74ddbbf849c58d9a4ca7d9486329.wav,green,全部指标达标,1.536,-15.30488729167175,0.9900000095367432,0.0,0.47368421052631576,48.12434673309326,0.66,4,2.604,0.25,等于十二。
0a4100772433464d9972721c340fb247.wav,yellow,VAD=39%; 语速=1.30,2.304,-30.93197495041852,0.16345755755901337,0.0,0.391304347826087,23.47633123397827,0.72,3,1.302,0.333,你好啊。
0a4872712e344391aaa857ba1019ca6d.wav,green,全部指标达标,5.76,-23.169881484931445,0.6932089328765869,0.0,0.7986111111111112,28.61588954925537,1.82,15,2.604,0.2,我要吃可饭，我好啊来我们玩这这行。
0a774118677f41c8ad60f5f5c8c827b1.wav,green,全部指标达标,5.12,-19.78782628471178,0.811310350894928,0.0,0.71875,31.981849670410156,1.7,12,2.344,0.083,给我画一个关比心仪的房筝。
0a900aa122a941e69106063c7302f562.wav,green,全部指标达标,3.328,-24.016274149837518,0.4958205819129944,0.0,0.6807228915662651,30.09894609451294,1.32,8,2.404,0.125,我看到了马桶垃圾。
0a9e3417fb2244b9a653daf6476e2f45.wav,green,全部指标达标,1.92,-21.65188555227813,0.5335613489151001,0.0,0.6770833333333334,32.54727363586426,0.8200000000000001,5,2.604,0.2,你个老乐子。
0aa8a199c1714b869a44c2ab3e31b849.wav,green,全部指标达标,3.84,-22.62049171613926,0.6504972577095032,0.0,0.7864583333333334,29.966437816619873,2.7800000000000002,6,1.562,0.167,校园会的传说。
0ae0c87f14a740978160e6be96c77400.wav,yellow,VAD=22%,4.256,-37.85959727004199,0.176025390625,0.0,0.2169811320754717,19.965105056762695,0.4,12,2.82,0.167,想是你说花儿为什么这么红。
0af2fc709ed84eae94182f5562e17b28.wav,green,全部指标达标,1.92,-15.98487186215319,0.8450191020965576,0.0,0.8333333333333334,33.16335201263428,0.86,7,3.646,0.143,不要急这个就学。
0b010c0ae4404bacb7457beca5f1af02.wav,yellow,VAD=37%,1.408,-25.909333430849305,0.5506833791732788,0.0,0.37142857142857144,27.21498966217041,0.4,4,2.841,0.25,哦，你是我。
0b05fffe9ddf4ec3a0c5798f2edb6659.wav,orange,VAD 占比低 (4%),6.784,-45.12574797129943,0.12067714333534241,0.0,0.04129793510324484,23.422865867614746,0.26,4,0.59,0.25,大力超人。
0b145eb454db42c29f3041e20ae658d1.wav,yellow,VAD=21%,3.68,-38.63206641776082,0.162109375,0.0,0.21195652173913043,17.604472637176514,0.34,10,2.717,0.2,你是不是个很聪明的人？
0b177f3951184eac880867d0093647f9.wav,yellow,语速=1.12,1.792,-23.965985068682443,0.32600730657577515,0.0,0.550561797752809,35.3334641456604,0.98,2,1.116,0.5,高郎。
0b1903225f5246e09453505b90c0c246.wav,green,全部指标达标,6.4,-24.594256505878352,0.5456979870796204,0.0,0.509375,29.24365997314453,0.8200000000000001,14,2.188,0.143,小天，我今天晚上弄死你那那这个。
0b4051317d714f83b2017feea11bf588.wav,green,全部指标达标,3.456,-24.757122139213934,0.3328295350074768,0.0,0.622093023255814,28.28688383102417,1.42,10,2.894,0.1,豪氏鸭脖鱼哪些菜好吃？
0b43dd264de8445990cc9078cfba103e.wav,red,ASR 字数过少 (1 字),1.408,-23.01387416323383,0.8258872032165527,0.0,0.34285714285714286,34.75559949874878,0.4,1,0.71,1.0,啊。
0b45753fd34b42dda11fd88750b5284e.wav,yellow,语速=1.37,7.296,-23.49507591047203,0.8384650945663452,0.0,0.47527472527472525,33.171701431274414,1.54,10,1.371,0.2,我要吃安眠药，我要自杀。
0b5f466164e34f2cb245ceb4020591d3.wav,green,全部指标达标,2.944,-23.59392857247603,0.4666662812232971,0.0,0.6598639455782312,35.45658826828003,1.8800000000000001,6,2.038,0.167,美人鱼在脑袋。
0b6251ca139b40018545f38390bb2535.wav,green,全部指标达标,4.096,-26.65864311947285,0.5489885807037354,0.0,0.6176470588235294,27.093822956085205,1.94,7,1.709,0.286,你先说我心疼你。
0b6580be546041e6b2992182a9b2cf7b.wav,green,全部指标达标,4.096,-23.401686829892622,0.41387397050857544,0.0,0.8235294117647058,28.384459018707275,2.42,10,2.441,0.1,不用我一张，再代表两份。
0b7e6b2cdf83419882965d6e7e2201b4.wav,orange,VAD 占比低 (4%),6.912,-44.79817082379495,0.10341086983680725,0.0,0.043478260869565216,17.768701314926147,0.18,14,2.025,0.071,我们国家什么时候有核动力截体？
0b87f1c5e67740deb0524919d124c045.wav,yellow,VAD=39%; 语速=0.87,2.304,-23.18150138592963,0.7274371385574341,0.0,0.391304347826087,38.949782848358154,0.9,2,0.868,0.5,三语。
0b8c3b3d3c904ced93d156c34afec64a.wav,green,全部指标达标,12.416,-22.068914712307862,0.9463490843772888,0.0,0.6854838709677419,27.540225982666016,1.22,52,4.188,0.077,嗯，如果幺幺四六和红细胞三八零三结婚会怎么样呢？或者他们没结婚，谈恋爱会怎么样呢？而且三八零三号白红细胞是个鹿盲。
0b9ebe9072d64021813865cbecc94457.wav,yellow,语速=0.87,2.304,-23.98814437157112,0.3098944127559662,0.0,0.5565217391304348,37.777206897735596,1.26,2,0.868,0.5,因为。
0ba53b1997304f0288a2cedcd76b81ae.wav,red,ASR 字数过少 (0 字),2.432,-19.437744906530092,0.7223433256149292,0.0,0.5371900826446281,38.109238147735596,1.16,0,0.0,0.0,
0ba8c0eb52574ebdb3516c4ae64bfda3.wav,green,全部指标达标,3.84,-26.49176760783063,0.3445620536804199,0.0,0.5260416666666666,27.54063844680786,0.62,6,1.562,0.167,薯条demo.
0bafaaad56c64514b0676659c24204cb.wav,green,全部指标达标,3.968,-27.341083051727637,0.25782471895217896,0.0,0.5707070707070707,26.41791582107544,0.78,12,3.024,0.083,我被老师骂了一下后，他真是。
0bb1e8991d314a089ba92214f202d6c0.wav,yellow,语速=1.30,2.304,-24.776160047382465,0.46458637714385986,0.0,0.4782608695652174,28.216097354888916,1.02,3,1.302,0.333,美人鱼。
0be81a88b7794f82a9f9b55c5e852d2e.wav,yellow,VAD=36%,2.688,-30.812773941478355,0.18543332815170288,0.0,0.3582089552238806,28.30545425415039,0.52,6,2.232,0.167,这个人是谁呀？
0c1ef625408c48a1add98cd0a4684f84.wav,green,全部指标达标,1.536,-18.429244728900315,0.9900000095367432,0.0,0.5131578947368421,39.761385917663574,0.76,3,1.953,0.333,游乐场。
0c2635ed487e4498a4209765bd58297d.wav,green,全部指标达标,3.456,-24.285854450143198,0.3517807126045227,0.0,0.7325581395348837,26.103155612945557,1.52,9,2.604,0.111,宠狗也要讨蛋的，再见。
0c4b1eccb52d408ab9e6d51e0106eef9.wav,orange,重复字 43%: 嗯，你好你好，你好。,2.816,-32.00455588024915,0.27798381447792053,0.0,0.2785714285714286,30.294651985168457,0.56,7,2.486,0.429,嗯，你好你好，你好。
0cbab3323bf0436e8cdf0dc98989b59d.wav,green,全部指标达标,2.944,-27.598056824503775,0.2537698745727539,0.0,0.5510204081632653,29.194531440734863,1.3,10,3.397,0.1,我们学校有什么厉害的？
0cc1f760f6284eb6a0df281400dc810a.wav,green,全部指标达标,2.304,-21.7705579219073,0.5928614139556885,0.0,0.6869565217391305,36.817336082458496,1.58,5,2.17,0.2,张玉晴，咱俩。
0ccc27f80dfb43a88bb3045af2a3b4c8.wav,green,全部指标达标,1.664,-26.19157086560486,0.32176151871681213,0.0,0.5180722891566265,27.772395610809326,0.24,5,3.005,0.2,在么星期四？
0cd97240c2e14f5da7187c393c434b00.wav,green,全部指标达标,3.072,-24.21393613173496,0.3188616633415222,0.0,0.5359477124183006,29.633028507232666,0.76,7,2.279,0.143,盗墓笔记铁三角。
0cdc97ac8fa04f23a7994eab3f377045.wav,green,全部指标达标,2.304,-33.378380126534495,0.12181621789932251,0.0,0.7304347826086957,17.338846921920776,1.04,11,4.774,0.364,好啊，你好啊你好啊。你好啊。
0ce2ce4fef0442fbae2cbc8b3fc1de4f.wav,green,全部指标达标,2.688,-25.882414375371148,0.3066374659538269,0.0,0.5373134328358209,29.739456176757812,0.64,5,1.86,0.2,嗯，九幺七八。
0d051a1ef31c4784a1746fb07db9330a.wav,yellow,VAD=37%,2.432,-31.624656544542628,0.18049848079681396,0.0,0.371900826446281,29.42911148071289,0.66,4,1.645,0.25,暴露处理。
0d12c457a6604a1ba2f106e0efe91876.wav,green,全部指标达标,5.504,-22.321032749917734,0.5749515295028687,0.0,0.8618181818181818,25.60039758682251,1.7,14,2.544,0.071,请给我写一首关于中秋的啊爸妈。
0d3297240a654034b9ec45e7c58a0cef.wav,green,全部指标达标,3.584,-13.764950630519923,0.8837947845458984,0.0,0.9106145251396648,35.512733459472656,2.6,7,1.953,0.143,怕什么了？来我们。
0d3496ad85c04b338d069218a1239f0b.wav,green,全部指标达标,2.56,-16.050455121426552,0.9753072261810303,0.0,0.6796875,36.590073108673096,1.16,5,1.953,0.4,猪变城宝宝。
0db7c30e81e14aa4a5233c48afeed178.wav,green,全部指标达标,2.816,-28.050299707868895,0.2804971933364868,0.0,0.45714285714285713,29.773836135864258,1.24,7,2.486,0.143,一个哈斯在国民。
0dcf038c28a941bca108f669da9aeb06.wav,green,全部指标达标,2.048,-30.643328976513633,0.29232364892959595,0.0,0.46078431372549017,30.41776180267334,0.78,5,2.441,0.2,爸再来一遍。
0dee49e2ea8548e08769ea032b9ed361.wav,green,全部指标达标,6.528,-14.586095113968888,0.9744611382484436,0.0,0.9233128834355828,39.66205835342407,5.82,16,2.451,0.125,这是什么办呀？谁说说我真拿着鸭子看。
0dfe480af9f74605a18813377cdf689c.wav,green,全部指标达标,2.688,-26.57578278525396,0.30797797441482544,0.0,0.6343283582089553,26.195743083953857,1.42,7,2.604,0.143,被打了身上的手。
0e2237b9dd2f476ab792a7cf5b0dae8d.wav,green,全部指标达标,3.584,-24.545508643422906,0.2947847247123718,0.0,0.5921787709497207,30.12115716934204,1.18,9,2.511,0.222,有没有个位数的耳机？
0e3f8f4f3c6047f181059082b8cb2342.wav,yellow,VAD=31%; 语速=1.49,2.688,-25.765896979522584,0.2849188446998596,0.0,0.31343283582089554,34.863178730010986,0.52,4,1.488,0.25,猫咪动物。
0e40577dd1c24156aa65d891462a46fc.wav,green,全部指标达标,2.56,-29.402757844935007,0.2822312116622925,0.0,0.40625,25.902245044708252,0.48,7,2.734,0.286,哦，小猫喝，我喝茶。
0e6b5c809d8448f9b46baa215ee0cb9e.wav,green,全部指标达标,2.688,-25.323811840318456,0.7816644906997681,0.0,0.48507462686567165,36.21333122253418,1.3,5,1.86,0.2,大微贷两者。
0e94089c6f2b4c828144b6aaed78e01a.wav,green,全部指标达标,3.072,-28.76605764211323,0.301424503326416,0.0,0.6666666666666666,24.161906242370605,0.9,10,3.255,0.1,东成，一个男子在看抖音。
0e94d8a60abb4021bf7d0463e12fde38.wav,green,全部指标达标,2.56,-22.00932212032942,0.46993911266326904,0.0,0.765625,28.286967277526855,1.1,7,2.734,0.143,真的有一山预景？
0eccd1d282b94517b1ee5f57438f4f07.wav,green,全部指标达标,5.504,-29.133559402872407,0.30001673102378845,0.0,0.4727272727272727,32.611210346221924,2.5,13,2.362,0.077,请介绍一下源自银创科技有限。
0edc5b883776437cb3ec19985d7b3634.wav,green,全部指标达标,2.176,-17.698828311564267,0.8294087052345276,0.0,0.5925925925925926,36.89014673233032,0.96,5,2.298,0.2,蛇腰白素贞。
0ee8e4a7f5014708aeab3a1d1c7e47d9.wav,green,全部指标达标,3.2,-21.70113974493002,0.46228188276290894,0.0,0.7875,29.55432653427124,1.7,7,2.188,0.143,一个凤凰怀孕了。
0ef4dff9276c432ead47b31d92843b7d.wav,green,全部指标达标,2.56,-23.14016887591506,0.3848766088485718,0.0,0.6640625,32.35809803009033,1.34,6,2.344,0.333,全斗战战斗机。
0ef6e3d23edc4f8cb73b6459f001679e.wav,green,全部指标达标,2.048,-23.368000419652617,0.3174666166305542,0.0,0.696078431372549,26.2083101272583,0.54,7,3.418,0.286,你是你是傻逼吗？
0ef987eded624983962f960ff43b209f.wav,green,全部指标达标,2.304,-23.728396212916437,0.49439096450805664,0.0,0.591304347826087,28.264410495758057,0.84,5,2.17,0.2,别动，苦狸怕。
0f0580939ef943aebb430e34aa0504ec.wav,red,ASR 字数过少 (0 字),2.304,-27.01967894001477,0.33605608344078064,0.0,0.4,25.905323028564453,0.62,0,0.0,0.0,
0f269864b1174690835a1e08382d535c.wav,green,全部指标达标,3.456,-23.107135433520266,0.45843473076820374,0.0,0.75,24.883441925048828,0.74,8,2.315,0.125,画一个露胸大美女。
0f309f0127fa4c16bceb9ad5a7700b18.wav,green,全部指标达标,2.432,-26.066076000618466,0.4178205132484436,0.0,0.5454545454545454,24.98044729232788,0.54,6,2.467,0.167,听上去哦，瑞头。
0f3b88fe1f8a4ea4b34def56ece60295.wav,green,全部指标达标,2.944,-22.05681533660616,0.3350783586502075,0.0,0.8571428571428571,29.017446041107178,1.96,9,3.057,0.222,我觉得我的你的那个。
0f4a801289f347ee8929fa81a2d804ec.wav,green,全部指标达标,2.688,-19.465109769489388,0.5899970531463623,0.0,0.7388059701492538,34.247539043426514,1.6,9,3.348,0.111,我的世界幻影人拉扯。
0f51b3cc2638439baffd4438036af90e.wav,green,全部指标达标,3.84,-23.265760197555355,0.46025940775871277,0.0,0.4114583333333333,32.74518966674805,0.66,7,1.823,0.143,你想one理解。
0f61de4e06554262ba8f25e9644d00b9.wav,green,全部指标达标,4.864,-24.05497073288197,0.6469808220863342,0.0,0.7119341563786008,25.09404182434082,2.08,15,3.084,0.067,小心，请帮我画一个非常漂亮的婚礼。
0f8177a31c8a47e589eda8495bbf4e07.wav,green,全部指标达标,2.432,-24.23371244975624,0.34925377368927,0.0,0.7851239669421488,27.601239681243896,1.12,6,2.467,0.167,他们没有说话。
0f88f66cae344e6889abe262097c9fbf.wav,green,全部指标达标,2.944,-22.539832354452027,0.33408674597740173,0.0,0.6190476190476191,30.092971324920654,0.86,6,2.038,0.167,死亡的陈之海。
0fa2270a4f8345fea1359a554e5fd2d7.wav,green,全部指标达标,2.56,-23.334343450443704,0.40970003604888916,0.0,0.6875,31.115691661834717,1.34,7,2.734,0.143,帮我换一辆坦克。
0fba285863994d3a907227557d8d51c6.wav,yellow,VAD=35%; 语速=1.35,3.712,-29.673632266467003,0.25698530673980713,0.0,0.35135135135135137,27.931313514709473,1.12,5,1.347,0.2,第五人二年。
0feba4eb029f44529d98ce1cef2a99a1.wav,red,ASR 字数过少 (0 字),2.304,-30.41919989042183,0.3131430745124817,0.0,0.45217391304347826,26.398472785949707,1.04,0,0.0,0.0,
1004f5f8bf9643ac8a5b39bbaed624e6.wav,green,全部指标达标,3.456,-24.225696409642374,0.3898571729660034,0.0,0.6569767441860465,27.244131565093994,1.04,10,2.894,0.1,写什么字，打着一把雨伞。
10125d26ab3c4366a584b365c04a3e9d.wav,orange,VAD 占比低 (9%),3.968,-45.768179650376126,0.07397200167179108,0.0,0.08585858585858586,14.999783039093018,0.08,9,2.268,0.111,人工智能可以打仗吗？
1023238991e24e2daad27423e219f564.wav,green,全部指标达标,4.48,-25.866023677157518,0.27570652961730957,0.0,0.6160714285714286,29.57587480545044,1.54,15,3.348,0.2,我不想活来，我不想醒过来，我想死了。
10255bbbabbe471ebe782e85085580cd.wav,green,全部指标达标,1.92,-24.584336920531804,0.8018772602081299,0.0,0.6041666666666666,30.31616449356079,0.52,4,2.083,0.5,没没人救。
10307fcd8e5b4f3f9c8206db137a8aad.wav,yellow,VAD=31%; 语速=0.82,2.432,-21.75495797144564,0.9900000095367432,0.0,0.3140495867768595,37.00662136077881,0.68,2,0.822,0.5,大便。
104d15e3b9514715bf88057201ee65a5.wav,green,全部指标达标,5.376,-18.38729043645123,0.9900000095367432,0.0,0.7723880597014925,30.279157161712646,1.3,17,3.162,0.118,马卡西老师吃什么小姐姐去偷吃拉面呢？
105430d5e56d4c549a9093e2ff429847.wav,green,全部指标达标,2.56,-22.700152221693525,0.528380274772644,0.0,0.6484375,26.043851375579834,0.9,5,1.953,0.2,我喜听人说。
105c2f07980a45bc8b51197fc90461b4.wav,green,全部指标达标,3.84,-24.44787514762796,0.30096322298049927,0.0,0.59375,27.76686191558838,1.28,10,2.604,0.2,走遇了两个饥弱的妹妹。
10629df4d5214c7384c6705a51c859c4.wav,red,解码失败: ,0,-100,0,0,0,nan,0,0,0,0,
1081e6a8cd2a4c709ccd5d8e8b11244c.wav,green,全部指标达标,1.792,-24.13622769865817,0.4557071626186371,0.0,0.5730337078651685,26.67508363723755,0.88,3,1.674,0.333,美人鱼。
1082dfc583d14486acb6348ba9add335.wav,green,全部指标达标,13.44,-27.095842762789992,0.35511714220046997,0.0,0.4166666666666667,33.526175022125244,0.86,33,2.455,0.121,你今天在老不骂了，好伤心啊。今天在老不骂了，好伤心啊，今天被老师骂了好半天。
1099464e0e3e4e99871c258236e40067.wav,yellow,语速=1.26,3.968,-22.402258344424858,0.4761984944343567,0.0,0.702020202020202,28.777966499328613,2.72,5,1.26,0.2,九至三小手。
10a84c7023604b7c84ed7980b47f50d8.wav,green,全部指标达标,6.656,-22.15035869803598,0.3995634913444519,0.0,0.9006024096385542,28.951692581176758,5.18,19,2.855,0.105,有奈所他被杀了之后呢，我就来打人打完人之。
10c83b6ebd984379897792917121b3cb.wav,yellow,语速=1.17,2.56,-23.64716471869358,0.5564955472946167,0.0,0.546875,35.68059206008911,1.34,3,1.172,0.333,千军万。
10cf8c522bdd4e13a6b159137d0ff1cd.wav,green,全部指标达标,7.424,-23.04279703295718,0.8345564603805542,0.0,0.6711590296495957,31.52992010116577,2.46,20,2.694,0.1,画一个美丽的女生，许大涵，然后呢是冰镇的头发。
10d44a4f1481457ea819844278b7aed8.wav,green,全部指标达标,1.664,-25.461472320350076,0.450438529253006,0.0,0.5060240963855421,38.52205991744995,0.58,4,2.404,0.25,那个音。对。
10d98138ee104a98bf7681b1e51856c3.wav,yellow,VAD=36%,4.352,-32.2649928871583,0.2608068287372589,0.0,0.3640552995391705,20.09885549545288,0.4,12,2.757,0.167,清空好像在下雨，而我在想你。
10e023b546f14bef86a7dd6c0583de3b.wav,green,全部指标达标,3.584,-25.219034944251,0.2862275242805481,0.0,0.5865921787709497,29.215290546417236,0.76,13,3.627,0.154,没有什么原因，就是因为想睡觉。
10edca5844794d538e20591a303d56f6.wav,red,命中幻觉黑名单 '翻译',5.504,-34.71638547784035,0.179229736328125,0.0,0.3527272727272727,19.957817792892456,0.5,13,2.362,0.154,帮我翻译，今天天气很好成英文。
1107a4fcd558426481e36c5778229ae3.wav,green,全部指标达标,1.92,-23.833095636529155,0.42297494411468506,0.0,0.6666666666666666,25.292091369628906,1.22,7,3.646,0.286,是你是哪大美女？
111573b3921d4f37a43af24abb17bdaa.wav,green,全部指标达标,2.176,-23.833675193559106,0.31040024757385254,0.0,0.6018518518518519,28.771188259124756,0.54,4,1.838,0.25,马桶铲子。
112cc33d33c44c53b0f2dda963b01480.wav,green,全部指标达标,2.432,-25.39601731764805,0.31486180424690247,0.0,0.6198347107438017,31.253862380981445,1.12,6,2.467,0.167,你是一层蟑螂。
112e192d2c8549de9ea2ae1a631be4ed.wav,green,全部指标达标,2.432,-22.633483553942064,0.3207020163536072,0.0,0.8016528925619835,27.451634407043457,1.24,6,2.467,0.333,还给你，你摸了。
1134816739a04a96acb036ae7cc57e0b.wav,yellow,语速=0.95,5.248,-21.470007311595168,0.4117894768714905,0.0,0.7442748091603053,34.371914863586426,2.46,5,0.953,0.2,是嗯你的爱。
113e7c72492f41bdbb4270219ee95cce.wav,green,全部指标达标,3.456,-23.180307617214446,0.45969724655151367,0.0,0.7674418604651163,24.60228204727173,0.9400000000000001,11,3.183,0.091,我要一只超级肥的小母鸡。
114c05d3d7cd419f86b9676fbcba5984.wav,orange,VAD 占比低 (18%),4.48,-33.978998205287525,0.17330946028232574,0.0,0.18303571428571427,34.631080627441406,0.7000000000000001,4,0.893,0.25,我爱的他。
114dfc2ef1764dfbb6ae25af3dbb785a.wav,yellow,语速=0.58,3.456,-23.610867820982037,0.9276440143585205,0.0,0.6686046511627907,26.709682941436768,1.6400000000000001,2,0.579,0.5,垃圾。
115135f42f4f45b7b889dbe87b825afa.wav,green,全部指标达标,1.536,-23.096745872702105,0.5260809659957886,0.0,0.6842105263157895,31.346886157989502,0.6,5,3.255,0.2,别离开小智。
1187ab06bf744ea19cff7d7de14bc22f.wav,green,全部指标达标,3.584,-22.15686166819353,0.8649659156799316,0.0,0.7374301675977654,28.652122020721436,1.0,10,2.79,0.1,已经生成一个假宾语这。
11a51243132445d990dd6890b594901a.wav,green,全部指标达标,2.944,-21.18727341047545,0.6246575713157654,0.0,0.5306122448979592,32.53980875015259,0.8,5,1.698,0.2,李静东老婆。
11e84a36fc854755b87f37e1b88b9704.wav,red,ASR 字数过少 (0 字),4.992,-17.374113224312616,0.9348664879798889,0.0,0.6626506024096386,33.25467824935913,1.62,0,0.0,0.0,
11fa04829cd34063a8e0145248ab3c63.wav,green,全部指标达标,3.2,-22.701340078294812,0.7706195116043091,0.0,0.53125,32.4554967880249,0.9400000000000001,6,1.875,0.167,不，学校变异了。
122ec7bda3ef40eabd83918d51abb68a.wav,green,全部指标达标,1.664,-27.255362336350487,0.3079206347465515,0.0,0.43373493975903615,25.754694938659668,0.28,4,2.404,0.5,你态变态。
1245e83a1ffe439d81c073d0ea2ac2c6.wav,green,全部指标达标,5.76,-25.532600998328814,0.4223365783691406,0.0,0.4583333333333333,30.769765377044678,0.62,13,2.257,0.154,刚生出来的小兔子在妈妈怀里。
124c29af494d427aa8865225c705062a.wav,yellow,VAD=21%,3.776,-37.47045845950033,0.17889404296875,0.0,0.2127659574468085,20.5690860748291,0.2,7,1.854,0.143,请问你是傻叉吗？
1254d9676b8f4848b9200504ed6ea7a0.wav,green,全部指标达标,2.304,-22.210115561352435,0.38761281967163086,0.0,0.6608695652173913,36.19574785232544,0.78,4,1.736,0.25,嗯，认为呃。
12611b315abf4c0b89abac3c781f0671.wav,green,全部指标达标,2.176,-24.954089052902233,0.3607928156852722,0.0,0.6666666666666666,26.27194881439209,0.62,5,2.298,0.2,幼稚版不是。
128e8162b93c4255b2a75250f646aed1.wav,green,全部指标达标,4.736,-22.79521391276646,0.4404810667037964,0.0,0.6694915254237288,30.660016536712646,1.16,8,1.689,0.125,请画一个柯南菠萝。
12a7741227ac49d080ebe3bedc422eae.wav,green,全部指标达标,5.12,-29.46126899098031,0.38908281922340393,0.0,0.40234375,23.30540418624878,0.64,13,2.539,0.077,我说，刘先生现在有什么成就吗？
12b543467e1d4a46b586747ea6c6fcfc.wav,orange,VAD 占比低 (18%),3.072,-31.633801174506594,0.21744441986083984,0.0,0.17647058823529413,32.7965521812439,0.32,6,1.953,0.333,好，妮儿你好呢。
12b7c7d58a704a5889553c2547b64327.wav,orange,重复字 50%: 花生花生花生花生花生。,3.712,-21.756680057753847,0.37450355291366577,0.0,0.7243243243243244,30.133681297302246,0.8,10,2.694,0.5,花生花生花生花生花生。
12ba145823fc4ee396a80622fe098b64.wav,green,全部指标达标,2.944,-26.01281675537254,0.315740704536438,0.0,0.42857142857142855,36.60681486129761,1.26,6,2.038,0.333,你猜猜我是谁？
12d988bbe9a346b6bcd62c0d378e7d09.wav,yellow,语速=0.98,2.048,-22.980129117577416,0.585159182548523,0.0,0.43137254901960786,31.438233852386475,0.54,2,0.977,0.5,街坊。
12e0e8bb7f4d4a79a3c8d71e2e67fb25.wav,yellow,语速=1.04,1.92,-24.23312401473396,0.5736000537872314,0.0,0.4583333333333333,30.86921215057373,0.44,2,1.042,0.5,高达。
12ec99fb25564d47acbd1c9d3e57022e.wav,yellow,VAD=39%; 语速=1.08,3.712,-14.24526287186511,0.9900000095367432,0.0,0.3891891891891892,43.267765045166016,0.78,4,1.078,0.25,草莓汽车。
1307a938434343bda6edca4d80e2d265.wav,green,全部指标达标,9.216,-26.616790448244146,0.45031386613845825,0.0,0.44782608695652176,29.17172908782959,1.42,15,1.628,0.133,含流带月沉，不尽君非疑，霜月似高寒。
13307212287347f4a6631bb60d11d597.wav,green,全部指标达标,3.584,-24.900922993817787,0.7490944862365723,0.0,0.6983240223463687,25.469112396240234,1.82,6,1.674,0.333,我哥哥想你了。
135e030513bf46408f404e5fbc03d7a8.wav,yellow,语速=0.50,3.968,-22.70439745857091,0.5749199986457825,0.0,0.7626262626262627,30.717029571533203,1.9000000000000001,2,0.504,0.5,万事。
1370c9fe2bf841d491513912d7537ac6.wav,yellow,VAD=29%,4.48,-36.89932177474327,0.1771002560853958,0.0,0.2857142857142857,19.597774744033813,0.32,10,2.232,0.1,我的心里很难受，想自杀。
1372cbf5a1d747098c25628fa1d4fe4b.wav,yellow,语速=1.45,3.456,-27.95100327160197,0.23212888836860657,0.0,0.5755813953488372,23.40824604034424,0.78,5,1.447,0.2,一个人辛苦。
13902b7d6b694788951beebb852900fb.wav,green,全部指标达标,2.304,-21.131853404359283,0.3696134686470032,0.0,0.6608695652173913,29.89325761795044,0.7000000000000001,4,1.736,0.25,马桶坦克。
1395f9d4e3e0465690ff96fc52655d61.wav,yellow,VAD=28%,3.328,-33.51587243331453,0.17944380640983582,0.0,0.28313253012048195,33.5547661781311,0.9400000000000001,6,1.803,0.167,这个是肯定要。
139f8f346f6345179d39f9496110f261.wav,green,全部指标达标,2.816,-22.532053193209897,0.3765377104282379,0.0,0.7142857142857143,27.401447296142578,1.04,9,3.196,0.222,错了流氓一万个柠氓。
14127772f485433bb7be9aaabbaccf5c.wav,green,全部指标达标,6.656,-24.945131462275857,0.34291261434555054,0.0,0.6536144578313253,25.732457637786865,1.62,10,1.502,0.1,我想应刚知道，有亲上了。
142b6e52667c43828b682ea46d7f3904.wav,yellow,语速=1.17,2.56,-13.024341608762116,0.8001625537872314,0.0,0.8984375,41.777262687683105,2.3000000000000003,3,1.172,0.333,他的一。
143f4401b8b74e698d53ea4cc5594df3.wav,red,音量过低 (-55.4 dB),5.376,-55.38437177411596,0.016076309606432915,0.0,0.0,-inf,0.0,0,0.0,0.0,
145a78cf043f47bcb7d2c728674b7547.wav,green,全部指标达标,2.432,-23.986702328454488,0.44794273376464844,0.0,0.5289256198347108,32.202863693237305,1.1,5,2.056,0.2,我想看短安。
146b74ab258341bd9dc5bc25707a7364.wav,yellow,语速=0.78,2.56,-19.173656678241034,0.9900000095367432,0.0,0.4296875,37.36539125442505,0.6,2,0.781,0.5,八个。
1484191be5934a12aba775987da178e2.wav,green,全部指标达标,3.456,-23.82075301297114,0.30525487661361694,0.0,0.5406976744186046,34.75455284118652,1.84,11,3.183,0.091,我甚至还想买一点那个云。
1485ea1888ee41d98d73a5fe68b0dd4c.wav,green,全部指标达标,2.176,-25.200983060227415,0.3556288480758667,0.0,0.5277777777777778,37.9773211479187,0.98,5,2.298,0.2,啊，他真的是。
148bc138bccc4904ac59afadbb745830.wav,green,全部指标达标,5.376,-14.994833236915833,0.9900000691413879,1.1625744047619047e-05,0.6492537313432836,36.8623948097229,1.42,13,2.418,0.077,一千四百辆理想汽车正在比赛。
14c569928b98424792688cc251fa9421.wav,green,全部指标达标,5.248,-17.217261191982026,0.9900000095367432,0.0,0.549618320610687,36.17614030838013,0.88,10,1.905,0.1,理想汽车在电梯里喷漆。
14c7774e7796434fa3547fb439d96a48.wav,green,全部指标达标,3.84,-22.986350502834508,0.34177058935165405,0.0,0.578125,28.87807846069336,1.28,6,1.562,0.167,可爱的猫神兽。
14e96e1c3aca4cb09f6c9ba713ec0354.wav,yellow,语速=1.42,1.408,-25.66952504557313,0.34352290630340576,0.0,0.4,35.153045654296875,0.32,2,1.42,0.5,动盘。
14ec6830daf64e7bb898fa311068f165.wav,red,ASR 字数过少 (1 字),1.92,-26.90069150965033,0.43938273191452026,0.0,0.53125,23.71025323867798,0.84,1,0.521,1.0,啊。
14f7e7e33e3c48e2b3699528b83339ab.wav,yellow,语速=1.12,1.792,-25.475301451710934,0.38944756984710693,0.0,0.6179775280898876,25.11308193206787,0.74,2,1.116,0.5,黄色。
150ffa476e834112a1749a54d4ab89f1.wav,green,全部指标达标,4.224,-20.996794500490306,0.42797166109085083,0.0,0.6966824644549763,31.825194358825684,1.36,10,2.367,0.2,我想要十个肌肉版妹妹。
154bbf4aff4548b7bad514668e819dc8.wav,green,全部指标达标,1.92,-26.585516010818683,0.33739686012268066,0.0,0.4166666666666667,33.34547519683838,0.6,4,2.083,0.25,哪个问题？
1554a0764ee04d658ce882ddcd457b34.wav,green,全部指标达标,2.304,-24.134734819424782,0.7909266948699951,0.0,0.5043478260869565,29.736807346343994,0.54,5,2.17,0.2,像一个小鱼。
1554c185ea71496b845cd77f413708cf.wav,green,全部指标达标,6.016,-25.32344154565562,0.3226780295372009,0.0,0.44,32.99253702163696,0.9,15,2.493,0.267,是有同学欺负我，我想我想杀了他，我。
1563228f968b43d689fe823198e67fed.wav,green,全部指标达标,1.792,-22.318647392645623,0.3674973249435425,0.0,0.6404494382022472,26.84673547744751,0.76,6,3.348,0.167,你这都是垃圾。
157372ec6b6f45a199145c18cf4bd872.wav,green,全部指标达标,3.328,-24.81289664550999,0.605792224407196,0.0,0.463855421686747,33.393709659576416,0.88,7,2.103,0.143,没有谈恋爱的人。
157890c255fe479e9a23c289c6853411.wav,green,全部指标达标,5.248,-23.391821746055996,0.5918440818786621,0.0,0.7213740458015268,26.654129028320312,2.4,15,2.858,0.133,应该这个老太太奶，我头上长了眼睛。
15d04693c8084e68b5ee53e3904da1db.wav,orange,VAD 占比低 (13%),5.888,-43.18685144656737,0.06305788457393646,0.0,0.1326530612244898,14.636098146438599,0.22,10,1.698,0.1,哦，具有未来感军事学院。
15fc3dd3ac36490885e8c71c9784cb49.wav,green,全部指标达标,5.888,-23.645493617597403,0.6327873468399048,0.0,0.6326530612244898,29.860923290252686,1.46,19,3.227,0.105,我学期数学考成绩考的太差了，我都不想活了。
161c432503ce4c5eb489463e384f448b.wav,green,全部指标达标,1.92,-24.74899527785858,0.39325207471847534,0.0,0.6041666666666666,30.088491439819336,0.96,5,2.604,0.2,小是一家人。
1625f4f1bfa549c1a6a5c03e499d6d00.wav,yellow,语速=1.42,1.408,-22.748118653134753,0.6910967826843262,0.0,0.5428571428571428,39.36141490936279,0.72,2,1.42,0.5,长了。
162c2e6a3aa34a66b06fb0f03e15bb3a.wav,green,全部指标达标,3.072,-21.537186884151318,0.3856026530265808,0.0,0.7124183006535948,32.3540997505188,1.32,5,1.628,0.4,你你个傻逼。
1631ae9e7bbb49289c03b60e090c8e24.wav,green,全部指标达标,3.328,-23.906329668758982,0.30897343158721924,0.0,0.6987951807228916,33.78194808959961,2.2,8,2.404,0.125,双年有哪几种形状？
1647c6deb5104335aaba83af7a4e5024.wav,yellow,语速=1.30,1.536,-18.81517979226255,0.7466339468955994,0.0,0.8157894736842105,74.7987699508667,1.24,2,1.302,0.5,八人。
164d60558dc944eabb2c55754ec7481f.wav,green,全部指标达标,2.304,-24.29882024251682,0.39513689279556274,0.0,0.6521739130434783,29.82652187347412,1.02,8,3.472,0.25,你知道你在说什么？
1673bf34bcff48618e96ab6f48ee2aa4.wav,green,全部指标达标,3.328,-25.239607777505277,0.38547128438949585,0.0,0.5662650602409639,32.70038366317749,1.8800000000000001,10,3.005,0.1,把他们的线程放进群中。
1689667387884bdc98e813dd73e70dd8.wav,green,全部指标达标,5.632,-21.87013213335575,0.9900000095367432,0.0,0.7864768683274022,29.998247623443604,3.3000000000000003,13,2.308,0.077,三个五响汽车的引擎盖撞坏了。
168d9eeaac544afc94447bf04deb3f39.wav,yellow,语速=1.30,2.304,-24.108357490554795,0.32182425260543823,0.0,0.591304347826087,26.0679030418396,0.72,3,1.302,0.333,十、胞胎。
16e5463e235d45bfb54fcc56f25f7451.wav,green,全部指标达标,4.352,-23.158264075113205,0.7829385995864868,0.0,0.7050691244239631,28.41327667236328,1.1,11,2.528,0.091,帮我写一篇五千字的检讨。
17151ee4000f49759cb68f80519d3ed2.wav,green,全部指标达标,5.248,-23.110823279020906,0.601288378238678,0.0,0.5305343511450382,27.692112922668457,1.94,10,1.905,0.1,理想汽车的轮胎不见了。
1716cda8e1ff494d9e4678e301597352.wav,yellow,语速=0.64,6.272,-24.114178887338788,0.8822333812713623,0.0,0.7507987220447284,28.511688709259033,4.34,4,0.638,0.25,好，他不信。
171ff0f1b1334a2db21f6a35fe228dd4.wav,green,全部指标达标,3.328,-22.895613962772995,0.7686924934387207,0.0,0.6144578313253012,29.70963716506958,0.74,9,2.704,0.222,电梯电梯还是在看吗？
17382bc55ad94fbf8c8273d9822e1634.wav,green,全部指标达标,3.584,-24.69077034704377,0.29149776697158813,0.0,0.5307262569832403,37.48821973800659,1.9000000000000001,6,1.674,0.333,我说，我是命爹。
17441dc1853c4cd884be35ddea107d4d.wav,yellow,VAD=23%,4.352,-32.64482386370057,0.4528047740459442,0.0,0.2304147465437788,24.602491855621338,0.2,10,2.298,0.1,哦，我的头被同学打破了。
175f488c82a640188a611a25cfea416d.wav,green,全部指标达标,2.688,-22.46045031168737,0.751948893070221,0.0,0.7014925373134329,27.93619155883789,1.12,8,2.976,0.25,我我想要一百块钱。
17651e4a75694092915cb7da295537c2.wav,yellow,语速=1.42,2.816,-17.119263335249887,0.9900000095367432,0.0,0.6928571428571428,33.076603412628174,1.76,4,1.42,0.25,欢迎光临。
1782898560d5479c946a62052d33a0cf.wav,red,解码失败: ,0,-100,0,0,0,nan,0,0,0,0,
179d048a27c149fcb4b7b61e135a3b13.wav,green,全部指标达标,2.176,-20.866618233508373,0.9338353872299194,0.0,0.4722222222222222,36.56631946563721,0.68,5,2.298,0.2,画一个人接。
17aa6d1bda774f69a8fa429e607d6c43.wav,green,全部指标达标,2.688,-24.84276810227559,0.2939077913761139,0.0,0.5149253731343284,31.571455001831055,1.3800000000000001,7,2.604,0.143,今天晚上吃什么？
17c4effd19e648dbad27b52be428192c.wav,green,全部指标达标,3.584,-22.684879120841263,0.44389569759368896,0.0,0.7094972067039106,37.11285591125488,2.52,7,1.953,0.143,Ak四七大作战。
17c94ff5813e41108398b9dcda348404.wav,yellow,VAD=32%; 语速=0.71,5.632,-28.32879815945536,0.2887239158153534,0.0,0.3202846975088968,33.24790954589844,0.9400000000000001,4,0.71,0.25,我要苹果。
17cbea90f0234dc089ad4172cc565c1d.wav,green,全部指标达标,4.736,-29.45078802051367,0.32435864210128784,0.0,0.4364406779661017,23.99219274520874,0.42,13,2.745,0.154,画一个在天上飞的粉色的小马。
17d0d350575a4a27ad694e7648dfb7ae.wav,green,全部指标达标,8.32,-25.50397714882225,0.4652751684188843,0.0,0.5576923076923077,26.573989391326904,1.2,26,3.125,0.115,我考试考的很差，我心情很不好，有没有什么可以让我发泄一下？
17d9927f7f1742649fa35fc6121b6de6.wav,orange,VAD 占比低 (6%),5.376,-47.177051913894246,0.08402737975120544,0.0,0.05970149253731343,15.797010660171509,0.12,11,2.046,0.091,贺娇龙醉马离世，令人痛惜。
17e796e601a949129611bf072851c767.wav,red,音量过低 (-54.6 dB),4.608,-54.619303289050265,0.027042051777243614,0.0,0.004347826086956522,15.456655025482178,0.02,0,0.0,0.0,
17ec6a0defd34889b2202a51ce15f7ec.wav,green,全部指标达标,1.92,-23.013016303513822,0.6997731924057007,0.0,0.625,32.18423128128052,1.18,3,1.562,0.333,美人鱼。
17fe3ef3eff143299bc3769d47be92c5.wav,green,全部指标达标,2.432,-15.459218610643644,0.8217560648918152,0.0,0.7603305785123967,32.91190147399902,1.24,6,2.467,0.167,哦，这个比较好。
1802727e662d433d85faecfbdacffc6f.wav,yellow,语速=0.63,4.736,-25.8059357822051,0.3536771833896637,0.0,0.7033898305084746,27.292709350585938,2.86,3,0.633,0.333,藏起来。
180f4ee3e3a34576bb9b9675a69830a5.wav,green,全部指标达标,2.304,-24.028310378242686,0.45860278606414795,0.0,0.48695652173913045,31.108345985412598,0.72,4,1.736,0.25,盗墓笔记。
1812ec54d8e0437882066c5572ad02e6.wav,green,全部指标达标,2.944,-21.64356936913513,0.9900000095367432,0.0,0.6394557823129252,31.064608097076416,1.16,8,2.717,0.125,奥特曼被绑在国内。
186c8c4162ca43d093214523fe66d8ab.wav,yellow,VAD=21%; 语速=1.30,1.536,-34.65031990555281,0.24147826433181763,0.0,0.21052631578947367,24.611260890960693,0.24,2,1.302,0.5,没有。
18d894f680104a1993fc40ce3afbfca0.wav,green,全部指标达标,2.304,-14.661594245594916,0.9900000095367432,0.0,0.591304347826087,38.86306047439575,1.1400000000000001,7,3.038,0.143,这是么呢？大狼狗。
18dff9e841614639b31badf3d5ae6475.wav,yellow,VAD=33%; 语速=1.23,2.432,-27.33365087698101,0.396242618560791,0.0,0.3305785123966942,31.960036754608154,0.44,3,1.234,0.667,粑粑书。
18f88d811c094561a92e285c79a720d2.wav,yellow,语速=1.02,2.944,-20.989342539617297,0.3755027949810028,0.0,0.7142857142857143,29.714910984039307,1.52,3,1.019,0.333,小母熊。
18f8e5442fab4348987dae5ef3fab061.wav,yellow,VAD=31%,3.584,-27.342021091782016,0.376234769821167,0.0,0.30726256983240224,34.20937538146973,1.0,6,1.674,0.333,对，反馈反馈嗯。
1900caa1518d47009ef7e25233c067c5.wav,yellow,语速=0.71,4.224,-24.846034900713946,0.44909489154815674,0.0,0.7630331753554502,26.537389755249023,1.46,3,0.71,0.333,我想孩。
1908b8c89e904b7a9a465d20a2061c4c.wav,orange,VAD 占比低 (19%),3.328,-40.590537755522085,0.09700635075569153,0.0,0.18674698795180722,14.836868047714233,0.26,4,1.202,0.5,你好你好。
191a30f368ff4d2aae6fcc0f963d62be.wav,red,音量过低 (-71.6 dB),2.048,-71.57984008980299,0.006085023283958435,0.0,0.0,-inf,0.0,0,0.0,0.0,
1923ae09229842f5af988f59d845f70c.wav,green,全部指标达标,2.176,-23.902190838689155,0.5885217189788818,0.0,0.4722222222222222,30.44712781906128,0.54,4,1.838,0.5,屠杀红红。
192bd76174f5418e9e49dc0617b390b6.wav,green,全部指标达标,2.688,-22.056233934111482,0.5116416215896606,0.0,0.7910447761194029,33.93465280532837,1.94,13,4.836,0.154,你今天食堂吃什么？饿的巴是是。
193c091913614f7fa36c5b733a243f26.wav,green,全部指标达标,2.432,-26.24514206084168,0.29764801263809204,0.0,0.5702479338842975,28.319947719573975,1.04,9,3.701,0.111,这位是你好我家老公。
1945d2da2aba415f8700a87faad24412.wav,green,全部指标达标,6.016,-22.36183895642739,0.8369103670120239,0.0,0.48333333333333334,33.07415723800659,0.8,10,1.662,0.2,我要自杀，我要吃安眠药。
19521f1242a040ada0503a53ca5db266.wav,green,全部指标达标,4.736,-22.85626758867716,0.6087005734443665,0.0,0.7542372881355932,28.423423767089844,2.72,8,1.689,0.125,你是谁？还有一嗯说。
1959fcd49e2246bc94ae933106a4dd32.wav,green,全部指标达标,2.944,-20.288361335004726,0.69899582862854,0.0,0.6666666666666666,31.612532138824463,1.24,5,1.698,0.2,光头小旭，我。
195bc0304ccc471a8138a90667854395.wav,green,全部指标达标,2.048,-22.500756603832436,0.7144073843955994,0.0,0.5882352941176471,29.29124116897583,0.36,7,3.418,0.143,我的世界搞笑版。
1960c9bba9724ccd9b1f85a92969c5c4.wav,green,全部指标达标,3.2,-25.430958862720917,0.457550585269928,0.0,0.6,27.84287452697754,1.1,7,2.188,0.143,我已经这样讨论。
199978fb6d4247eea68239932df7d4ea.wav,yellow,语速=1.38,2.176,-24.30109653006722,0.27572131156921387,0.0,0.6018518518518519,30.797913074493408,1.28,3,1.379,0.333,领敌人。
199ef7f19f5d422bb270b95958072458.wav,green,全部指标达标,2.304,-28.457060428764155,0.23262593150138855,0.0,0.48695652173913045,28.440535068511963,0.8200000000000001,6,2.604,0.167,脸上有多少人？
19a5a8b6d75c4c6f972463fdf07a764d.wav,green,全部指标达标,7.168,-26.686047391413346,0.2939288020133972,0.0,0.5670391061452514,23.38495969772339,1.62,14,1.953,0.143,嗯，开始啊，你要我想自杀，想杀你妹。
19d072d9e1514ca4858c6875a257213a.wav,green,全部指标达标,2.304,-20.275459997890977,0.8844608664512634,0.0,0.6173913043478261,30.108067989349365,0.96,4,1.736,0.25,光头老大。
19e605913b9a4c39b4a680446ede45bf.wav,yellow,语速=1.28,7.808,-20.421693861437774,0.8453068733215332,0.0,0.823076923076923,29.886631965637207,3.36,10,1.281,0.1,嗯，请到听启动青蛙大便。
19e6f0b73f1f4bf89f53e43425c8a561.wav,yellow,语速=1.49,2.688,-20.8206715602828,0.9900000095367432,0.0,0.5298507462686567,34.672462940216064,0.96,4,1.488,0.25,啊，大黄蜂。
19e7b0c9c7974e2b81cb12d9c555a5ad.wav,green,全部指标达标,2.304,-17.28923691144551,0.8546528816223145,0.0,0.7565217391304347,35.74834108352661,1.1,5,2.17,0.2,勇猛的脚羊。
1a1820aa49124be8af166a0efa32f58c.wav,green,全部指标达标,2.432,-25.449729512825584,0.3835069239139557,0.0,0.5041322314049587,33.593831062316895,0.9400000000000001,4,1.645,0.25,变态美女。
1a1d28ad01e94c2bb3c72d8437a489d6.wav,green,全部指标达标,2.56,-27.845831631987807,0.2765299677848816,0.0,0.5078125,25.749073028564453,0.48,5,1.953,0.2,你以还给的。
1a30de31c8ea4708baf7a9e2fdea0245.wav,yellow,语速=0.63,4.736,-26.86878160774818,0.5122063159942627,0.0,0.6822033898305084,25.080413818359375,1.82,3,0.633,0.333,三个字。
1a4456a30c1f44489f00844ba91c8922.wav,red,ASR 字数过少 (1 字),1.92,-25.30846799832204,0.34863001108169556,0.0,0.5833333333333334,30.168464183807373,0.5,1,0.521,1.0,嗯。
1a4dd607276e406e8a89b21057e11c74.wav,yellow,VAD=32%,3.968,-32.76360748484962,0.1769729107618332,0.0,0.3181818181818182,30.059425830841064,0.64,7,1.764,0.143,那个你的在时文。
1a558206c3d642739f32c3fe429756e8.wav,green,全部指标达标,6.912,-24.592441221292248,0.2925325632095337,0.0,0.591304347826087,31.142895221710205,2.7800000000000002,25,3.617,0.12,哼，你能告诉我今天是星期几吗？到时我不知道星期三是是吧？
1a5f852953964239a5757485d5729c2c.wav,green,全部指标达标,5.248,-22.49732229405947,0.7524845004081726,0.0,0.4580152671755725,34.0893030166626,1.42,9,1.715,0.111,变形金刚版理想汽车。
1a6c6df1f4264bab99b980e131c9b477.wav,yellow,语速=1.39,5.76,-27.649740861714605,0.3503189980983734,0.0,0.4375,29.04754400253296,0.74,8,1.389,0.125,我被老鼠绊了一条。
1a956effffa04d7b88b2a389cb104ee6.wav,yellow,语速=1.45,3.456,-23.824259164608776,0.36827409267425537,0.0,0.75,26.65213108062744,1.58,5,1.447,0.2,生气花还在。
1a9bf1bbb9e94a4aa1219eda2319402b.wav,green,全部指标达标,7.424,-24.224021784690613,0.8119269609451294,0.0,0.6442048517520216,27.489442825317383,2.2800000000000002,35,4.714,0.229,"可你可以可以可以可以可以可以可以。好的好的好的，hello,听得到吗？听不到吗？"
1aa9c759967146c08992e86ec1a2cfa7.wav,orange,VAD 占比低 (8%),8.32,-46.093881553291126,0.0767323225736618,0.0,0.07932692307692307,12.931573390960693,0.18,14,1.683,0.143,将图中的未来城市换成其他的字。
1ab9a58919d449909cfff4f474022dd5.wav,red,ASR 字数过少 (1 字),4.736,-31.989354964897473,0.23933568596839905,0.0,0.3728813559322034,20.858173370361328,0.44,1,0.211,1.0,嗯。
1abecd1bdd6344b9a6326a7738a1a643.wav,green,全部指标达标,6.4,-21.90446543596075,0.3847222924232483,0.0,0.8625,27.387027740478516,2.38,16,2.5,0.062,我的世界雪地体力派，还有幻影人结婚。
1aceec8108874251aed0291cdfcdf9a9.wav,green,全部指标达标,3.584,-24.74474611918025,0.49445366859436035,0.0,0.48044692737430167,32.50947952270508,0.58,8,2.232,0.125,一个爆炸了的飞机。
1ada85b33e1545a0a8cbb54fa120ec08.wav,green,全部指标达标,3.328,-22.688422804740433,0.30728879570961,0.0,0.7409638554216867,30.60276508331299,2.24,10,3.005,0.1,我不一样，而且你爱吃屎。
1af06344fb43462baa34e7a3bbe37d44.wav,yellow,语速=1.23,2.432,-16.538374193468673,0.9063177108764648,0.0,0.628099173553719,35.82127094268799,0.6,3,1.234,0.333,李子珍。
1af3dc2e8c324a2595a6730141913ed5.wav,green,全部指标达标,2.304,-25.772740330009473,0.4173300862312317,0.0,0.4956521739130435,28.67396593093872,0.64,4,1.736,0.25,生态和平。
1af671051b1b404ab2a005afeef81e76.wav,orange,VAD 占比低 (4%),4.48,-48.09722482083963,0.038621798157691956,0.0,0.03571428571428571,13.97443175315857,0.08,9,2.009,0.111,跟朋友吵架了怎么办？
1afc55f4c56b44038fca15b1d01df481.wav,yellow,VAD=32%; 语速=0.64,7.808,-26.32813033418396,0.34308356046676636,0.0,0.32051282051282054,31.93465232849121,1.26,5,0.64,0.2,俄乌战争的。
1b42e794d1744dc08968650f6947e9b2.wav,green,全部指标达标,7.68,-30.981796720026974,0.17014768719673157,0.0,0.4791666666666667,25.67326307296753,1.02,20,2.604,0.1,但感谢宋容易使用云路存和随套，对行随手服务。
1b572b65dead4b658f9d261ac0fc91c1.wav,green,全部指标达标,1.536,-23.68192888267422,0.34242650866508484,0.0,0.7894736842105263,28.136634826660156,0.98,6,3.906,0.167,我的话，儿子，你。
1b6b230c46b443bfb58d2785ed9a1cd6.wav,yellow,语速=0.71,2.816,-22.319139287269078,0.5641199350357056,0.0,0.7714285714285715,31.290922164916992,1.98,2,0.71,1.0,丢丢。
1b7134bac0e8426fb3bc95979490a554.wav,green,全部指标达标,1.664,-23.115280589410073,0.3457251191139221,0.0,0.6024096385542169,34.7554874420166,0.98,4,2.404,0.25,毫无以外。
1b74ade9558c434c998c23ec0697b4cc.wav,yellow,VAD=36%; 语速=1.20,1.664,-24.361816184175904,0.4291699230670929,0.0,0.3614457831325301,38.708598613739014,0.6,2,1.202,0.5,第九。
1b82f3fed5894806b876ea1d0bd10291.wav,green,全部指标达标,4.48,-22.00513997932437,0.8284224271774292,0.0,0.7276785714285714,29.18071746826172,1.04,12,2.679,0.167,我的世界的小人，拿着加特林。
1b8401a63ee94e358690f667d4cc38bc.wav,green,全部指标达标,4.608,-22.06980001350776,0.44477418065071106,0.0,0.7086956521739131,31.102747917175293,1.56,12,2.604,0.083,生成一个名叫贾景宇的帅哥。
1bb6bed5ceaf4d45acb9beefa9982fce.wav,green,全部指标达标,1.92,-23.8105290435219,0.3132452666759491,0.0,0.71875,28.3378005027771,1.0,8,4.167,0.25,那个一个月我不会。
1bce90d69fb649c6b88f79b6c745e56c.wav,orange,重复字 60%: 爸是给爸爸。,3.072,-23.518476363574745,0.6306934356689453,0.0,0.43137254901960786,30.544164180755615,0.54,5,1.628,0.6,爸是给爸爸。
1bd554f220074fe8a20432e5c39f03e5.wav,yellow,VAD=39%; 语速=1.33,5.248,-17.185533057093412,0.9900000095367432,0.0,0.3931297709923664,41.43942356109619,1.32,7,1.334,0.143,波林国游戏软件。
1bd95b7e1dc54da299a44340cbcfe1e2.wav,green,全部指标达标,2.176,-21.122297656783665,0.6424639225006104,0.0,0.4722222222222222,34.63120222091675,0.78,4,1.838,0.5,别问妈妈。
1bda808af90c4b94bbdb1254b5f51cdb.wav,yellow,语速=1.40,3.584,-25.082503326708405,0.3878224194049835,0.0,0.6368715083798883,28.583927154541016,2.16,5,1.395,0.2,嗯，对，羊熊狗。
1becec9adaac4f11917696f1a9f9fb45.wav,green,全部指标达标,3.584,-25.631546698588924,0.3847735524177551,0.0,0.7374301675977654,24.239299297332764,1.1400000000000001,12,3.348,0.167,这样子帮我写一篇一次的点。
1bef49dad4914887aee856160d2aea26.wav,green,全部指标达标,2.944,-23.899107272360652,0.8079280257225037,0.0,0.7414965986394558,29.937448501586914,2.02,10,3.397,0.2,将图中的人变成美人鱼。
1c03735c3ff545338eb3a8ff7cab0df3.wav,green,全部指标达标,4.864,-22.332617214456857,0.4154667258262634,0.0,0.757201646090535,30.842790603637695,1.76,13,2.673,0.077,一个美女可别讲话了啊，我短裤。
1c0ccd5a40ed458abdf19a7b1a115603.wav,yellow,语速=1.12,1.792,-22.673126278507603,0.38758593797683716,0.0,0.449438202247191,35.7358980178833,0.8,2,1.116,0.5,蹲泉。
1c2a2f190441441184acb02e08254a7f.wav,green,全部指标达标,4.736,-25.16806260116558,0.3759336471557617,0.0,0.538135593220339,28.88197660446167,1.6400000000000001,15,3.167,0.133,我特别想，我今晚只要买点他们也药。
1c6576124047461c86dd7e75f94b8750.wav,yellow,语速=1.35,3.712,-21.56127630230095,0.6536357998847961,0.0,0.6648648648648648,33.14077138900757,2.22,5,1.347,0.2,一个光头强。
1c87ee32672242dda61b01aa479351d0.wav,yellow,VAD=35%,4.608,-29.992655711721547,0.19379888474941254,0.0,0.34782608695652173,35.812485218048096,1.6,8,1.736,0.125,是陈院长很厉害吗？
1c920c55e9d84fa3b9031e3d1be56a00.wav,green,全部指标达标,1.536,-23.213970518418293,0.685292661190033,0.0,0.5921052631578947,34.355952739715576,0.88,5,3.255,0.2,老师给别人。
1c98f3af043a42ef8f76522c8b5e5fc5.wav,red,ASR 字数过少 (0 字),1.792,-27.967102383065992,0.5191831588745117,0.0,0.5393258426966292,25.785562992095947,0.54,0,0.0,0.0,
1ca119695f3c44c7950f9946a2b23211.wav,green,全部指标达标,2.304,-17.05043873668555,0.9111248254776001,0.0,0.6956521739130435,41.96544647216797,1.56,4,1.736,0.5,哇哦哇哦。
1caf69b987124c4fb4b44590f7346927.wav,red,ASR 字数过少 (0 字),1.536,-17.127567572200093,0.8160298466682434,0.0,0.8289473684210527,43.685336112976074,1.26,0,0.0,0.0,
1cb4c1ff3a3746818c7af0b8adb7a5fa.wav,yellow,语速=0.98,3.072,-18.485867823805307,0.7028234601020813,0.0,0.6862745098039216,29.16851043701172,0.72,3,0.977,0.333,给我看。
1cb4d006851b4830bf1f505f12fc4a5e.wav,green,全部指标达标,2.944,-22.53216059992984,0.4756430685520172,0.0,0.6666666666666666,37.529006004333496,1.74,7,2.378,0.143,中国六代战斗机。
1cb94cdb393e4623b58c8fff7aa65eea.wav,red,ASR 字数过少 (0 字),1.792,-32.90783805264941,0.16060666739940643,0.0,0.33707865168539325,26.467440128326416,0.58,0,0.0,0.0,
1cd1686ef54a419f950e236ccc8a65af.wav,yellow,VAD=40%,7.936,-27.06376374475498,0.30161651968955994,0.0,0.39646464646464646,32.71738052368164,0.92,18,2.268,0.111,对，你就是一个小傻逼，并且也是一个二百五。
1cf3825b0704430f824ac85e3f16eca5.wav,yellow,VAD=29%,1.696,-36.415063447358165,0.206451416015625,0.0,0.2857142857142857,18.29320788383484,0.3,12,7.075,0.083,那个线程你还没搞好，我现在。
1d1009fafd7642a3abfa8d70cf19f34a.wav,green,全部指标达标,4.736,-21.422158031948975,0.8216983079910278,0.0,0.5254237288135594,30.966060161590576,0.86,10,2.111,0.2,三角洲行动三角洲行动。
1d1cdc551e3c406f90bf377fa36feab6.wav,yellow,语速=0.67,7.424,-21.759117226980887,0.7536006569862366,0.0,0.7870619946091644,25.33189058303833,1.68,5,0.673,0.2,哦，不么在家。
1d1faaced892420d832b6fc63d2ab8f3.wav,green,全部指标达标,8.832,-23.45015755708266,0.3994372487068176,0.0,0.7959183673469388,25.95233678817749,2.0,21,2.378,0.143,中午好画一个游戏机，另一个鸡鸡蛋泥泥鸡哦的泥。
1d221d20d51c49fca579c664b89c0d02.wav,yellow,语速=1.30,1.536,-18.30188663822551,0.9999536275863647,0.00020345052083333334,0.4342105263157895,47.36554145812988,0.62,2,1.302,0.5,鼓励。
1d28af0b50fc495095370bfc8b5fad27.wav,yellow,VAD=35%,7.168,-26.641585753089217,0.3539801239967346,0.0,0.34916201117318435,30.346205234527588,0.44,17,2.372,0.118,这里指供的画，一个盗墓笔记中的张起灵。
1d360365931d4cb58424dd4daed5538c.wav,green,全部指标达标,2.304,-25.566540360669315,0.30439335107803345,0.0,0.5826086956521739,29.633512496948242,0.76,6,2.604,0.167,性感的打鸡巴。
1d5dc976ad834bb0a8fd8faef208e11c.wav,green,全部指标达标,3.84,-23.966885192158756,0.42800217866897583,0.0,0.65625,25.5104923248291,1.98,9,2.344,0.111,像一个八块素鸡蛋糕。
1d79038d4e264c3bbf14532e695d2848.wav,red,命中幻觉黑名单 '点赞',2.048,-23.602911891226075,0.5585120916366577,0.0,0.7450980392156863,30.373194217681885,1.22,5,2.441,0.4,我给我点赞。
1d7e4a7a4da643faa8703417f0698ad9.wav,green,全部指标达标,2.56,-20.907986312301542,0.434639036655426,0.0,0.6171875,31.520984172821045,0.7000000000000001,9,3.516,0.111,那黑暗机械病毒没有。
1da57e66ff6646e4bab322ef9b119987.wav,yellow,语速=1.03,6.784,-19.57839205757257,0.9614255428314209,0.0,0.7551622418879056,30.27620553970337,1.7,7,1.032,0.286,日本和放放首歌。
1db122370adc48d4b83a24c107f51e05.wav,green,全部指标达标,1.92,-22.950481221416265,0.3585147261619568,0.0,0.7708333333333334,28.667047023773193,1.0,4,2.083,0.25,我死了啦。
1db422c353444dbebf1e9e942a0468c4.wav,green,全部指标达标,6.016,-24.480190186247345,0.6746938228607178,0.0,0.72,25.10274887084961,1.3800000000000001,13,2.161,0.154,你找个有人在生气这个女的啊。
1dc8bbb3cafc41f08da93e7f3f356d68.wav,yellow,语速=1.46,2.048,-27.9258470003737,0.5429033637046814,0.0,0.4019607843137255,26.49801731109619,0.56,3,1.465,0.333,喂，你好。
1dce3768b37248998b6aa5238f1232ae.wav,green,全部指标达标,2.944,-22.320404649369195,0.5204676389694214,0.0,0.7482993197278912,27.95753240585327,1.56,5,1.698,0.2,少拿了四个。
1dd9f20a55294a8aafefd8398b6f95e8.wav,yellow,VAD=36%; 语速=1.45,3.456,-30.886819527751946,0.24535682797431946,0.0,0.36046511627906974,30.793447494506836,0.92,5,1.447,0.2,是马上来到。
1dda3b676d1343b59da308bdc2418e9d.wav,orange,VAD 占比低 (4%),2.944,-46.2651412771962,0.12279639393091202,0.0,0.04081632653061224,22.691380977630615,0.12,2,0.679,0.5,一百。
1de92e2e3d3140c1abf0e08bdc3d3b99.wav,green,全部指标达标,3.712,-26.007577242988905,0.2994428277015686,0.0,0.5837837837837838,32.906293869018555,2.12,18,4.849,0.111,是的，我要当时我们先上掉麦c arter.
1debca5e630f45d8b72e5a2f1c283938.wav,red,音量过低 (-52.2 dB),3.328,-52.19391880232411,0.04013512283563614,0.0,0.012048192771084338,14.332102537155151,0.04,0,0.0,0.0,
1df2de938c9b4217a86435d25d97632d.wav,green,全部指标达标,3.84,-22.62618835859694,0.7506038546562195,0.0,0.609375,31.24307155609131,1.1,7,1.823,0.143,被拉满屎的马桶。
1df68466a92a4fde99046d0b1629b45c.wav,green,全部指标达标,1.92,-22.371065453572456,0.840034008026123,0.0,0.59375,33.69094371795654,0.6,4,2.083,0.5,张张橙子。
1dfbf53c22f1421191b9cde1a7eb4366.wav,green,全部指标达标,2.048,-22.653847537716032,0.6412017345428467,0.0,0.5490196078431373,33.49794626235962,0.5,4,1.953,0.25,皇家学院。
1e0a25c638394b1098981caff79b615a.wav,green,全部指标达标,3.584,-24.45405782358446,0.5309692621231079,0.0,0.43575418994413406,31.270484924316406,1.36,6,1.674,0.167,应灯孔雀黑暗。
1e2a134fdad646b0a1eb1f992c164122.wav,yellow,语速=0.81,9.856,-25.745481351739336,0.31368154287338257,0.0,0.6300813008130082,24.118127822875977,0.9400000000000001,8,0.812,0.125,哎，这不是媳妇儿吗？
1e2d9b6ef4444595ac25b66cb84ae438.wav,yellow,语速=1.32,7.552,-19.282502685752107,0.9899999499320984,0.0,0.4588859416445623,32.669641971588135,0.78,10,1.324,0.2,一只小马坐在小汽车里。
1e377161fb5044c7858e03723a7fe9bc.wav,yellow,语速=1.25,3.2,-22.811035736298294,0.4971825182437897,0.0,0.6,30.32813787460327,1.18,4,1.25,0.25,不桥四周。
1e4b798c08944bc68fab647e5aca052c.wav,green,全部指标达标,1.92,-25.62643937049067,0.3956006169319153,0.0,0.5833333333333334,25.967676639556885,1.0,3,1.562,0.333,怎么了？
1e6e01238bf841bf91f32aa06dc6bc17.wav,yellow,语速=1.50,12.672,-23.195714137849546,0.9735414385795593,0.0,0.6066350710900474,28.255293369293213,0.96,19,1.499,0.158,一辆日本的汽车和一辆中国的汽车嗯撞车了。
1e771fea96fa48dabc03dca005ccc6bc.wav,green,全部指标达标,3.328,-23.936710953374458,0.3473491668701172,0.0,0.8132530120481928,27.681517601013184,1.9000000000000001,8,2.404,0.125,你怎么不跟我清楚？
1e8063a35896496fb938dacd3d02df8c.wav,yellow,VAD=29%,3.456,-29.077935512877048,0.3358508348464966,0.0,0.29069767441860467,29.33934211730957,0.42,8,2.315,0.25,是讲这里讲这个好。
1e876b2a519f418cb267d67c18326464.wav,green,全部指标达标,3.2,-21.552900897350998,0.36813241243362427,0.0,0.85625,30.59849262237549,2.68,6,1.875,0.167,一个男孩怀孕。
1e8b5f78ea374929a1a590250de284e4.wav,yellow,VAD=39%,1.792,-24.8181681439496,0.4954167306423187,0.0,0.39325842696629215,36.07667922973633,0.7000000000000001,3,1.674,0.333,歼二零。
1e9c32b747164442b60da6ede98421ec.wav,green,全部指标达标,2.048,-20.14864238033731,0.9620946645736694,0.0,0.5196078431372549,33.204567432403564,0.6,6,2.93,0.167,八块腹肌那个。
1eae9afd32984ca08c6afd48baed84cf.wav,yellow,语速=1.42,2.816,-29.293507370157105,0.3792208731174469,0.0,0.4714285714285714,24.0242338180542,0.34,4,1.42,0.25,画一个宅。
1eb575fdd76d498f9a6b44a50e3083b1.wav,yellow,语速=1.30,3.072,-23.459560020558044,0.34354323148727417,0.0,0.7320261437908496,28.765292167663574,1.78,4,1.302,0.25,当十大神。
1ebb61b24e4244cbbbb1d930867c94a8.wav,green,全部指标达标,2.688,-25.550606973709,0.30167004466056824,0.0,0.6268656716417911,25.428435802459717,0.66,9,3.348,0.111,嗯，你真有自知之明呀。
1ec2b03dd9444c4ea4891b6107d8a48a.wav,green,全部指标达标,2.56,-26.944802660190245,0.3423004746437073,0.0,0.453125,26.280431747436523,0.56,5,1.953,0.2,画一个学校。
1ed4b7dcc1554de4bf7f5f51809143e4.wav,green,全部指标达标,4.992,-18.47341365603244,0.754327654838562,0.0,0.7751004016064257,29.5751690864563,2.44,11,2.204,0.273,我我问你哦，你说你在跟我。
1eec59dfcb194f9ab2fb90a8322b0be8.wav,yellow,VAD=32%,3.712,-29.978951462761497,0.22548842430114746,0.0,0.31891891891891894,27.067124843597412,0.58,7,1.886,0.286,会你是谁？你是谁？
1eec6e7f72564b8b87ce37d922ffcbb7.wav,green,全部指标达标,3.712,-21.884642006280078,0.9320162534713745,0.0,0.5081081081081081,30.417215824127197,0.54,10,2.694,0.1,我给你画一个SPA到。
1f60d161267f4e06818e7cf99fc7b3ab.wav,red,ASR 字数过少 (0 字),2.944,-14.991085729223759,0.7726637721061707,0.0,0.891156462585034,33.91923666000366,2.18,0,0.0,0.0,
1f7da16632c9462e8b0c381eee91ac21.wav,yellow,VAD=29%,4.864,-34.92254584682136,0.2140044867992401,0.0,0.29218106995884774,21.279010772705078,0.54,11,2.262,0.091,语文课太无聊了，我想睡觉。
1f8074542f3644558086f16e03f2c9d0.wav,green,全部指标达标,2.56,-30.00378927424766,0.29827880859375,0.0,0.40625,29.37882661819458,0.8200000000000001,5,1.953,0.2,你是傻子吗？
1f885cdf0c984f0792242ace1c3574b6.wav,yellow,VAD=36%,3.968,-28.919792185933368,0.23671077191829681,0.0,0.35858585858585856,25.290069580078125,1.22,6,1.512,0.167,欢嗯第五人格。
1f8f98635d274559ad23978522c39cbc.wav,green,全部指标达标,9.6,-21.8610183284949,0.5211735963821411,0.0,0.8625,26.464457511901855,2.6,22,2.292,0.182,我直接想你家那个事事蛋糕不好吃，我们老谢谢谢谢。
1f95268b2c044427a885575d54ca39d4.wav,green,全部指标达标,3.584,-34.318128378976844,0.14704549312591553,0.0,0.49162011173184356,16.995493173599243,0.5,12,3.348,0.167,我不是喂你好，有客户你过来。
1f9f9685567240278e0bed2529ad2f06.wav,orange,VAD 占比低 (20%),2.432,-35.50240804561262,0.15128150582313538,0.0,0.19834710743801653,30.5064058303833,0.48,3,1.234,0.333,我认为。
1faa724d33314c6eb6e85ebd5c684fa5.wav,green,全部指标达标,3.328,-26.941993717444053,0.2343432605266571,0.0,0.45180722891566266,37.16001272201538,1.5,5,1.502,0.2,今天星期几。
1fab2ec00af84adcadc307e06e0afff8.wav,green,全部指标达标,2.56,-28.150628652458312,0.31561079621315,0.0,0.5703125,22.198996543884277,0.58,7,2.734,0.143,你知道吴亦凡吗？
1fb05e5c4ae441b3920a84ebf6180bcd.wav,green,全部指标达标,2.944,-21.630879660921455,0.7375177145004272,0.0,0.7687074829931972,31.24640941619873,1.78,7,2.378,0.143,王子明，你想大了。
1fd81861ebf645828aeaa753506412fc.wav,yellow,语速=1.36,2.944,-22.56903184010168,0.501529335975647,0.0,0.6190476190476191,36.105616092681885,1.82,4,1.359,0.25,和平精英。
1fe0c97d13864231bdc821db679c28d4.wav,yellow,VAD=38%,3.2,-26.465963047027167,0.28680023550987244,0.0,0.38125,33.1542444229126,0.4,6,1.875,0.167,B虎c哥是谁？
1fe1cece23e141b2b83596eca2e0727f.wav,green,全部指标达标,1.664,-26.11506340652294,0.31117117404937744,0.0,0.5662650602409639,25.602474212646484,0.26,4,2.404,0.25,班词太慢。
2016336c45f749129d33ce6a585173bf.wav,red,ASR 字数过少 (1 字),1.92,-34.01922636454036,0.20966465771198273,0.0,0.3020833333333333,23.15375804901123,0.24,1,0.521,1.0,嗯。
2035c54de6cc4699a4d6485afd4178c6.wav,red,音量过低 (-53.1 dB),2.304,-53.07468242034419,0.02167610451579094,0.0,0.0,-inf,0.0,0,0.0,0.0,
20491528ba834c99889d1fc9cae39095.wav,green,全部指标达标,4.736,-23.663811538071936,0.35535067319869995,0.0,0.7288135593220338,29.11158323287964,2.56,10,2.111,0.2,画一个一只眼睛大美女。
2052bfc04219429e982c50107b448d18.wav,yellow,VAD=30%; 语速=1.23,2.432,-31.389763581774922,0.20154304802417755,0.0,0.2975206611570248,26.298491954803467,0.32,3,1.234,0.333,超人猫。
2053edb6ac754018a9656bf24c90b246.wav,green,全部指标达标,2.048,-23.14432154222981,0.37003374099731445,0.0,0.5490196078431373,35.31909704208374,0.92,5,2.441,0.2,我夫母超人。
20674ea5ba5d4f419fdf83421f8163f8.wav,green,全部指标达标,4.992,-22.291989025947856,0.5814234018325806,0.0,0.7389558232931727,35.19901514053345,2.88,17,3.405,0.235,不是你走吗？你这个走吗？你确定你不来吗？
208dcbb112214b08b0ad374c78ba66ea.wav,yellow,VAD=22%,2.944,-35.960168128801904,0.21259386837482452,0.0,0.22448979591836735,25.552034378051758,0.5,5,1.698,0.2,他很厉害吗？
209b1336938a4021ada5b7f3c667b435.wav,yellow,VAD=30%; 语速=1.30,1.536,-17.152978447309813,0.9899999499320984,0.0,0.3026315789473684,45.702452659606934,0.4,2,1.302,0.5,小鸡。
20b7b4e9f01b402dab4a2ac7f9141745.wav,green,全部指标达标,3.84,-22.269851878696233,0.3703175187110901,0.0,0.7760416666666666,29.841551780700684,2.92,13,3.385,0.077,我的世界苦力怕和幻影忍结婚。
20c2ee922d8d4100a47ae033d70ed273.wav,green,全部指标达标,2.56,-21.3865869359026,0.584744393825531,0.0,0.71875,33.520777225494385,1.5,7,2.734,0.286,我的世界生宝宝。
2112fcbe5c1740caa1e46bd832861b14.wav,red,ASR 字数过少 (0 字),2.944,-34.1134549778296,0.14646264910697937,0.0,0.35374149659863946,23.482422828674316,0.6,0,0.0,0.0,
2113c3d55b414e06bfb842611fe877d8.wav,yellow,语速=0.50,3.968,-26.17949968609805,0.37853726744651794,0.0,0.7222222222222222,28.987421989440918,2.74,2,0.504,0.5,哦，嗯。
2114625e1fdd40d0bda9ccb0bd116a74.wav,yellow,语速=1.20,3.328,-25.70815461014756,0.47372597455978394,0.0,0.572289156626506,28.049521446228027,0.9,4,1.202,0.25,变态照片。
2130ae81f0f84c6f8f266349a3630c0c.wav,yellow,VAD=22%,5.248,-40.87674233504126,0.12426751852035522,0.0,0.22137404580152673,12.47868299484253,0.34,15,2.858,0.067,心灵充满着魔术的云里那两个方案。
21398083d2964ceeaa94bdd2f44579c2.wav,green,全部指标达标,2.176,-23.95639193246138,0.38664597272872925,0.0,0.6759259259259259,25.74561357498169,0.88,6,2.757,0.167,前瑞是谁他呀？
2147e70a85b649e3a54dcbf3085189d7.wav,green,全部指标达标,2.432,-22.4012574452513,0.3364047408103943,0.0,0.6694214876033058,32.85058259963989,0.86,4,1.645,0.25,面包小狗。
214e00b5529347d3af9cccf3b8879712.wav,green,全部指标达标,2.56,-23.710256187805832,0.37692582607269287,0.0,0.5703125,31.560919284820557,0.88,8,3.125,0.125,总有挡不了的老屋。
2156e81dff3944d29801120cb01db40b.wav,green,全部指标达标,2.432,-24.315825056769494,0.3482782542705536,0.0,0.6611570247933884,25.474867820739746,0.42,8,3.289,0.125,哎，到你回头是什么？
215a74ad5f9b44468ade5c3dc627d7c8.wav,green,全部指标达标,3.584,-23.12129273639559,0.29045623540878296,0.0,0.8268156424581006,27.598018646240234,1.8800000000000001,8,2.232,0.25,哦，我不行不行，我就。
2165e6bfe8ac4211b4b68e3daaff5ee9.wav,green,全部指标达标,2.688,-25.353825292906357,0.3023332357406616,0.0,0.7313432835820896,23.478684425354004,0.58,6,2.232,0.167,怪我蚂蚁不安。
2167f30bd86e4267bdb3002c23d2919b.wav,green,全部指标达标,1.664,-24.96296650895573,0.39506858587265015,0.0,0.5301204819277109,28.6922287940979,0.8,3,1.803,0.333,向后走。
216e18ff3bae4a079cd8eb6cba62d2b3.wav,green,全部指标达标,2.304,-24.578453310255863,0.47304069995880127,0.0,0.6434782608695652,31.548173427581787,1.32,7,3.038,0.143,我打老公再见了。
219ea4e5c14148af8ee2b1dfd6d5cf83.wav,orange,VAD 占比低 (19%),2.304,-38.90530685917755,0.14191828668117523,0.0,0.19130434782608696,17.862305641174316,0.14,6,2.604,0.333,不准效。不准效。
21cdd77b1f4d4209b7b5f75f1d0ef15f.wav,yellow,语速=0.60,3.328,-22.498921063825016,0.8534377217292786,0.0,0.6325301204819277,29.607646465301514,1.68,2,0.601,0.5,心晴。
21d4012a7919451db1de88938cc95260.wav,green,全部指标达标,2.944,-26.6976517899565,0.3320819139480591,0.0,0.40816326530612246,31.633248329162598,0.5,5,1.698,0.2,你老叫屁哎。
21e3698fd9484d31a9241c48bae766a6.wav,green,全部指标达标,4.096,-23.947054039292034,0.48522117733955383,0.0,0.6372549019607843,26.15994691848755,1.6600000000000001,9,2.197,0.222,红色的天是真的，就是。
21f06636d2184ef6910450ca459fcce2.wav,green,全部指标达标,2.048,-15.42510546988183,0.9606615304946899,0.0,0.6568627450980392,34.214465618133545,0.58,5,2.441,0.2,就是这么值。
21f55064a27e4117b8eff9d003f1ddef.wav,green,全部指标达标,2.304,-12.289419272217305,0.9900000095367432,0.0,0.6434782608695652,41.98794364929199,0.78,4,1.736,0.25,可爱小龙。
2226f26702c240a48af8dd8c75fd8da6.wav,green,全部指标达标,4.864,-20.90708971813286,0.5354968309402466,0.0,0.691358024691358,31.371188163757324,1.62,11,2.262,0.273,幺八七幺零幺二五四七四。
223c33f2276c445a8eed343a9c1fc8ec.wav,green,全部指标达标,2.432,-23.495122362065676,0.3139533996582031,0.0,0.5537190082644629,33.69273662567139,1.0,5,2.056,0.2,嗯，裸体美女。
226770c7398744b0b14994bc29277c07.wav,green,全部指标达标,3.84,-22.802943837128225,0.5859742760658264,0.0,0.7291666666666666,29.773740768432617,1.7,14,3.646,0.143,有一个同学想要两个鸡肉啊，妹妹。
2279afccbdf941228d38784b41c15049.wav,green,全部指标达标,3.2,-14.193817351044078,0.852893054485321,0.0,0.88125,34.76500988006592,1.7,6,1.875,0.333,我写了，我很开。
22847216ca9346f0b68c0d999d6ff008.wav,green,全部指标达标,2.432,-20.517272844348117,0.561488687992096,0.0,0.8264462809917356,33.81859302520752,2.0,5,2.056,0.2,肌肉版女的。
228f5dbd63664eefb32d650bd4344808.wav,green,全部指标达标,2.176,-24.379363291083862,0.5032272338867188,0.0,0.5925925925925926,28.95164966583252,0.88,7,3.217,0.143,生成一个不北层。
2290976289ee4a948b8e6b49e711da30.wav,yellow,VAD=37%; 语速=1.30,2.304,-27.982008163153793,0.4379505217075348,0.0,0.3652173913043478,29.73623752593994,0.56,3,1.302,0.333,照自然。
22b45612dcb94533a5bca7a6804b7275.wav,green,全部指标达标,1.536,-15.493618023625315,0.7763036489486694,0.0,0.618421052631579,34.92358207702637,0.88,3,1.953,0.333,啥事儿？
22b5ac9853aa429f941745ac8b9c11fb.wav,green,全部指标达标,4.224,-18.96142861652184,0.7171675562858582,0.0,0.7867298578199052,31.94859266281128,2.08,8,1.894,0.125,给你画一个破肚子。
22efd0fc2cc94588b6263726f910a964.wav,yellow,语速=1.38,2.176,-24.554702806396556,0.313886433839798,0.0,0.4444444444444444,33.299806118011475,0.66,3,1.379,0.333,擎天柱。
22f94c1f3c394b5c8cd98548222fd686.wav,green,全部指标达标,3.2,-23.215629026829355,0.9058876037597656,0.0,0.54375,29.804580211639404,0.62,6,1.875,0.167,剥盒子手指头。
2311ebb63b114cdb93aaf9d370998c8c.wav,green,全部指标达标,3.2,-21.799517137410625,0.47506189346313477,0.0,0.90625,57.42926597595215,2.9,7,2.188,0.143,没穿衣服的美女。
236df46064964fe18f07dfd1ddd701d1.wav,green,全部指标达标,3.328,-22.563658555151527,0.7589706778526306,0.0,0.7168674698795181,28.801848888397217,1.32,7,2.103,0.143,老把我们找起吧。
23702a0ec94748289d3828c7190adbb2.wav,yellow,VAD=39%,1.92,-26.54412129798734,0.4454375207424164,0.0,0.3854166666666667,30.67021131515503,0.44,4,2.083,0.5,哦，拼多多。
2394be38546c4926b3bb9b40d47eb5f7.wav,green,全部指标达标,2.176,-24.333814444510477,0.2685598134994507,0.0,0.6944444444444444,27.673115730285645,1.3,8,3.676,0.125,我可是很厉害的哦。
239c748348f64c3e8eeec70c8b3745e2.wav,green,全部指标达标,5.504,-22.83146035372574,0.9334810376167297,0.0,0.64,27.2271466255188,0.76,10,1.817,0.1,跑第三个教室到我小智。
23af201042c5423c992c5b0fee27f3cb.wav,green,全部指标达标,6.784,-23.401022426829844,0.46199846267700195,0.0,0.7492625368731564,26.01813554763794,1.94,17,2.506,0.059,温国怎么不能刚才用你的方式最后砸了？
23ce51c87e364778bb092b7b036e03ab.wav,green,全部指标达标,3.84,-22.898199313001243,0.7461450695991516,0.0,0.640625,33.181612491607666,1.32,10,2.604,0.2,真的一个跳午的李欣杰。
23d7dd75288a4a1e950b4a4f1d6e644c.wav,green,全部指标达标,3.84,-24.671218153357543,0.3431389331817627,0.0,0.6822916666666666,31.666429042816162,2.62,6,1.562,0.333,一群肥鸡，肥鸭。
23e8f5ee2f724a9da67e68a6d4afc2c2.wav,green,全部指标达标,1.664,-24.208776084048502,0.5685213804244995,0.0,0.4939759036144578,29.01160955429077,0.44,3,1.803,0.333,皮卡丘。
23fb7adfad024768977123794c46c3f5.wav,yellow,语速=1.46,2.048,-22.063301145322054,0.4037576913833618,0.0,0.45098039215686275,35.298261642456055,0.9,3,1.465,0.333,打电话。
24029e47cd6340e6b1c22bc3bff4b46d.wav,green,全部指标达标,5.248,-24.675591679694925,0.304786741733551,0.0,0.732824427480916,26.674861907958984,1.08,15,2.858,0.067,王者荣耀限时点券推荐换哪些皮肤？
241d755e17c74d6abb129fd0c45799d0.wav,red,ASR 字数过少 (0 字),3.456,-25.215444333265808,0.43453148007392883,0.0,0.5697674418604651,27.33435869216919,1.02,0,0.0,0.0,
24420945119b4970a76c34d5ba8010c3.wav,green,全部指标达标,6.272,-23.737072957076006,0.6594264507293701,0.0,0.6198083067092651,26.173484325408936,1.36,15,2.392,0.133,我想要一个肌肉版的妹妹，不拍身兆。
2443fc606b7047e094e45a17a9d66436.wav,yellow,VAD=35%; 语速=1.42,2.816,-27.811330693104225,0.3241320252418518,0.0,0.35,29.98772144317627,0.6,4,1.42,0.5,小智小度。
244e0370813d49d0b958cfc905e41b61.wav,green,全部指标达标,3.712,-23.390078580643568,0.8373018503189087,0.0,0.5837837837837838,34.82856273651123,1.26,11,2.963,0.182,哦，嗯能不能帮我炸掉学校？
2466c42c88544737b83a1e4bdea69c21.wav,green,全部指标达标,3.072,-23.612253697778172,0.3290225565433502,0.0,0.6274509803921569,31.872849464416504,0.84,6,1.953,0.167,科比布莱恩的。
247c0cf4da324b3990dce6b98d5e8e28.wav,yellow,VAD=30%,1.92,-31.682544541231366,0.2205483317375183,0.0,0.3020833333333333,28.18507671356201,0.58,3,1.562,0.333,不知道。
24946b239c5e402e88a241a9ea2ce6e5.wav,green,全部指标达标,3.2,-22.249789838340668,0.4044756591320038,0.0,0.89375,32.015626430511475,2.06,6,1.875,0.167,哦，我不能后果。
24968e3a4e88457784ce5be6c4dcfb25.wav,green,全部指标达标,2.432,-21.569144210937985,0.27634575963020325,0.0,0.7851239669421488,28.667092323303223,0.76,5,2.056,0.4,进入我猜猜。
249effa5a75444e3bf577af45a14eb0f.wav,red,ASR 字数过少 (0 字),1.408,-30.028795844009245,0.27692508697509766,0.0,0.2857142857142857,27.249445915222168,0.2,0,0.0,0.0,
24b598d8fa5547baa8bdb48b3bf24c13.wav,red,ASR 字数过少 (1 字),1.92,-29.712471737809643,0.2225494384765625,0.0,0.5208333333333334,32.47591733932495,0.72,1,0.521,1.0,嗯。
24bbe643902e44549eee9115b151afd5.wav,green,全部指标达标,2.304,-24.170517777953773,0.47065243124961853,0.0,0.6782608695652174,23.445982933044434,0.98,6,2.604,0.167,我只实画一个。
24c3a129754a463ab0c82a24a05dbecc.wav,yellow,语速=1.20,3.328,-19.336120631890775,0.9900000095367432,0.0,0.6506024096385542,33.90197515487671,1.22,4,1.202,0.25,小志同学。
24c4d0e169424993842d4daf974c8835.wav,green,全部指标达标,3.072,-24.875672452250257,0.3331858515739441,0.0,0.6601307189542484,29.619140625,1.58,9,2.93,0.222,他很奇怪，很奇怪的人。
24c730e44d9b47429dfbc51d8b9d2266.wav,green,全部指标达标,9.472,-26.835174414877912,0.3152671456336975,0.0,0.5750528541226215,26.181941032409668,1.46,29,3.062,0.103,嗯，我想受张我要买点餐米做，第天晚上是今天晚上的个，今天晚上就有。
24db0b7f337445818b15c7aa4a6cdc6d.wav,yellow,VAD=23%,2.656,-37.483839752103066,0.122528076171875,0.0,0.22727272727272727,18.535808324813843,0.24,7,2.636,0.143,我们学校有多大？
24dd268abe874258be6aa30cb46735bb.wav,yellow,语速=0.98,3.072,-15.25427526436786,0.8749474883079529,0.0,0.7320261437908496,32.09272384643555,1.76,3,0.977,0.333,他还剩。
24e1b054f49e4405baf14e56d555b403.wav,red,ASR 字数过少 (1 字),1.536,-23.04391324951046,0.7971502542495728,0.0,0.11842105263157894,38.05771589279175,0.1,1,0.651,1.0,你。
24e41beda3d64aab9df73fa9eb72a9fb.wav,green,全部指标达标,2.56,-21.636083793083042,0.433036744594574,0.0,0.75,31.792993545532227,1.48,5,1.953,0.4,肌肉老太太。
24ee9e566c4e48afa335e6bac7e1b031.wav,yellow,语速=1.16,3.456,-23.627928607479767,0.35669490694999695,0.0,0.7616279069767442,32.4309515953064,2.62,4,1.157,0.25,我们坦克。
24fab088dde541d1bec29b26c540b0e9.wav,green,全部指标达标,4.352,-23.919094345226778,0.3719988465309143,0.0,0.8940092165898618,26.78551197052002,3.36,10,2.298,0.3,把你你给你说呢，进的人。
254d26f926b5423982a94dbb76c1a607.wav,green,全部指标达标,9.088,-26.476259987641058,0.29244381189346313,0.0,0.4118942731277533,29.954333305358887,0.62,16,1.761,0.312,我我不想活了，我我不想醒来了，我想死。
257c3168190749c782f4fe61426bf054.wav,green,全部指标达标,2.432,-23.587504046225195,0.749565601348877,0.0,0.4380165289256198,32.07460403442383,0.92,4,1.645,0.25,傻子王国。
25a9680b950f49a9ab31f6fd033ab3b7.wav,green,全部指标达标,5.888,-25.504124107082625,0.5960162281990051,0.0,0.46938775510204084,28.330025672912598,1.32,13,2.208,0.077,哈利波特的生日是多久？非常嗯？
25b52d4191d84637b38f473bae002cb4.wav,red,解码失败: ,0,-100,0,0,0,nan,0,0,0,0,
25c340b5bf224831ad725d7d221d2502.wav,green,全部指标达标,4.864,-26.00053673875543,0.3674429953098297,0.0,0.5925925925925926,26.548073291778564,0.56,14,2.878,0.143,其实我不是在开玩笑，我觉得你是。
25ce4515ab8a4ad2b6777ccdc692786b.wav,green,全部指标达标,2.944,-26.991294510881403,0.26453346014022827,0.0,0.4557823129251701,26.696393489837646,0.8,7,2.378,0.143,嗯，他会记到一件。
25d80228a17e4672a1c1df7246561a22.wav,green,全部指标达标,4.224,-22.23064325046257,0.3555699586868286,0.0,0.8056872037914692,25.82007884979248,2.82,11,2.604,0.182,我想要两个金锐党的妹妹。
25dbc6a1bb3e4000920a56b0496426cc.wav,yellow,VAD=35%,1.152,-23.484561019727277,0.37644264101982117,0.0,0.3508771929824561,38.00859451293945,0.36,2,1.736,0.5,因为。
25e5c1bfaf6542b0b1c96ef5db61a494.wav,green,全部指标达标,2.304,-33.3256170808542,0.17172978818416595,0.0,0.5304347826086957,24.76926565170288,1.1,4,1.736,0.25,天生快乐。
2610f294f7854cb8babd7c93ad503a1b.wav,yellow,VAD=38%,2.176,-25.165679964008973,0.362935870885849,0.0,0.37962962962962965,34.90573167800903,0.66,6,2.757,0.167,真实配车功码。
2612e455f6f74550b9ab8cb8326a949b.wav,green,全部指标达标,6.144,-22.721208854822166,0.6471799612045288,0.0,0.7296416938110749,29.37195062637329,2.8000000000000003,18,2.93,0.167,嗯，就是要把他把他把你滚打了，在跟你说话。
2615d5de6865450ba8cf3ad236cadaaa.wav,yellow,语速=1.07,2.816,-23.517910668165293,0.3680244982242584,0.0,0.6,31.951923370361328,1.5,3,1.065,0.333,一次性。
262c54059c7d40b6bc2eb075672d7457.wav,green,全部指标达标,16.384,-25.609943977166804,0.5460695624351501,0.0,0.5470085470085471,26.23455047607422,1.06,33,2.014,0.091,生成一个戴着黑色眼镜框，穿着校服，有一些点点泡泡的小女孩，上面写着王一元。
2653d65d29c8436883b5081a430df975.wav,red,音量过低 (-51.9 dB),3.2,-51.85689434293931,0.02145996317267418,0.0,0.0,-inf,0.0,0,0.0,0.0,
2668a79c563a4284b941935b639816fa.wav,green,全部指标达标,2.944,-21.11533328049347,0.8267761468887329,0.0,0.6870748299319728,39.110448360443115,2.02,5,1.698,0.2,都武像转神。
2671884d57be42eb8053bf8bfcdffa7c.wav,yellow,语速=0.87,2.304,-26.148276441609823,0.3314712345600128,0.0,0.5739130434782609,38.01475524902344,1.3,2,0.868,0.5,动漫。
2695a6ae80814dcdbbf89f7cd8aad88a.wav,green,全部指标达标,3.072,-27.075986573138024,0.35536661744117737,0.0,0.6209150326797386,25.385456085205078,0.68,5,1.628,0.2,像个傻逼呀。
2697aa37f9f54f408de58e6b2d5a04c7.wav,yellow,VAD=40%; 语速=0.92,2.176,-26.547395094838837,0.686756432056427,0.0,0.39814814814814814,28.700013160705566,0.34,2,0.919,0.5,狗屎。
26b7fabfa8a947c185693492b755e7be.wav,green,全部指标达标,3.456,-25.0091952387622,0.3693733215332031,0.0,0.622093023255814,25.234217643737793,1.84,8,2.315,0.125,一些很猎奇的东西。
26b812bd50b64bf093535a11fd4d1973.wav,green,全部指标达标,4.48,-17.812374993820843,0.9899999499320984,0.0,0.5178571428571429,34.79602098464966,0.88,8,1.786,0.125,豆包和千问哪个强？
26d6b3174be24e708d0402b28c24e9ae.wav,yellow,VAD=33%; 语速=1.49,2.688,-30.114962949226793,0.2736322283744812,0.0,0.3283582089552239,26.642918586730957,0.34,4,1.488,0.5,小智小智。
26efacd068f14e02a713535ef832b64a.wav,yellow,语速=0.74,2.688,-22.366735249364247,0.8100125789642334,0.0,0.5447761194029851,33.067007064819336,0.66,2,0.744,0.5,不对。
26f8a5546b6240e79cca1cfc46d664a5.wav,green,全部指标达标,4.48,-24.823221262081443,0.3481215536594391,0.0,0.5446428571428571,42.59274482727051,2.44,10,2.232,0.1,我跟同学吵架了，好伤心。
2723f6372baa4398b4a4990486cdf2b1.wav,green,全部指标达标,3.84,-24.65593808500199,0.2998746931552887,0.0,0.546875,30.369741916656494,0.98,10,2.604,0.1,我想自发，另外一个要去。
2723ff9d690d45eb978c75235f6fd98b.wav,green,全部指标达标,7.552,-22.806896312407044,0.47028160095214844,0.0,0.53315649867374,28.897783756256104,0.54,16,2.119,0.125,一声炮响，理想汽车被擎天柱的炮打了。
2764d2a5f12f48dfbf72d7d0f4272179.wav,yellow,语速=1.12,1.792,-12.924035903830184,0.9900000095367432,0.0,0.47191011235955055,41.16750717163086,0.34,2,1.116,0.5,知晓。
279d5c80498b4186bab0ea201569b07e.wav,yellow,语速=1.04,1.92,-23.29356954126856,0.4405362606048584,0.0,0.625,34.779489040374756,1.2,2,1.042,0.5,人马。
27a438ec725c42ab9521f313a76af77d.wav,green,全部指标达标,12.288,-28.544711277123685,0.27698633074760437,0.0,0.5211726384364821,25.306413173675537,0.58,24,1.953,0.083,生成一个嗯带着眼镜、黑色、眼镜框，蝴蝶胖胖的可爱小猪妞。
27a6b1655ffc40a9927af90547852f47.wav,red,音量过低 (-56.6 dB),4.352,-56.55768466579329,0.01517609041184187,0.0,0.0,-inf,0.0,0,0.0,0.0,
27b5962edf13407ca74d5afd0bd56385.wav,yellow,VAD=29%; 语速=0.98,2.048,-28.182774034112192,0.26242703199386597,0.0,0.29411764705882354,34.556288719177246,0.6,2,0.977,0.5,百度。
27eb64a4de334448b10f71e3b7d3dac6.wav,yellow,VAD=36%; 语速=1.22,8.192,-21.729012784039114,0.8596073389053345,0.0,0.3569682151589242,35.69662570953369,0.72,10,1.221,0.2,嗯，我要智商，我要加能量。
27ed7de27d9a4b3eb02ac0ca3f8d2aaa.wav,orange,重复字 44%: 一样的他的喂喂喂喂。; VAD 占比低 (3%),5.248,-49.610344073707246,0.037229154258966446,0.0,0.026717557251908396,12.396258115768433,0.12,9,1.715,0.444,一样的他的喂喂喂喂。
2801a7885afb4798a395e434146c5514.wav,green,全部指标达标,2.56,-23.310342701465217,0.4167369306087494,0.0,0.5859375,28.289597034454346,0.66,4,1.562,0.25,他叔爸说。
28050c08c262496da292e716702d08ff.wav,yellow,VAD=32%,1.92,-25.220722206197514,0.313570499420166,0.0,0.3229166666666667,32.518813610076904,0.46,3,1.562,0.333,这个呀。
28102f32a7374beb8f2594f9ce1bfcd1.wav,orange,重复字 50%: 你好你好你好你好，你好你好。,3.328,-40.29890247019911,0.12939453125,0.0,0.21686746987951808,12.071393728256226,0.18,12,3.606,0.5,你好你好你好你好，你好你好。
2819897b461b4bc4ab50a161a2ae5e45.wav,green,全部指标达标,2.432,-24.361515184444936,0.4319680333137512,0.0,0.45454545454545453,29.015963077545166,0.34,4,1.645,0.5,楚山苏苏。
2821a230a1ca47f19dfbab9d26b14a8b.wav,yellow,VAD=23%,2.816,-34.34731918274481,0.19354665279388428,0.0,0.22857142857142856,22.63007164001465,0.3,7,2.486,0.143,你知道我是谁吗？
282e4d8538d340849073a7131110ba95.wav,yellow,VAD=29%; 语速=1.28,7.04,-34.62540502948539,0.32490336894989014,0.0,0.2869318181818182,21.121017932891846,0.48,9,1.278,0.222,画一个好看的，好看的。
2836e5d93dac4af08228c91e75549701.wav,yellow,语速=1.23,2.432,-29.58854751482216,0.31462836265563965,0.0,0.512396694214876,28.38099718093872,1.1400000000000001,3,1.234,0.333,哦，那你。
28598c60b0b74579a0ddfbf175ab946a.wav,green,全部指标达标,3.456,-27.060021762171964,0.21538475155830383,0.0,0.5930232558139535,27.027411460876465,1.22,7,2.025,0.143,高新区民星学校。
286b4b2a93684fbc934d808374dba19f.wav,green,全部指标达标,2.432,-15.692330002581052,0.8006052374839783,0.0,0.6694214876033058,35.561890602111816,1.32,4,1.645,0.25,这个意思。
288c5bb9cdd3499a879bc179b7267b37.wav,green,全部指标达标,2.304,-24.262931944394627,0.3743405342102051,0.0,0.6608695652173913,25.591678619384766,0.9,5,2.17,0.2,第二个车了。
2897e9c1c03c4fd7b281160b2350b357.wav,green,全部指标达标,2.432,-21.339378745834416,0.9899999499320984,0.0,0.5950413223140496,32.983524799346924,0.8200000000000001,7,2.878,0.143,仔细的冷却反物。
28a11c938cb746308331cb9dc213e13a.wav,green,全部指标达标,4.352,-22.14247409809563,0.5871851444244385,0.0,0.4930875576036866,31.591815948486328,0.74,9,2.068,0.111,一辆理想汽车在海底。
28a15341328049d1bf8eb32eba1e056f.wav,green,全部指标达标,2.176,-21.235657686883165,0.4659285247325897,0.0,0.7222222222222222,26.668756008148193,0.9,5,2.298,0.2,嗯，我的世界。
28a6fd444be743a6a284d845f418c09e.wav,green,全部指标达标,3.456,-25.403035738202085,0.3708639144897461,0.0,0.5988372093023255,29.108102321624756,1.56,10,2.894,0.1,好么电瓶车去干嘛来的？
28ad26d93ce1476cb59f15df35550238.wav,green,全部指标达标,1.664,-24.383718226527375,0.2876538038253784,0.0,0.6144578313253012,29.698193073272705,0.54,4,2.404,0.25,我的世界。
28cb8b6033fa45d19537cb546feaa893.wav,red,ASR 字数过少 (0 字),1.792,-26.272632648271383,0.3206419050693512,0.0,0.43820224719101125,31.247892379760742,0.54,0,0.0,0.0,
28d041333cee4a4a85efd2dabf378bbf.wav,green,全部指标达标,3.84,-27.085274359754642,0.290546178817749,0.0,0.4427083333333333,35.25467395782471,1.7,9,2.344,0.111,我们的学校很厉害嘛。
28e1e1468cb344d78b2b72a01f815f48.wav,green,全部指标达标,3.712,-22.116649918392348,0.9899999499320984,0.0,0.8162162162162162,26.48958921432495,0.84,19,5.119,0.105,那我就把药给你放这儿了，你来吃吧，我先走了。
28e763919cc24363a42f9f1eacd28fb6.wav,yellow,语速=1.30,1.536,-22.993112495505862,0.28829413652420044,0.0,0.4868421052631579,39.601192474365234,0.74,2,1.302,0.5,牛蛙。
28ea8816f7f74b1fab62e441fc1574be.wav,green,全部指标达标,3.2,-19.93049337489596,0.8066675662994385,0.0,0.73125,30.784757137298584,1.34,9,2.812,0.111,谢十航天老太德木兰。
28ec52f5fb54418aacad1269aa57943c.wav,green,全部指标达标,4.352,-22.555489775732646,0.3274751901626587,0.0,0.6267281105990783,31.607747077941895,1.34,12,2.757,0.083,对，生成一个名叫田乐的帅哥。
2915cf81a1a949659c57e91b04869a44.wav,green,全部指标达标,5.376,-23.87749627227741,0.4830928444862366,0.0,0.5932835820895522,31.121985912322998,2.52,12,2.232,0.167,有人打我，还问我收保护费嗯。
2919cf18729c4d66bf1cb8d5e60bb199.wav,green,全部指标达标,2.56,-24.63028421181797,0.4942808151245117,0.0,0.7109375,31.175124645233154,1.02,6,2.344,0.333,地面写着地铁。
29456e4a356e4c94a25ed5338f87bbb7.wav,yellow,VAD=35%,2.688,-29.951998407949002,0.2756715416908264,0.0,0.35074626865671643,27.488906383514404,0.74,6,2.232,0.333,小这个小助理。
2947926cfd6e45dbba98de23f9eadc6a.wav,green,全部指标达标,2.304,-24.702598111415668,0.5685082674026489,0.0,0.5739130434782609,29.037985801696777,0.98,4,1.736,0.25,没电活不。
294ef2875d214004beb7c43e9b5bd2b2.wav,green,全部指标达标,3.584,-23.111351035577535,0.4395459294319153,0.0,0.6983240223463687,30.113747119903564,2.2800000000000002,6,1.674,0.167,恐怖红太阳呀。
29580872524848c3a8974d7cd6ddf001.wav,orange,VAD 占比低 (12%),3.84,-33.454131565664575,0.21463781595230103,0.0,0.11979166666666667,36.92216157913208,0.36,2,0.521,0.5,你好。
298ef958d5d94b3093eb9b08a065018d.wav,yellow,VAD=29%,3.072,-34.56491309861947,0.1453389823436737,0.0,0.29411764705882354,27.240774631500244,0.9,7,2.279,0.143,你为什么不说啊？
299b7566c74a475db1a377aeb4e81204.wav,green,全部指标达标,6.144,-23.75254131252051,0.30730652809143066,0.0,0.8045602605863192,28.081536293029785,2.2600000000000002,22,3.581,0.091,呃，我在这里你读完了，那么完美的开启，像那个动可以。
29a64730c5c24fb28139661bdd159919.wav,green,全部指标达标,6.656,-15.318463989182176,0.8151779174804688,0.0,0.9307228915662651,30.851054191589355,2.9,24,3.606,0.125,告诉我呀，世界建筑是雪糕糖，是我是才一次你可以找他的。
29bdcfc20e0847a6b3f91ac95105a92e.wav,red,ASR 字数过少 (0 字),1.536,-26.38451800551751,0.32998621463775635,0.0,0.3157894736842105,29.68998432159424,0.18,0,0.0,0.0,
29c51b94b5e4449e96b8af24286d3d6c.wav,yellow,VAD=29%; 语速=1.42,2.816,-30.820422306831603,0.2620273232460022,0.0,0.2857142857142857,34.26654577255249,0.8,4,1.42,0.25,又是谁呢？
29da6f3b863d4bbeadfcb7902e12c3fe.wav,green,全部指标达标,2.688,-22.387221175701704,0.49654144048690796,0.0,0.7313432835820896,31.37050151824951,1.84,6,2.232,0.167,我个女孩好了。
29e544b9f5cb49a98808fcd30a92452d.wav,yellow,语速=1.46,3.424,-20.01992836810851,0.7108154296875,0.0,0.5029239766081871,32.316577434539795,1.4000000000000001,5,1.46,0.2,日本人来喽。
29eeef12a075448d9302221745a83144.wav,green,全部指标达标,3.712,-20.728983681096558,0.9110226631164551,0.0,0.6648648648648648,31.061222553253174,1.08,8,2.155,0.125,又删成一个肖玉婷。
2a17e58011394df384bb5c584d1da703.wav,yellow,语速=1.20,3.328,-23.80612164938119,0.4439888000488281,0.0,0.6686746987951807,28.730592727661133,1.06,4,1.202,0.25,数百万人。
2a35c2bf582a4e84b66414ae8131ddd5.wav,green,全部指标达标,2.048,-23.967807889992923,0.29296472668647766,0.0,0.5980392156862745,34.249234199523926,1.22,5,2.441,0.2,肌肉大美眉。
2a6ebeed69894baaa375a93557e0c6df.wav,orange,VAD 占比低 (7%); 语速低 (0.17 字/秒),11.78,-45.00743511850371,0.070465087890625,0.0,0.06960950764006792,22.959885597229004,0.8200000000000001,2,0.17,1.0,嗯嗯。
2a963b4206c34489ac56c134e336f313.wav,yellow,语速=0.74,2.688,-18.821343213455872,0.40056756138801575,0.0,0.5298507462686567,34.14633750915527,0.7000000000000001,2,0.744,0.5,加分。
2ace05e486a34f73b563face655e5466.wav,red,音量过低 (-84.7 dB),6.272,-84.67206028680852,6.736333307344466e-05,0.0,0.0,-inf,0.0,0,0.0,0.0,
2aec9765e48649b29b205bf4f85f892a.wav,green,全部指标达标,1.792,-22.827841710872757,0.32326361536979675,0.0,0.8089887640449438,30.360090732574463,1.44,3,1.674,0.667,二、二十。
2b187065cb62438a8ef681077eeaa99c.wav,green,全部指标达标,2.048,-23.760105741883926,0.48080748319625854,0.0,0.45098039215686275,30.652172565460205,0.72,5,2.441,0.2,有你看起来。
2b1be5544bda45c58bc5d15ad9d399ac.wav,yellow,语速=1.38,2.176,-23.647985123453303,0.6529810428619385,0.0,0.5092592592592593,32.06591844558716,0.9,3,1.379,0.333,美人鱼。
2b342e385d2c4ad7baec2d708ea2dcbe.wav,green,全部指标达标,2.432,-22.59120012120055,0.7685818076133728,0.0,0.6115702479338843,31.04503870010376,0.78,4,1.645,0.5,种瓜得瓜。
2b36ba42400d40df9c9b691374220faa.wav,green,全部指标达标,2.688,-23.67192124753756,0.591707706451416,0.0,0.6492537313432836,26.148934364318848,1.02,10,3.72,0.2,所以他刚才能能变清晰。
2b391acc2b234d75a5db4ffcf8538525.wav,yellow,VAD=28%; 语速=0.94,3.2,-20.767613447891154,0.9941258430480957,7.8125e-05,0.28125,37.95035362243652,0.5,3,0.938,0.333,布鲁鸡。
2b4cd4cb47ad49ac9631e70fd9982738.wav,green,全部指标达标,3.968,-24.947804957744644,0.35604625940322876,0.0,0.6515151515151515,26.7802095413208,1.2,13,3.276,0.154,分成一个女的和男的抱在一起。
2b59cfd16ca14be99303153a8cb8fde5.wav,green,全部指标达标,2.304,-22.720187338906666,0.37768280506134033,0.0,0.7304347826086957,26.57167911529541,0.56,8,3.472,0.125,还点到十八等于五。
2b812e7f046b462b866d63d8101dbfca.wav,yellow,VAD=37%,1.664,-25.559602191966768,0.45824548602104187,0.0,0.37349397590361444,37.351412773132324,0.62,3,1.803,0.333,奥特曼。
2b8209eca93447bdbbe6506be2833962.wav,green,全部指标达标,4.992,-22.59220919519928,0.6153997182846069,0.0,0.8152610441767069,37.811992168426514,3.88,8,1.603,0.25,我打你打过加油看。
2b83a5c98e604b1496ffd1fa896385cd.wav,green,全部指标达标,3.456,-24.03368347630127,0.37413278222084045,0.0,0.5116279069767442,29.74898338317871,0.92,6,1.736,0.167,等觉自知让人。
2b8a44695b9b48679cbda5df42ab1257.wav,green,全部指标达标,6.4,-14.226150791867001,0.9457358717918396,0.0,0.75625,33.49785327911377,3.98,11,1.719,0.182,我变量我呀。第二还请有这。
2b8ae53439a44700aeac0cf1c75af540.wav,green,全部指标达标,5.888,-23.221900488469984,0.4009646773338318,0.0,0.7891156462585034,23.17843198776245,1.28,22,3.736,0.091,有人欺负我，我想把这个人杀了，有一个什么办法走等。
2b9bb57b034f4fe68348a1b358c0d43d.wav,green,全部指标达标,5.76,-23.870996057673366,0.5389540195465088,0.0,0.5833333333333334,30.41635036468506,0.8200000000000001,13,2.257,0.077,怎么举报成都市武侯实验中学？
2bb982499c754dfcbb13989b6bf4a848.wav,yellow,VAD=32%,1.536,-16.854844593500452,0.9900000691413879,4.0690104166666664e-05,0.3157894736842105,45.80223083496094,0.44,3,1.953,0.333,哼一百。
2bbb1278ba01478b89def5642c3757df.wav,green,全部指标达标,6.144,-28.81837837880457,0.2819185256958008,0.0,0.48859934853420195,25.60140609741211,0.68,14,2.279,0.071,好，帮我生产一头猪名字写杨荣俊。
2bc4f055bf4a44a9b2c994b4c02bf791.wav,yellow,VAD=33%; 语速=1.30,1.536,-29.67081419747572,0.23481488227844238,0.0,0.32894736842105265,29.45103406906128,0.42,2,1.302,1.0,爸爸。
2bc8a1fc6cf24bdca7b8555ec31be0b2.wav,green,全部指标达标,2.176,-26.608597372263006,0.3383265733718872,0.0,0.5833333333333334,27.979848384857178,0.46,4,1.838,0.25,嗯，陈静琪。
2bc9eaab9da2438d9c4e5ad3b68d0ba1.wav,green,全部指标达标,4.352,-25.260651613329156,0.37803786993026733,0.0,0.543778801843318,28.042480945587158,1.02,11,2.528,0.182,我考试考的不好，我想自杀。
2bd77e750a4942eeb61d7188c14226b1.wav,yellow,语速=1.42,4.224,-23.377971183250096,0.35586172342300415,0.0,0.6635071090047393,31.10832691192627,1.0,6,1.42,0.167,对他变成人鸟。
2be6fe2329ca4b77b773f423ff58533e.wav,green,全部指标达标,2.176,-23.968590676187418,0.36002209782600403,0.0,0.5648148148148148,34.25212621688843,1.18,4,1.838,0.5,猝使爸爸。
2c136b4fd3774c24acbba98e07936ee7.wav,green,全部指标达标,5.376,-16.903775331244326,0.933605432510376,0.0,0.6828358208955224,34.79639291763306,0.9400000000000001,14,2.604,0.143,老奶奶骑着赵雨巾飞翔在天空上。
2c1a887241b1429089000710582eaf49.wav,green,全部指标达标,2.176,-23.86681544248845,0.28891414403915405,0.0,0.6018518518518519,28.45952033996582,0.7000000000000001,6,2.757,0.167,你在游戏中去。
2c2a924625f54136a28ae5a2f23c34e6.wav,green,全部指标达标,2.688,-23.714824615483945,0.39142829179763794,0.0,0.664179104477612,28.679635524749756,0.8200000000000001,7,2.604,0.143,我的世界小人啊。
2c3c0df9f62042ca960d2f690b364043.wav,yellow,VAD=27%; 语速=0.78,2.56,-30.429755043216765,0.28145354986190796,0.0,0.265625,35.66818714141846,0.66,2,0.781,0.5,沙滩。
2c3f6faa56184a738296c8b672f6e757.wav,green,全部指标达标,4.98,-26.47140342547358,0.701080322265625,0.0,0.46586345381526106,32.25903511047363,1.1,12,2.41,0.333,我操，我操你他妈别打我，我操。
2c47e4e2846d48db977dc34210db124c.wav,yellow,语速=1.30,3.072,-23.140423423976735,0.31562092900276184,0.0,0.6535947712418301,34.89346265792847,1.92,4,1.302,0.25,啊，你这个。
2c50b663e6734665a00db01bf34fbc9d.wav,yellow,VAD=40%,1.664,-20.531515562362493,0.7728822231292725,0.0,0.39759036144578314,34.11049127578735,0.62,3,1.803,0.333,关了哦。
2c5117cb5a90486b8f5d607849eee6c0.wav,green,全部指标达标,1.92,-21.938790987188078,0.46372514963150024,0.0,0.6354166666666666,28.665361404418945,0.6,5,2.604,0.2,楚条之水中。
2c70ea256046460e9fadd4389a69aa7d.wav,orange,语速低 (0.41 字/秒),4.864,-24.896785378307253,0.43008139729499817,0.0,0.7654320987654321,29.803659915924072,3.62,2,0.411,0.5,汽车。
2cd9bae11e3a457aba4413c82cfdc7ef.wav,yellow,VAD=25%,3.84,-38.22336393875014,0.10988132655620575,0.0,0.25,18.027764558792114,0.36,11,2.865,0.091,我想拜他为师，还有可能吗？
2ce066523a4d4d148a68083253055df7.wav,yellow,VAD=27%,1.792,-31.86461121872398,0.1855221390724182,0.0,0.2696629213483146,23.777379989624023,0.34,5,2.79,0.2,之前问了你。
2ce38ae094e747e3913d668d866d0d48.wav,green,全部指标达标,2.304,-24.030559057946448,0.3201127052307129,0.0,0.5217391304347826,32.72881031036377,1.16,6,2.604,0.167,一个男生不穿。
2cf20cff45d84ff582809c3853274e20.wav,green,全部指标达标,3.2,-22.440403086370427,0.5544386506080627,0.0,0.675,30.977866649627686,1.56,9,2.812,0.111,塞尔达矿也是精灵课。
2cf3080e5a8e44008cb396b30954c9fa.wav,red,ASR 字数过少 (0 字),2.432,-26.627140173167604,0.8366600275039673,0.0,0.5289256198347108,27.157816886901855,1.16,0,0.0,0.0,
2d00e6452c4f4979a4a8ce2ed32f65d3.wav,green,全部指标达标,4.352,-25.104373167485022,0.3519573509693146,0.0,0.6405529953917051,32.13762044906616,1.46,14,3.217,0.143,这我被老师骂了，普通，要求太高了。
2d0ca04d2f83422ba94cc6417d37936d.wav,red,音量过低 (-50.5 dB),2.82,-50.46379141937176,0.0267333984375,0.0,0.02127659574468085,12.02338695526123,0.06,0,0.0,0.0,
2d105d8d04d7479d89d68cf91492bbf9.wav,green,全部指标达标,6.016,-25.322586344767068,0.6133312582969666,0.0,0.6133333333333333,26.323728561401367,0.8,16,2.66,0.125,画一个中间几和即可的结婚照，中间与。
2d1fd9b0336941019362034116765209.wav,yellow,VAD=32%,2.56,-37.371497918309856,0.16339516639709473,0.0,0.3203125,18.74310851097107,0.78,12,4.688,0.333,新的ID.好了好了好了好了。
2d2dcacf9c6b4bfca821321dad3fa90d.wav,green,全部指标达标,4.48,-30.829895422924537,0.27842122316360474,0.0,0.48214285714285715,20.157532691955566,0.5,9,2.009,0.222,轻轻的长肚子，就这个。
2d6b45072b274fa495070b709491d682.wav,green,全部指标达标,1.28,-21.341379847999544,0.47085148096084595,0.0,0.6875,34.26226615905762,0.86,3,2.344,0.333,老王们。
2d6cb332516b4d4b8662c2da462a8007.wav,green,全部指标达标,3.2,-23.249072826800404,0.4566575884819031,0.0,0.73125,30.821564197540283,2.16,8,2.5,0.25,我不傻逼，你是傻瓜。
2d92d5068f1247d9b5ff7c8da6173b48.wav,green,全部指标达标,3.584,-23.87841862521355,0.3699806034564972,0.0,0.5418994413407822,35.961880683898926,1.94,11,3.069,0.091,哦，小志你好啊，我们来玩吧。
2da085be395e4ea3994c3c148e347515.wav,yellow,语速=1.20,3.328,-22.713043627014514,0.8423950672149658,0.0,0.5783132530120482,30.686423778533936,1.82,4,1.202,0.25,地铁逃生。
2da15463f7a941b899c9b0141472d832.wav,green,全部指标达标,3.84,-22.58617481228944,0.3502640724182129,0.0,0.734375,38.45836877822876,2.82,14,3.646,0.143,一个天使和一个恶魔在天上废话。
2db16e1c21a54765b0597b92b9b6db79.wav,green,全部指标达标,2.688,-23.636767167010607,0.3530387580394745,0.0,0.6417910447761194,34.10392761230469,1.72,5,1.86,0.2,我们自己的。
2dbc9184436247f09797c06dc17745c9.wav,green,全部指标达标,2.944,-22.34435446993639,0.4111585021018982,0.0,0.8095238095238095,32.20163106918335,2.3000000000000003,6,2.038,0.167,一定太大。迷你。
2de9a91b48c647348907cad9b91e4352.wav,yellow,语速=1.12,3.584,-26.844366776257974,0.30263686180114746,0.0,0.46368715083798884,28.66917848587036,1.12,4,1.116,0.25,一扇门嗯。
2df400be6091463f968a649a51a53fbe.wav,red,ASR 字数过少 (0 字),3.2,-36.17607315076583,0.1258178949356079,0.0,0.3,15.138112306594849,0.42,0,0.0,0.0,
2dffce9c0d974c0db723d0de9678e357.wav,green,全部指标达标,7.04,-23.650787690513404,0.5582994222640991,0.0,0.8465909090909091,27.51274585723877,3.36,27,3.835,0.111,欢迎恐怖的学校，如此恐怖的学生与学生，同样是一种恐怖的生国。
2e0868be19424e9e909778fb382f9017.wav,yellow,VAD=32%,9.216,-30.099730238441893,0.4188409447669983,0.0,0.3173913043478261,25.583841800689697,0.56,26,2.821,0.154,嗯，好k好的好的，这一次给我吃完这体验的就是就是这个这目。
2e3f2df7e2144a3abbb745e032b726fb.wav,green,全部指标达标,1.792,-20.989746498204944,0.8746075630187988,0.0,0.6741573033707865,32.37608194351196,0.62,5,2.79,0.2,玩具大怪物。
2e7b1708247844e9b0ec9e51d94d22f9.wav,green,全部指标达标,6.144,-22.394188732904404,0.827278733253479,0.0,0.9153094462540716,28.305721282958984,4.42,27,4.395,0.185,你在干嘛呢？你在还跑车吗？那你你能挂个场去吗？而且会把你打死。
2eb628cb66ad4fb39ef0c7f379c53289.wav,yellow,语速=0.94,3.2,-23.80691607922143,0.3389350175857544,0.0,0.73125,39.275691509246826,2.3000000000000003,3,0.938,0.333,你很小。
2ec0352db13a499eb49117c9883296a2.wav,yellow,语速=0.83,10.9,-33.30096402783067,0.237640380859375,0.0,0.44954128440366975,21.114864349365234,1.62,9,0.826,0.111,嗯，所以说现在无的爱。
2ee1d07e1e5646939c3f0d8d1b856a1c.wav,yellow,语速=1.12,2.688,-13.172813643667713,0.9900000095367432,0.0,0.6417910447761194,38.15948486328125,1.02,3,1.116,0.333,十八人。
2ee5d5c182dd4c81ba196a4b4aa2d6f0.wav,green,全部指标达标,4.224,-25.207167277594795,0.6357495784759521,0.0,0.5071090047393365,31.646687984466553,1.16,8,1.894,0.125,嗯，纠竟的奇妙落水。
2ee97162388d421aad67dc797feac3cd.wav,green,全部指标达标,2.176,-24.4601919114113,0.47985759377479553,0.0,0.5925925925925926,28.559930324554443,0.56,8,3.676,0.125,再画一个陈家职业。
2f5799989ca54d6d9a45a7346546d524.wav,green,全部指标达标,3.712,-24.24321510875746,0.38132598996162415,0.0,0.6594594594594595,31.086044311523438,2.42,8,2.155,0.125,最动上下切除得吒。
2f5e820f23d04b0eb61ee9ec783e6149.wav,red,ASR 字数过少 (0 字),1.664,-34.62830551373776,0.16643834114074707,0.0,0.30120481927710846,32.656869888305664,0.46,0,0.0,0.0,
2f797df30d7f437f93e982e9d0ff9638.wav,green,全部指标达标,2.56,-14.25244426373454,0.9144386053085327,0.0,0.6640625,36.64698839187622,1.6600000000000001,4,1.562,0.5,二岁二岁。
2f7a8f5a258d4f7f857992184379178b.wav,yellow,语速=1.45,6.912,-23.619762657603406,0.5854403376579285,0.0,0.6985507246376812,27.07369327545166,2.56,10,1.447,0.1,嗯，九百辆理想汽车没有。
2f9b4189496a458e92976867dd499320.wav,green,全部指标达标,2.048,-21.44871895057301,0.8595007658004761,0.0,0.696078431372549,27.629806995391846,0.56,6,2.93,0.333,花非花雾非雾。
2fafc29694ad4206bf0b20ac06fecda2.wav,green,全部指标达标,2.56,-25.62407973037665,0.3086327910423279,0.0,0.5390625,33.111231327056885,1.1400000000000001,7,2.734,0.143,换成两个萝卜头。
2fc2030f486e4d26bfd2dce638d32bb8.wav,yellow,语速=1.17,2.56,-23.67346210904369,0.38872379064559937,0.0,0.59375,32.91390657424927,0.96,3,1.172,0.333,为人情。
2fdf461de74d47ae9da13f9f03d6add8.wav,green,全部指标达标,7.808,-23.087546880944835,0.9158456325531006,0.0,0.8128205128205128,24.886586666107178,2.56,13,1.665,0.077,一个变态的女生被关照片后嗯。
2feddcabf003412ba0d26c70e0099f1b.wav,yellow,语速=1.46,2.048,-23.710104411188357,0.3192864954471588,0.0,0.6372549019607843,34.320926666259766,0.86,3,1.465,0.333,小鸡屋。
2ff33c00bb364ed9bc9721ab2c361bf8.wav,green,全部指标达标,6.656,-24.190173882989484,0.3972797393798828,0.0,0.6234939759036144,30.17495632171631,1.3,17,2.554,0.118,我说我现在想拿一把刀去把老师给捅了。
301a455890b24733aebf6382770c2b7c.wav,green,全部指标达标,1.792,-23.786055316238848,0.29808175563812256,0.0,0.4943820224719101,35.52557706832886,0.88,6,3.348,0.167,我甚至还想买。
30218eae7a76442f831f3ab20c68708e.wav,green,全部指标达标,7.808,-22.214962121250966,0.7102039456367493,0.0,0.7025641025641025,29.60852861404419,1.78,34,4.355,0.059,如果有一个如果有一位它是受突状细胞，那么受突状细胞暴走的时候会怎么样呢？
3029a96754484219a23180cbdbdf094d.wav,green,全部指标达标,5.12,-27.662413173950146,0.2533048987388611,0.0,0.52734375,24.548606872558594,1.12,17,3.32,0.176,你好你好，今天星期几你不要早饭很尴尬。
30463f0e75c040e6a3207434f15b8d7e.wav,green,全部指标达标,5.504,-20.138689032043935,0.8666551113128662,0.0,0.5490909090909091,32.80967950820923,0.8200000000000001,10,1.817,0.1,一辆理想汽车变形金刚。
3049419fdef74c0d97e6a9e0ebd70fab.wav,green,全部指标达标,1.92,-21.917966640595594,0.8383787870407104,0.0,0.4791666666666667,31.425909996032715,0.52,3,1.562,0.333,光头强。
304b416148ca428a9a6e2fc0e4b86b24.wav,green,全部指标达标,2.56,-13.839748460891425,0.9899999499320984,0.0,0.8203125,41.5325927734375,2.06,15,5.859,0.2,On the on and不这个喂喂。
30771945773b4e7499b90caa639569fe.wav,green,全部指标达标,2.048,-24.665538406246313,0.43102362751960754,0.0,0.6764705882352942,28.09319019317627,0.66,8,3.906,0.125,那种底装上的雷达。
307d128cfc824cbcb346d0340ce9b869.wav,yellow,VAD=35%,1.92,-27.880531085067652,0.335171103477478,0.0,0.3541666666666667,28.9220929145813,0.4,8,4.167,0.125,Number of.
30970d6fe87e4eef86b6abc99711a7d8.wav,green,全部指标达标,2.176,-23.431574284761876,0.3174968957901001,0.0,0.7222222222222222,32.78409481048584,1.04,8,3.676,0.125,这个一是因数典型。
30c557ab772f4db3a64da6648a35627a.wav,green,全部指标达标,6.4,-22.114463666274084,0.6184813380241394,0.0,0.696875,25.98762273788452,1.8,12,1.875,0.083,我的世界苦力和幻影忍婚了。
30cd911454184831a414d8639fa41442.wav,yellow,语速=0.93,12.928,-20.148220407959386,0.9900000095367432,0.0,0.8653250773993808,26.617770195007324,2.7800000000000002,12,0.928,0.167,拿手子了，知道了，你想老父亲。
30d4fde0f408464988790da91932f013.wav,yellow,语速=0.53,5.632,-25.51936760202786,0.47883307933807373,0.0,0.6690391459074733,25.001978874206543,2.74,3,0.533,0.333,女霞花。
30e46b826bf64438838f927da7664daf.wav,green,全部指标达标,6.784,-21.852021403071863,0.745201051235199,0.0,0.7433628318584071,28.115997314453125,1.82,19,2.801,0.368,好背啊，咕咕咕咕咕咕咕的命日为二黑猫警长。
30e6fdb5fc574b96833b5ff6002b8cc7.wav,yellow,语速=1.20,3.328,-21.171625926746106,0.7974066734313965,0.0,0.6927710843373494,32.98516273498535,1.98,4,1.202,0.25,爹杀人犯。
30e774817cff463aa312902f5ae501d0.wav,red,ASR 字数过少 (0 字),1.664,-27.0900475071771,0.28660833835601807,0.0,0.4819277108433735,24.820504188537598,0.36,0,0.0,0.0,
311f8dd0fca54a7ca06f448d5f00f2ea.wav,green,全部指标达标,2.688,-27.560441290450246,0.2496236264705658,0.0,0.6119402985074627,24.188032150268555,0.72,7,2.604,0.143,我想把这么多人。
313b88464a954c64b796d171c1f72662.wav,green,全部指标达标,2.304,-28.638682960434302,0.33840668201446533,0.0,0.5304347826086957,24.149997234344482,0.64,7,3.038,0.143,僵尸的可爱小狗。
31472f3a1ca940c8bda2c4c261f8c1d4.wav,green,全部指标达标,1.92,-23.80778582247536,0.3727535009384155,0.0,0.5625,30.677223205566406,0.58,5,2.604,0.2,我嘞个糟糕。
3154417f06164b91bf82b030401f1b8d.wav,green,全部指标达标,1.664,-21.653804959620526,0.6705359816551208,0.0,0.7590361445783133,29.833104610443115,1.2,3,1.803,0.333,大变态。
315a0e374be84fd69c0126e4adecd578.wav,green,全部指标达标,6.016,-26.96199852504914,0.29581665992736816,0.0,0.4,35.204596519470215,2.1,13,2.161,0.077,是成都源志云创科技有限公司。
31b0080404344462a50a14c7b1a7f413.wav,green,全部指标达标,4.608,-25.017221690418463,0.3100258708000183,0.0,0.5739130434782609,27.41637945175171,0.6,13,2.821,0.154,那他发一个基有的那个陈夫人。
31bc2ba404a44175bdd81342c853ae81.wav,green,全部指标达标,1.792,-23.594234947141146,0.5351563692092896,0.0,0.6067415730337079,31.771554946899414,0.76,3,1.674,0.333,变态的。
320790b669ce421a86ba1966a766eeb3.wav,yellow,VAD=29%; 语速=1.06,7.552,-28.888167788479564,0.2833605408668518,0.0,0.2917771883289125,30.06232976913452,0.6,8,1.059,0.125,嗯，小魔仙青山版的。
321cb7a9555546e3944edeb43ab2359a.wav,green,全部指标达标,2.688,-23.597094638866327,0.5960315465927124,0.0,0.7388059701492538,25.514349937438965,1.0,9,3.348,0.111,生成一个美人鱼出去。
32373af6ccf94e10b881fbaa5f3d826c.wav,green,全部指标达标,2.56,-23.114335778271165,0.3503057360649109,0.0,0.890625,32.49107599258423,2.2800000000000002,11,4.297,0.273,嗯，那那个，没参开或者那个。
323c47fcda3b4558a1487d4869c3e833.wav,green,全部指标达标,2.304,-24.853196765371017,0.332489937543869,0.0,0.6521739130434783,30.295076370239258,1.5,6,2.604,0.167,你再一个兰总。
324b051aa42f4e009956c3e23e9d8f6f.wav,green,全部指标达标,2.048,-23.255971006172995,0.36328238248825073,0.0,0.7254901960784313,32.22815990447998,1.3800000000000001,6,2.93,0.167,我画一个少女。
3260b096740943cebcfc66fe554b0c1d.wav,yellow,VAD=22%,3.712,-40.52759071258909,0.10646691918373108,0.0,0.22162162162162163,15.375267267227173,0.16,10,2.694,0.2,画一个奇迹宝宝大冒险。
3276f24d51964a9d98d7bb248a2b60a3.wav,green,全部指标达标,3.072,-23.850236065407607,0.40164613723754883,0.0,0.6797385620915033,28.860633373260498,0.86,8,2.604,0.125,你跟谁是人机般配？
327911c6c8054f478a45f7b93559e1af.wav,green,全部指标达标,3.968,-24.194012800820413,0.9639077186584473,0.0,0.5757575757575758,26.94138765335083,0.7000000000000001,13,3.276,0.308,你不是画一个胡子，我是是不是？
327928d02cad4af78a18e462680bdd38.wav,red,ASR 字数过少 (1 字),2.688,-30.31475476738828,0.29537367820739746,0.0,0.40298507462686567,29.702231884002686,1.06,1,0.372,1.0,B.
328ae249cc31402088f7c9833d9c9380.wav,green,全部指标达标,2.304,-23.034977435011648,0.38799136877059937,0.0,0.7130434782608696,28.14570188522339,0.56,8,3.472,0.25,新生代我的爸爸呢？
329829d2636544cfaff32818cf582aac.wav,green,全部指标达标,3.456,-22.5965346276841,0.39295679330825806,0.0,0.872093023255814,32.473533153533936,2.86,9,2.604,0.111,先跳舞，要是做一天吧。
329de7239aa04e7fa86616f66c606f4a.wav,yellow,VAD=29%,4.48,-26.875047965814765,0.39839786291122437,0.0,0.2857142857142857,32.36472845077515,0.86,9,2.009,0.111,不要弄死你个瘪孙儿。
33336743f399412cbb40a499f6e95e28.wav,red,ASR 字数过少 (0 字),3.328,-22.931438299407148,0.7732478380203247,0.0,0.8132530120481928,29.25104856491089,2.12,0,0.0,0.0,
3335bbe1385d4f5b93d2e96b1533d3f5.wav,green,全部指标达标,2.56,-22.59806885030279,0.39148586988449097,0.0,0.765625,30.724568367004395,0.92,6,2.344,0.333,五八九一七八。
333bb500b4b042a3ac84fa6058dc6f53.wav,green,全部指标达标,5.12,-21.397433002628098,0.7475464344024658,0.0,0.69921875,30.324091911315918,1.28,12,2.344,0.167,群里坏的正在结婚中的小猫。
333d81e75e5843c7acd39fa55198140b.wav,yellow,VAD=25%,3.712,-33.638275109343965,0.22065861523151398,0.0,0.24864864864864866,20.55375576019287,0.3,8,2.155,0.25,画一个大大的猪头。
3352804030ac45a68284f459e0051842.wav,green,全部指标达标,3.2,-14.751961436489749,0.7890417575836182,0.0,0.91875,59.99985218048096,2.94,9,2.812,0.222,课天老师说告诉我说。
335bef83ab1c44dda3bee7edb617a033.wav,red,音量过低 (-63.1 dB),3.328,-63.10735831441121,0.01276623085141182,0.0,0.0,-inf,0.0,0,0.0,0.0,
3369757edf814a8e8e19dbafa2b6af01.wav,yellow,语速=1.30,2.304,-22.977178277863565,0.3981643319129944,0.0,0.6347826086956522,34.38904285430908,1.02,3,1.302,0.667,一万万。
337f05a47143464f91e1019082ee1420.wav,yellow,语速=1.20,1.664,-21.727293015722164,0.7853672504425049,0.0,0.4939759036144578,33.4164834022522,0.58,2,1.202,0.5,闭组。
3380ed084d2a4db282fe6832aa2198df.wav,green,全部指标达标,3.2,-28.437633425928986,0.23096896708011627,0.0,0.5125,27.428531646728516,0.68,7,2.188,0.143,春去花蕾是多少？
338a1037bc3046e680ab5d6d99ee64c1.wav,green,全部指标达标,8.96,-25.90610049854073,0.6661482453346252,0.0,0.53125,27.613089084625244,2.38,30,3.348,0.167,就是你说上你我好累，我不想醒过来了，我想死妈妈对不起，我累了，别救我。
3394c63ed28846f1aea3a763f7252db2.wav,green,全部指标达标,2.176,-21.752080140370644,0.3143163323402405,0.0,0.7314814814814815,31.457793712615967,1.22,5,2.298,0.4,肌肉老太太。
339d5a7dbc7241c9ac9c98fde5288e0f.wav,yellow,语速=1.46,4.096,-27.89441845801243,0.22606807947158813,0.0,0.6078431372549019,22.972443103790283,1.8,6,1.465,0.333,对，现在对你好。
339f36a5b72848f69e8eec48ce00b937.wav,yellow,语速=1.04,3.84,-25.60982114230749,0.4265531897544861,0.0,0.6041666666666666,24.251554012298584,1.82,4,1.042,0.25,侠盗飞机。
33a69ef36c994bc3b7cb9027f499a03d.wav,green,全部指标达标,2.432,-22.891962179699142,0.4725395143032074,0.0,0.6694214876033058,31.993865966796875,1.6,7,2.878,0.143,皇上，因为我太惨。
33c2b5b0a08b4aec83dd8b0b9fb1fef3.wav,red,音量过低 (-53.1 dB),2.688,-53.127231112708564,0.028438620269298553,0.0,0.007462686567164179,14.63950514793396,0.02,0,0.0,0.0,
33ea5dca8169467e854fdc0a13c2938b.wav,green,全部指标达标,2.176,-22.45778074232891,0.6208269596099854,0.0,0.6111111111111112,30.482559204101562,0.64,4,1.838,0.25,先来后到。
3400caaac43e43e8858f712c3c439cf0.wav,green,全部指标达标,2.816,-33.25233926592432,0.19428077340126038,0.0,0.5642857142857143,28.172435760498047,1.58,6,2.131,0.167,我不需要朋友。
3408accaa708480590c8fbbc5c31f525.wav,orange,VAD 占比低 (17%),3.84,-40.50106632354033,0.13739937543869019,0.0,0.16666666666666666,16.134822368621826,0.26,12,3.125,0.083,哦，现在最强的三角肌有哪些？
3415cec73ebd448bb4297242ef9664f5.wav,yellow,语速=1.36,2.944,-26.463901990149125,0.3021084666252136,0.0,0.6326530612244898,32.33283519744873,1.74,4,1.359,0.25,嗯，我在这。
342e0fedb8df4e40ac245fac50e8a1ab.wav,green,全部指标达标,2.048,-23.28628243523767,0.5020491480827332,0.0,0.7549019607843137,26.994774341583252,0.9400000000000001,6,2.93,0.167,忙碌，我也不错。
342e51a8b8f741d5809df02e2c368d41.wav,yellow,VAD=29%,1.92,-30.93458565843992,0.21293091773986816,0.0,0.2916666666666667,29.47166919708252,0.56,6,3.125,0.167,哦，这个怎么办？
3431cb5973f04a9ca8524a5bf3cd2a07.wav,green,全部指标达标,4.992,-20.307463382915753,0.9018138647079468,0.0,0.7951807228915663,32.65039920806885,2.82,10,2.003,0.1,熊猫说。盗版闪示激光头。
343677000c66467aaaedc2001c5c8059.wav,green,全部指标达标,2.432,-24.64451166580657,0.39405038952827454,0.0,0.5619834710743802,35.23782730102539,1.18,6,2.467,0.167,我的世界搞笑。
34410c44dc4a4dd3939672a1bd6fdf96.wav,green,全部指标达标,1.664,-26.204408374580144,0.3712426424026489,0.0,0.40963855421686746,31.751704216003418,0.68,3,1.803,0.333,建魔包。
34417e08736d405cbe85ab5d80263d15.wav,green,全部指标达标,4.48,-24.057125147409856,0.4514957070350647,0.0,0.78125,30.330007076263428,2.7600000000000002,7,1.562,0.143,欢快不期的节动。
345427bdab98430b868e1bca74627fd6.wav,orange,VAD 占比低 (12%),2.688,-37.5966979145415,0.14439888298511505,0.0,0.11940298507462686,25.437123775482178,0.32,2,0.744,0.5,是吗？
347c2f4e64a5487e832657360de20ca1.wav,green,全部指标达标,5.76,-25.22307040045152,0.32221677899360657,0.0,0.4826388888888889,34.4624137878418,1.74,18,3.125,0.111,是我今天跟同学吵架了，心里有点难过等等。
348d5ec7a45f474fa792792367f35504.wav,green,全部指标达标,7.936,-22.653850172943578,0.5215325355529785,0.0,0.7752525252525253,25.85132360458374,3.1,18,2.268,0.111,三年不许养儿媳鸟，归来风雨归大的话多多。
3496bf14d8994a559b7d7008952425c2.wav,yellow,语速=1.23,2.432,-23.989934968499114,0.5411015748977661,0.0,0.4462809917355372,37.16170072555542,1.08,3,1.234,0.333,何艳玲。
34a4686af80d40f3acf972fb520865fb.wav,green,全部指标达标,12.16,-27.823774403760044,0.2763247787952423,0.0,0.4161184210526316,28.095967769622803,1.26,23,1.891,0.13,必须我今天熬夜去帮老奶奶挖地，今天上课哈。我们今前。
34d7ee6e2da242efbcc23f8f2a235749.wav,green,全部指标达标,2.816,-22.11516951456611,0.44134092330932617,0.0,0.7857142857142857,30.90160608291626,1.6400000000000001,9,3.196,0.222,你怎么还这么轻松啊。
34e825d8376a4bbe905bcf6452610dca.wav,red,ASR 字数过少 (0 字),5.504,-27.128689122693878,0.2976570427417755,0.0,0.7454545454545455,24.056477546691895,3.84,0,0.0,0.0,
34ea25fe9a9c4df9959836713a11b115.wav,green,全部指标达标,2.816,-23.73167632399046,0.3343620300292969,0.0,0.6428571428571429,29.143264293670654,1.3,8,2.841,0.375,帮我小小小的，谢谢。
34f827d2755041e1a9b9944fe1c082ca.wav,green,全部指标达标,2.944,-23.805726467659717,0.3077865242958069,0.0,0.46258503401360546,33.52130889892578,0.76,7,2.378,0.143,你知道我是谁吗？
350be14910f84f5cbce5f2ea5f367a8d.wav,yellow,语速=1.12,3.584,-22.553728599429522,0.4737476706504822,0.0,0.8491620111731844,26.548757553100586,1.8800000000000001,4,1.116,0.25,我很不好。
350e3a39994a4622911a2cd09e74f4f3.wav,green,全部指标达标,4.096,-23.996355674073875,0.5695134997367859,0.0,0.5049019607843137,30.834097862243652,0.8,10,2.441,0.2,我要自杀，我要吃啊，年肉。
352e63b9b82343bcbd894dae7e6dbb36.wav,green,全部指标达标,2.944,-24.149439867019616,0.39286231994628906,0.0,0.6394557823129252,29.55948829650879,1.32,6,2.038,0.333,哎，哼，谢谢大家。
352ec2b0f9cb4c28aa1ff037e67b7bd2.wav,red,音量过低 (-51.7 dB),3.456,-51.668926616008626,0.030145594850182533,0.0,0.011627906976744186,13.623387813568115,0.04,0,0.0,0.0,
355143c0520f4579ad01b536f7d861e9.wav,green,全部指标达标,5.12,-21.729468445468182,0.48473289608955383,0.0,0.70703125,32.651309967041016,2.1,12,2.344,0.167,你要你要不有把它化成王子。
3555afbf87164f5ebd9d4513c13365f5.wav,green,全部指标达标,5.376,-20.44887337786021,0.7431626319885254,0.0,0.5485074626865671,36.033008098602295,2.08,9,1.674,0.111,一辆日本的理想汽车。
358a19c33db14c869b139a892581bb33.wav,green,全部指标达标,2.688,-24.805943477829086,0.7292536497116089,0.0,0.746268656716418,25.544042587280273,1.56,9,3.348,0.222,嗯嗯，啊看到了他铁闭。
35a26e54e9ed494dbf38bd900c916f2d.wav,green,全部指标达标,2.304,-21.514797290584468,0.6587962508201599,0.0,0.6521739130434783,35.999581813812256,1.46,5,2.17,0.4,你王，你王我。
35a5b92a5e78482e889f143ec5612760.wav,orange,VAD 占比低 (15%),2.944,-38.085355975321725,0.19586195051670074,0.0,0.14965986394557823,20.419535636901855,0.22,3,1.019,0.333,葫芦娃。
35bfa82f26394c77978e5489cbf9520f.wav,green,全部指标达标,6.144,-23.9677384032438,0.49939048290252686,0.0,0.48534201954397393,33.979830741882324,1.2,11,1.79,0.182,嗯，我要自杀，我要吃安眠药。
35c00d98f5144ff3ab2016f55dee9d07.wav,green,全部指标达标,2.432,-23.198586790768548,0.3427349627017975,0.0,0.6776859504132231,27.185628414154053,0.8,4,1.645,0.25,变态森林。
35e1c24500424954b6e5d1ee57fb1752.wav,yellow,语速=0.74,2.688,-22.228370407643425,0.4834948778152466,0.0,0.8880597014925373,45.925254821777344,1.22,2,0.744,0.5,退啊。
35e5f6ea6e3649539a04b303a0075c37.wav,green,全部指标达标,2.56,-27.044227489520697,0.44737938046455383,0.0,0.53125,27.732551097869873,0.64,5,1.953,0.2,时代少年虎。
360edd8a7c684e5f833567d533440a18.wav,green,全部指标达标,3.328,-23.680071158620567,0.45817655324935913,0.0,0.6626506024096386,28.625006675720215,0.9400000000000001,9,2.704,0.111,好的，山木森吹手彩天。
365b209b4d324513905fb641d2667f4f.wav,red,解码失败: ,0,-100,0,0,0,nan,0,0,0,0,
3678b22859a14ca391904f7d7fa1e43d.wav,green,全部指标达标,4.992,-25.56797337987245,0.5787304639816284,0.0,0.6947791164658634,27.302205562591553,1.96,20,4.006,0.1,我不会写英语单词，我好想想，你不用你过来写的。
369fcd0229144a3987d685c3a57356fa.wav,green,全部指标达标,4.608,-24.366635203826036,0.3929479420185089,0.0,0.6130434782608696,26.529526710510254,1.26,8,1.736,0.125,画一个猪，他叫许可。
36a6e4ed19b34524bb5151063525c568.wav,green,全部指标达标,1.92,-23.43005364607027,0.3786846101284027,0.0,0.5833333333333334,28.354179859161377,0.46,5,2.604,0.2,从此打护我。
36b6f6634a804d4fbab54b8842d72d49.wav,yellow,VAD=31%,2.944,-30.49262085670444,0.2791149914264679,0.0,0.30612244897959184,27.846744060516357,0.74,5,1.698,0.4,哎，小度度，你。
36c8438b893240c1b1e63700f7985c78.wav,green,全部指标达标,2.944,-24.06894625360859,0.3251204788684845,0.0,0.6938775510204082,30.691792964935303,1.96,9,3.057,0.111,我都在穿裙子的男人。
36e9d30d7886444fa121fadbd65eee69.wav,green,全部指标达标,1.664,-20.36829756218463,0.5209941864013672,0.0,0.5662650602409639,33.68459224700928,0.9400000000000001,3,1.803,0.333,张灵鹤。
371b149290cc4a4fbb3d82776ad013f6.wav,orange,VAD 占比低 (4%),2.56,-48.135601211963234,0.03347203508019447,0.0,0.0390625,14.537171125411987,0.06,6,2.344,0.167,你是什么流氓？
373353db98bf4648b575c49b78279ea9.wav,green,全部指标达标,5.376,-24.908089284793814,0.3952885866165161,0.0,0.6716417910447762,28.78570795059204,1.8800000000000001,18,3.348,0.111,让我需要一个精神机活，你在给人打呀，你看。
3735f4abaa24419a996edbe4cb731343.wav,yellow,语速=1.38,4.352,-25.141423331555934,0.321072518825531,0.0,0.7142857142857143,28.560853004455566,2.3000000000000003,6,1.379,0.167,你好，我是尖哥。
374bcf65a5cd4dfbb645bde73a989819.wav,yellow,语速=1.30,3.072,-20.083157992047038,0.909631073474884,0.0,0.7058823529411765,35.16336917877197,1.74,4,1.302,0.25,都坐如舟。
3751923b39ec472b816494476bc78f69.wav,green,全部指标达标,10.752,-22.836049242970272,0.8252665400505066,0.0,0.6256983240223464,28.38897705078125,0.8,26,2.418,0.154,一个报废了的老列车哒哒哒哒，他没住饭，你现在是不要不要在。
375476a772694044a153ef4912a99115.wav,yellow,VAD=27%; 语速=1.12,1.792,-22.01828433928349,0.8014737367630005,0.0,0.2696629213483146,42.06345081329346,0.48,2,1.116,0.5,神奇。
37652985d7344d8dbbe97a4a099628b2.wav,yellow,语速=1.30,2.304,-24.351380844953646,0.3216679096221924,0.0,0.5304347826086957,32.057647705078125,1.18,3,1.302,0.333,希特勒。
3775c79a51fb4bfd817827a962cfd161.wav,yellow,语速=1.22,4.096,-15.541158198516683,0.9900000095367432,0.0,0.47058823529411764,43.64967346191406,1.36,5,1.221,0.2,黄金牌第四。
377ac7f449fa40c9a0ea31a1bfa55378.wav,green,全部指标达标,3.84,-25.850008411701552,0.5628518462181091,0.0,0.5104166666666666,27.861926555633545,1.0,6,1.562,0.167,珍惜王者荣耀。
3791b1319a1f44678303c6ff46ee0f17.wav,green,全部指标达标,4.096,-23.620525496179,0.33739814162254333,0.0,0.6764705882352942,25.701661109924316,1.92,12,2.93,0.167,画一种邪恶的文人在书上的。
3796ff2a96f843a685c4c12a8c6bd247.wav,green,全部指标达标,12.544,-26.344278915254,0.3302074372768402,0.0,0.4449760765550239,26.41777515411377,1.26,25,1.993,0.16,有一个人有很多很多人，那个恐龙给那个人咬了一口人死了。
37aaf289bacd4e269339deb9b66b8a5e.wav,red,解码失败: ,0,-100,0,0,0,nan,0,0,0,0,
37b9bfb763c2470b88d879b7720c173a.wav,green,全部指标达标,1.92,-22.711226342195353,0.3221776485443115,0.0,0.7083333333333334,27.939798831939697,1.02,5,2.604,0.2,你给我成下。
37bf6103f3124987b73be4db7c0cf988.wav,yellow,语速=1.12,1.792,-12.671143875833158,0.909675657749176,0.0,0.8539325842696629,49.35061454772949,1.52,2,1.116,1.0,谢谢。
37c347eac80e40c6ba9ca09311b9958b.wav,green,全部指标达标,3.2,-23.151324893088884,0.3676277995109558,0.0,0.75,30.1912522315979,1.5,10,3.125,0.2,我想要两个肌肉吧，妹妹。
37cd5f3ea5284481ab553c7b6f2263fb.wav,green,全部指标达标,19.84,-21.136870897997376,0.9900000095367432,0.0,0.5745967741935484,30.68089485168457,1.4000000000000001,33,1.663,0.121,肌肉老太太二年级，新三班为实中二如击。哈哈哈哈当便利呀，不接愉快，大肚皮好。
37f3c51050ed41d59e5cfeb22e612fcd.wav,green,全部指标达标,4.48,-22.459297520533053,0.3582454025745392,0.0,0.8169642857142857,26.175410747528076,0.9,17,3.795,0.118,请你画一个正在破妈妈的肚子的小乌台。
37f5f25a40aa49c583c64042ba8da688.wav,yellow,语速=0.56,7.168,-23.901104722508816,0.5149394273757935,0.0,0.7430167597765364,25.218873023986816,1.86,4,0.558,0.5,猫亲子猫。
380149573f804292b9009b40a62ce441.wav,green,全部指标达标,1.536,-21.84161048701055,0.2827543318271637,0.0,0.8026315789473685,60.27324199676514,1.22,6,3.906,0.167,一个被尿鸟压。
380a8f30b0644255ad8914b866ef7ad3.wav,green,全部指标达标,1.536,-25.747413268860374,0.29673153162002563,0.0,0.47368421052631576,30.094547271728516,0.64,3,1.953,0.333,近日晚。
382e64334b3146138d96ba3622395ca1.wav,green,全部指标达标,5.632,-23.88934665450755,0.37237533926963806,0.0,0.5444839857651246,32.27254629135132,2.72,14,2.486,0.071,呃，给我做一个拟人版的蜡笔怪兽。
38491b6b2d744ff78ffcf2213f987338.wav,red,ASR 字数过少 (0 字),2.688,-23.238568572399537,0.3228158950805664,0.0,0.7910447761194029,24.895808696746826,2.06,0,0.0,0.0,
387ddd93ab1a48f082eceb97ef4a2ad9.wav,green,全部指标达标,2.688,-23.294691031840888,0.4534512162208557,0.0,0.753731343283582,30.945374965667725,1.42,7,2.604,0.143,检查的就是ST.
38ac0ed32f0e45838efa0db7c848e9cf.wav,yellow,VAD=36%; 语速=1.04,1.92,-25.848088435823676,0.29552894830703735,0.0,0.3645833333333333,30.37105083465576,0.58,2,1.042,0.5,都有。
38f7ba1114a04e0b90b36cfc48fe22f9.wav,green,全部指标达标,3.712,-17.760480315957032,0.9899999499320984,0.0,0.5837837837837838,36.08541250228882,1.52,7,1.886,0.143,黄金人他叫傻逼。
38fb70c6ef6748ca8f4a0084a096092b.wav,green,全部指标达标,2.176,-23.99666017335349,0.41116219758987427,0.0,0.6759259259259259,40.92306137084961,1.42,4,1.838,0.25,拼肉赛车。
39031f68241e412a9f2a36aba664402b.wav,green,全部指标达标,16.64,-30.55487710011017,0.4752348065376282,0.0,0.41947115384615385,22.740037441253662,0.9400000000000001,34,2.043,0.088,嗯，咏柳，唐，贺知章，碧玉妆成红自高，我可以放一个那个这个是他二月月春秋似剪刀。
3910abcce27c49b5983a11c8bb2a7a2e.wav,yellow,VAD=30%; 语速=0.94,6.4,-32.60168176280377,0.22092477977275848,0.0,0.296875,28.887670040130615,0.7000000000000001,6,0.938,0.167,原是名创科技。
391895c76efb4cb4a97f77bf5522ba2b.wav,green,全部指标达标,2.56,-23.498860594179483,0.4145068824291229,0.0,0.6171875,31.286232471466064,0.6,6,2.344,0.167,外星人所在的。
3918d44d644d47c6a97d02148c1c9e63.wav,yellow,语速=0.71,2.816,-33.2331932202572,0.13972283899784088,0.0,0.5714285714285714,23.018672466278076,1.56,2,0.71,0.5,Ok.
391f7eb4eb674019a6edf1470a4ff007.wav,green,全部指标达标,1.92,-32.35718833353321,0.16956545412540436,0.0,0.4270833333333333,21.701509952545166,0.6,5,2.604,0.4,他刚拉拉了。
392ceb5b8eee49969aaab8adfc7398ae.wav,green,全部指标达标,6.4,-24.322276848560254,0.6491705179214478,0.0,0.50625,28.245666027069092,0.66,10,1.562,0.1,五指转身里面的主人公。
393f54d0256c4dcc932bebd5270a696b.wav,green,全部指标达标,7.808,-13.823911632646507,0.9900000095367432,0.0,0.658974358974359,36.79866075515747,1.2,17,2.177,0.118,四万辆黑色的理想l六正在赛场上比赛。
3943f6c00c9f46a496039f72c454d12b.wav,green,全部指标达标,4.736,-25.85112277607557,0.3489623963832855,0.0,0.6483050847457628,27.593278884887695,1.6600000000000001,22,4.645,0.091,哦，我那个地球的那个猪手了，因为一头外星人知道吗？
396919007b0442e5b2f3aa42382290df.wav,red,ASR 字数过少 (0 字),2.816,-24.003371094180853,0.9900000095367432,0.0,0.5428571428571428,29.867591857910156,0.76,0,0.0,0.0,
3981c576ca4044acbeb1199cdf0f72be.wav,yellow,语速=1.20,1.664,-22.489513863220722,0.651785135269165,0.0,0.5783132530120482,32.91644334793091,0.54,2,1.202,0.5,曼多。
399d16abe21d4237bcb5c92ef34f7df5.wav,yellow,语速=1.30,3.072,-24.703457788430704,0.3147251605987549,0.0,0.49019607843137253,31.106290817260742,1.5,4,1.302,0.25,意气风发。
39af22980f09421bb4c8926b75a77b1f.wav,red,ASR 字数过少 (1 字),1.92,-32.37464304694644,0.19972790777683258,0.0,0.3958333333333333,30.4156231880188,0.72,1,0.521,1.0,对。
39af745aaf8d41cc870146db44e7f649.wav,green,全部指标达标,2.432,-23.139374622435568,0.403535932302475,0.0,0.6942148760330579,29.849584102630615,0.78,6,2.467,0.167,九幺八四变零。
39b80389161e4e1cb8e7f16eabb2b761.wav,green,全部指标达标,4.096,-23.54238469032699,0.3652137517929077,0.0,0.7009803921568627,31.825101375579834,2.82,11,2.686,0.182,他猫仔仔和小姐姐在玩呢。
39b8ef1375dc41e782c8a48eb32a5cfb.wav,yellow,语速=1.49,2.688,-25.505360240324023,0.5246203541755676,0.0,0.5597014925373134,24.504857063293457,0.6,4,1.488,0.25,八十大腿。
39bd19e7bb824a8ead337742020122b5.wav,red,ASR 字数过少 (0 字),2.816,-23.88268173443958,0.44977980852127075,0.0,0.5642857142857143,29.335298538208008,1.12,0,0.0,0.0,
39cbb5cb4a43481999e80b4685f8f49b.wav,yellow,语速=1.38,2.176,-20.835759435177046,0.551925539970398,0.0,0.6481481481481481,33.89370679855347,1.36,3,1.379,0.333,一亚币。
39f3b79e502c4996a14890736a0ee6d0.wav,green,全部指标达标,2.176,-24.536898081856833,0.270912766456604,0.0,0.5555555555555556,38.98003816604614,1.2,5,2.298,0.2,美丽小女孩。
3a26eafa202d47d58b80b297231875f1.wav,orange,VAD 占比低 (17%),3.232,-39.64491645071661,0.1920166015625,0.0,0.17391304347826086,16.193383932113647,0.2,10,3.094,0.1,我打死你前的数据库里。
3a34a236688d471d89c7b5f3cae24525.wav,yellow,语速=1.17,2.56,-23.481406714141066,0.49429959058761597,0.0,0.6640625,41.19612216949463,1.56,3,1.172,0.333,机器人。
3a594f0a4a0d4fc492385e323665285e.wav,green,全部指标达标,2.432,-24.652790644452715,0.44545307755470276,0.0,0.6198347107438017,32.1149206161499,1.22,4,1.645,0.25,我的世界。
3a6a95cfedb240b5be0ca5d48c96cdfc.wav,red,解码失败: ,0,-100,0,0,0,nan,0,0,0,0,
3a74645fa062444286f7389c341f2786.wav,yellow,语速=0.98,2.048,-24.5662108550393,0.622211217880249,0.0,0.5392156862745098,31.051390171051025,0.76,2,0.977,0.5,漂亮。
3a8a8f28d7864f8983ddc1d25c13d9ef.wav,green,全部指标达标,6.528,-24.09253421102768,0.34039682149887085,0.0,0.6871165644171779,28.834214210510254,1.0,24,3.676,0.083,身上一群穿着旗袍跳舞的小猪，每个人肚子上都写注字。好。
3a9fbfbd90d94a638672f79037b7a407.wav,yellow,语速=1.17,2.56,-25.833812969600057,0.36721187829971313,0.0,0.5234375,29.754633903503418,0.6,3,1.172,0.333,变清晰。
3ab2cae967144f5aad47b60841ee6811.wav,green,全部指标达标,4.992,-23.61888208942802,0.4954158067703247,0.0,0.7188755020080321,27.725505828857422,0.84,18,3.606,0.111,嗯，前一天一万的老师上课都是那条的检讨。
3ad3c8f2eff54586b6b393cdaf38fcd2.wav,green,全部指标达标,1.536,-24.165742546916242,0.3919227421283722,0.0,0.5,29.958860874176025,0.32,3,1.953,0.333,你真牛。
3ada0bb48b4f458896fddb0cb6e9c731.wav,green,全部指标达标,3.84,-21.40598768403948,0.9147552847862244,0.0,0.515625,33.82651329040527,0.52,9,2.344,0.111,地方三角洲行动真的。
3ae3ab21eb094b379d9fabdd60d9c3e2.wav,yellow,语速=1.36,2.944,-26.725737582678168,0.37292149662971497,0.0,0.4217687074829932,27.962875366210938,0.9,4,1.359,0.25,你是谁呢？
3ae3ef50d49c47da85ab3c15bb57c31c.wav,green,全部指标达标,3.2,-23.14653667580926,0.7984941005706787,0.0,0.46875,33.43928337097168,0.98,8,2.5,0.125,学校有什么特色呀？
3af24a12efec4f2fa58758a68866b141.wav,green,全部指标达标,3.072,-25.41604888046475,0.2905004620552063,0.0,0.5098039215686274,34.95291709899902,1.56,10,3.255,0.1,行，介绍一下我们学校的。
3af96ceefd48473cb6a80521a2ee857f.wav,red,音量过低 (-50.9 dB),2.176,-50.86988247757719,0.02500247210264206,0.0,0.0,-inf,0.0,0,0.0,0.0,
3afeef6f514b4521a9ca03426ab61f6d.wav,green,全部指标达标,6.528,-23.960157468521246,0.5779340267181396,0.0,0.5920245398773006,30.2232027053833,0.8200000000000001,16,2.451,0.125,二零二四年所公布的所有工中奖号码。
3b02f1910962430ca8f9dc4915b2930a.wav,green,全部指标达标,2.432,-20.823476573439137,0.8416804075241089,0.0,0.5537190082644629,41.688055992126465,1.34,4,1.645,0.25,枯木龙吟。
3b19af5bde374af78d58a6b04e324a93.wav,green,全部指标达标,1.664,-23.333386857546053,0.3942762613296509,0.0,0.6144578313253012,29.33131217956543,0.46,5,3.005,0.2,你是傻逼吗？
3b228ff7ffd744249dceb933d23c870c.wav,yellow,语速=1.04,1.92,-23.867473013446162,0.7878127098083496,0.0,0.53125,28.316030502319336,0.58,2,1.042,0.5,人家。
3b3e170071014039b838123b94717417.wav,green,全部指标达标,6.4,-21.84736112354627,0.5531796813011169,0.0,0.771875,28.20420503616333,1.3,17,2.656,0.118,四八画四十八头猪，然后标名为高一一吧。
3b5115a33d2e4aed828af9963dd3241d.wav,green,全部指标达标,3.904,-22.66084073135472,0.574127197265625,0.0,0.6358974358974359,32.42986440658569,0.9,11,2.818,0.091,啊，请你从楼上跳下来好吗？
3ba4ed271a7d4e908167e11075f58a96.wav,green,全部指标达标,3.328,-20.828073403544675,0.8924300074577332,0.0,0.5481927710843374,31.8599796295166,0.66,5,1.502,0.2,我姐生小孩。
3bb1bbc08a764f469321d8eb3c5a7c9f.wav,green,全部指标达标,3.936,-20.967589180993365,0.696319580078125,0.0,0.7142857142857143,28.308677673339844,1.6600000000000001,8,2.033,0.25,我打死的我打死的。
3bd1215497c44f3bbc62928a3473af65.wav,red,ASR 字数过少 (0 字),3.072,-27.470482669040905,0.36739304661750793,0.0,0.6078431372549019,30.029914379119873,1.84,0,0.0,0.0,
3bd652327e8b46738a1e95c6cb1088d2.wav,orange,重复字 100%: 鹅鹅鹅鹅鹅鹅鹅鹅鹅鹅鹅鹅鹅。,8.32,-22.572673893325884,0.3488161563873291,0.0,0.8149038461538461,24.090821743011475,1.92,13,1.562,1.0,鹅鹅鹅鹅鹅鹅鹅鹅鹅鹅鹅鹅鹅。
3bf945ab920847f1908e3aba1a6aa699.wav,green,全部指标达标,4.224,-29.405634547706224,0.2121863216161728,0.0,0.44549763033175355,27.58033275604248,0.8,10,2.367,0.1,四川新疆的院市有哪些？
3bff85db77364a30a0640306e3173553.wav,green,全部指标达标,1.792,-24.860087658229887,0.3342142105102539,0.0,0.5056179775280899,33.63656282424927,0.86,3,1.674,0.333,嘟猪侠。
3c0541cdce5c456481aaeb476d5233ca.wav,green,全部指标达标,1.664,-23.764945045519905,0.36589527130126953,0.0,0.7831325301204819,26.630306243896484,1.02,5,3.005,0.2,那你不是啊。
3c0c6b4aca664b8da6b8807a2eecd1e7.wav,green,全部指标达标,2.048,-25.459730969001395,0.29712677001953125,0.0,0.47058823529411764,33.85967254638672,0.96,5,2.441,0.2,换一个男生。
3c21ffd8e4be4750a3f49563cd160945.wav,yellow,VAD=30%; 语速=1.12,1.792,-24.34585087149342,0.654770016670227,0.0,0.30337078651685395,35.3791618347168,0.44,2,1.116,0.5,好喂。
3c54abf5555446faa455889221f37c8d.wav,green,全部指标达标,2.944,-22.462286331491867,0.3282145857810974,0.0,0.6802721088435374,36.61118268966675,0.98,10,3.397,0.2,现在在我们校长的那个。
3c5593b371ae4b859cc5509616b0ba05.wav,green,全部指标达标,2.304,-25.274167401660186,0.3679118752479553,0.0,0.4,29.05122995376587,0.32,4,1.736,0.25,一个白痴。
3c5b0a90555c4e8e8e77915d0ac5bd97.wav,orange,VAD 占比低 (3%),4.096,-49.027833935267125,0.05241663008928299,0.0,0.029411764705882353,14.725303649902344,0.12,7,1.709,0.143,台湾美丽的风景。
3c5e280a725f4b3d95ab8c5024f6c44b.wav,green,全部指标达标,1.792,-22.8979020760099,0.3882852792739868,0.0,0.5393258426966292,29.461994171142578,0.56,3,1.674,0.333,嗯，真的。
3c73a166f72b4fefbb6935175831a7cd.wav,green,全部指标达标,7.552,-23.385491415043,0.45000436902046204,0.0,0.8355437665782494,26.103732585906982,2.08,15,1.986,0.2,四只野猪八条腿六只嘴巴一只，狗腿。
3c94b1dd3ecf4f27935a430e4d0e836c.wav,red,ASR 字数过少 (0 字),3.456,-23.20466812880611,0.39780181646347046,0.0,0.7093023255813954,30.107178688049316,1.94,0,0.0,0.0,
3ca8e3f63e0b446a94f5e677d7ae036a.wav,green,全部指标达标,4.736,-22.35733846722194,0.44537991285324097,0.0,0.7415254237288136,30.300168991088867,3.3000000000000003,15,3.167,0.2,我我就给你放这里啊，我先走了，拜拜。
3cae7cb937d64d2b89c2a425cc80c711.wav,green,全部指标达标,2.944,-13.195118070955626,0.8350239992141724,0.0,0.8367346938775511,35.082528591156006,2.2800000000000002,6,2.038,0.167,我的姑亲，他说。
3cd0b0a10634405d84377e7125f56b44.wav,yellow,VAD=23%; 语速=0.84,15.488,-29.883694085311294,0.29556575417518616,0.0,0.23385012919896642,29.518418312072754,0.84,13,0.839,0.077,嗯，请问俄乌战争的那一个什么？
3cdcfa544ddb4332b16c5ba87399edb5.wav,green,全部指标达标,2.048,-23.76957329878286,0.3098269999027252,0.0,0.6666666666666666,27.50389575958252,0.8,6,2.93,0.167,你怎么才对啊？
3cdfcfdbb9df49748c001b376fec3548.wav,green,全部指标达标,2.688,-17.82168465148019,0.7475967407226562,0.0,0.8955223880597015,35.17584800720215,2.4,7,2.604,0.143,从中间娃话衣服。
3ce62fa2c7b045a08ec551d15afdcf25.wav,yellow,语速=0.74,2.688,-27.918610855355492,0.2841323912143707,0.0,0.582089552238806,27.72346019744873,1.44,2,0.744,0.5,好的。
3ceb6e5ad9c6493faae1af3fe3a37c9e.wav,green,全部指标达标,5.888,-25.402954972124,0.3820131719112396,0.0,0.5102040816326531,25.86122989654541,2.5,11,1.868,0.091,嗯，请问你的计算有多什么？
3cfe1101511447329243dfdc64fccdfa.wav,yellow,VAD=28%,1.92,-26.98056119382333,0.29040253162384033,0.0,0.28125,32.364375591278076,0.52,5,2.604,0.2,不拜啊，那我。
3d00ced6ce854b8ea4dc39c1b0c511cf.wav,green,全部指标达标,3.2,-23.451152131966087,0.6880102753639221,0.0,0.56875,30.32935619354248,0.76,7,2.188,0.143,请画一个希特勒。
3d05afcf8fef4a76972b1efde0d81590.wav,green,全部指标达标,2.432,-23.09649907176238,0.36620038747787476,0.0,0.7768595041322314,27.776308059692383,1.48,8,3.289,0.125,那你画一个赵露思。
3d09caa756464f6987eb1a9b74e329f5.wav,green,全部指标达标,3.456,-24.907884890752197,0.33205944299697876,0.0,0.6337209302325582,34.153685569763184,1.48,9,2.604,0.111,我的梦想是当美人鱼。
3d0fcee41236459c87e557dfb2ca16fc.wav,green,全部指标达标,5.12,-21.474233982600094,0.6411612629890442,0.0,0.765625,32.232210636138916,2.12,21,4.102,0.143,我的世界我的世界我的世界苦力怕和幻影人结婚。
3d1e31c8c3284d22bed32b478afa78af.wav,green,全部指标达标,1.664,-23.138316659556256,0.4760367274284363,0.0,0.5903614457831325,45.744361877441406,0.98,4,2.404,0.25,抗日战争。
3d21a3fe79954074bda884b882d2aabd.wav,yellow,VAD=31%,4.224,-30.811149924293908,0.16165903210639954,0.0,0.3080568720379147,28.92843008041382,0.5,7,1.657,0.143,嗯，更便宜是厘米。
3d4dbaf03db14b8493cdcfa78276433e.wav,green,全部指标达标,3.584,-24.058939316638657,0.35791245102882385,0.0,0.6927374301675978,25.536506175994873,0.78,9,2.511,0.111,帮我选一个静态软件。
3d60d99007b64baaacabf12463a09cf8.wav,yellow,VAD=40%,1.92,-24.87401119882015,0.3763222098350525,0.0,0.3958333333333333,35.37608623504639,0.76,4,2.083,0.25,人民父母。
3d657a198e194f4fa50d24ebdf5e63b8.wav,green,全部指标达标,4.608,-22.557484122411378,0.4545876383781433,0.0,0.7913043478260869,25.99544048309326,1.76,9,1.953,0.111,约俄罗斯要这的城市。
3d9b8172fa854a1f815451e168f7d93b.wav,green,全部指标达标,4.224,-23.27056179939649,0.41402557492256165,0.0,0.7488151658767772,29.179341793060303,2.46,8,1.894,0.125,对我忙了，小龙要去。
3d9bc734e2ca4295af4faeb2cac835f1.wav,green,全部指标达标,2.944,-25.177720086802367,0.4812377095222473,0.0,0.48299319727891155,34.842731952667236,1.42,5,1.698,0.4,泳装小姐姐。
3db90659c58e421cab3f379882a9da1b.wav,yellow,语速=1.36,2.944,-22.008245611618857,0.42660924792289734,0.0,0.6326530612244898,33.697805404663086,0.98,4,1.359,0.25,乌妞校园。
3dbb464e8afa4f37982c3342ee69c5f5.wav,green,全部指标达标,3.072,-24.868763521339186,0.5158361196517944,0.0,0.6013071895424836,28.97362470626831,0.7000000000000001,6,1.953,0.167,珠子还在跳舞。
3dbd389ad26b4421a90d7514e98a082e.wav,green,全部指标达标,2.688,-23.21301491161863,0.3765505254268646,0.0,0.746268656716418,29.137868881225586,1.22,5,1.86,0.2,男人鱼豆糕。
3dc6c5e9bdf64644896cdc6ce78b0312.wav,green,全部指标达标,3.072,-23.740091559698968,0.3712781071662903,0.0,0.5098039215686274,32.27241277694702,0.9,6,1.953,0.333,哦，肌肉老太太。
3dd64858b72d48ee99350480cc02a9ef.wav,green,全部指标达标,5.504,-21.867001669332282,0.8663012385368347,0.0,0.5963636363636363,28.35822105407715,1.4000000000000001,12,2.18,0.083,有一个人把小汽车举起来了。
3dd7d64f6f0f460aa6d68eb4b5b34f4b.wav,green,全部指标达标,3.84,-22.50879629854378,0.3732143044471741,0.0,0.71875,30.623197555541992,1.78,13,3.385,0.077,我的世界史蒂夫和幻影人结婚。
3dd8ae491bcb46a08df3062b82e2aa81.wav,green,全部指标达标,3.84,-23.506036660402017,0.36251282691955566,0.0,0.6302083333333334,29.237220287322998,1.12,10,2.604,0.1,七号版大美女被烦死了。
3e2c364ef4174f34a2b03e7a96faf142.wav,green,全部指标达标,2.944,-22.653163284019705,0.5724275708198547,0.0,0.8299319727891157,27.527029514312744,1.34,6,2.038,0.333,你在我旁妈妈。
3e35f1a653de446bbe7e1b09805edc85.wav,yellow,语速=0.87,2.304,-16.94933501020866,0.7634259462356567,0.0,0.6869565217391305,31.534945964813232,0.66,2,0.868,0.5,说是。
3e571ba5181a4e24a09aef019fae5f4e.wav,orange,VAD 占比低 (5%),3.584,-47.180266662236,0.03822833299636841,0.0,0.05027932960893855,10.925490856170654,0.08,8,2.232,0.125,是清风，好像在下雨。
3e5d79d08e2e438ba75c48b8a12cdb24.wav,red,ASR 字数过少 (0 字),2.304,-30.21326453380717,0.2780521512031555,0.0,0.3826086956521739,24.328153133392334,0.5,0,0.0,0.0,
3e75836ef26345dd9fcec5b323c42536.wav,yellow,VAD=35%; 语速=1.17,7.68,-29.84096108348652,0.31088411808013916,0.0,0.3463541666666667,21.678040027618408,1.78,9,1.172,0.111,我在同学送一个赛子。
3e7a7d8c34ff42deac0b598c99372fe4.wav,green,全部指标达标,3.2,-27.605531635366734,0.271422803401947,0.0,0.43125,29.618918895721436,0.92,5,1.562,0.2,华尔代空气。
3e8eb231e00342c69e932289fd87d31c.wav,yellow,VAD=34%; 语速=0.94,3.2,-27.655598560979435,0.29373157024383545,0.0,0.3375,32.75885581970215,1.08,3,0.938,0.333,猫头蛇。
3e9f48099a9643d0aca33564cb7c264a.wav,yellow,VAD=39%,2.304,-27.874297856084223,0.3623276948928833,0.0,0.391304347826087,26.11177682876587,0.5,6,2.604,0.167,老师意犹未尽。
3eab36ab80674c2ba67da09e3d4f87ba.wav,green,全部指标达标,1.536,-17.796760852720567,0.9900000095367432,0.0,0.5394736842105263,34.16829824447632,0.54,3,1.953,0.333,这个你。
3eee98a7cf0d4d33a681cf3f64bf38e7.wav,green,全部指标达标,2.56,-23.24956953851843,0.40595048666000366,0.0,0.8671875,26.7838454246521,1.22,7,2.734,0.143,万泪成翻美人鱼。
3f03d2a5828c47df865d3034c9d3c457.wav,yellow,语速=1.20,4.992,-20.894048563140668,0.7034696340560913,0.0,0.7911646586345381,27.274787425994873,2.46,6,1.202,0.167,狐狸爸女身了。
3f0a51664b034681958118d58ebaed30.wav,green,全部指标达标,2.304,-25.210983801391308,0.3075979948043823,0.0,0.591304347826087,28.202567100524902,0.84,8,3.472,0.25,你发个屁，你的烧啊。
3f282b03af3f4c70991827f520580b0f.wav,green,全部指标达标,3.84,-13.942525469677427,0.9899999499320984,0.0,0.6770833333333334,38.95888805389404,1.56,7,1.823,0.143,王子和公主结婚。
3f2e4f2c93784f5c8ade8dee06ca09b1.wav,yellow,语速=0.73,5.504,-24.738904754377003,0.461019903421402,0.0,0.7090909090909091,23.381450176239014,0.96,4,0.727,0.25,二十大题。
3f44cb3508e64aae8dfd8f8c03bfac92.wav,yellow,语速=0.98,7.168,-13.505062858829593,0.9145316481590271,0.0,0.946927374301676,34.24064874649048,6.32,7,0.977,0.143,已经有到答案嗯。
3f71e32430a7407b8227402d4fa58cde.wav,green,全部指标达标,3.328,-26.171939178992996,0.4093920886516571,0.0,0.40963855421686746,35.95371723175049,1.34,6,1.803,0.167,学校有多少人？
3f7917d86d4949e69cf6fb07785a2e08.wav,green,全部指标达标,3.84,-26.20103731916666,0.3016941547393799,0.0,0.671875,26.328470706939697,1.1400000000000001,9,2.344,0.333,拜拜拜我走，再见公看。
3f840a0b91254f5291bd8e9bb2dddfac.wav,yellow,语速=1.23,2.432,-22.701501710001402,0.36782288551330566,0.0,0.7107438016528925,29.307475090026855,0.8,3,1.234,0.333,十八人。
3f8623383ab5465697cda6de1b5ca892.wav,green,全部指标达标,2.304,-25.88408012023677,0.7454215288162231,0.0,0.46956521739130436,32.86867141723633,1.06,4,1.736,0.25,一百零七。
3fb077b0a5664c1bb7ab459401bd8b49.wav,green,全部指标达标,3.072,-14.428998585756238,0.8756846189498901,0.0,0.7581699346405228,35.18773555755615,2.3000000000000003,5,1.628,0.2,变成大美女。
3ff39274b5d0496ba9786e1034b9a744.wav,green,全部指标达标,4.48,-26.907389455028017,0.3565908372402191,0.0,0.5357142857142857,24.964072704315186,0.66,11,2.455,0.091,嗯，帮我做一个鹅能空调费。
402291af97564d3f8eeba11150d21c75.wav,green,全部指标达标,2.944,-25.687132960481584,0.48377907276153564,0.0,0.5306122448979592,28.030943870544434,0.84,7,2.378,0.143,白石天的办公室。
4056958b16cd430187cec75558659c0f.wav,orange,VAD 占比低 (11%),7.04,-35.634208321754485,0.21555347740650177,0.0,0.11079545454545454,30.83350419998169,0.34,5,0.71,0.2,哦，我的世界。
40696358829a494cbec2acff9d71f12b.wav,green,全部指标达标,3.072,-24.0508151619774,0.42199841141700745,0.0,0.6013071895424836,29.80635404586792,1.02,6,1.953,0.167,小语白毛萝莉。
4075876b5a844732ab741edb283c1b84.wav,green,全部指标达标,1.92,-25.157806426108706,0.397623747587204,0.0,0.53125,31.844758987426758,0.84,4,2.083,0.25,放个月亮。
40863d4827b242b1933d39caeb02b100.wav,yellow,语速=1.22,8.192,-21.62496387552281,0.9267032146453857,0.0,0.8899755501222494,27.528870105743408,3.46,10,1.221,0.2,画一个红军换一个名字。
408e6f471d704d19a862f500660b0141.wav,green,全部指标达标,2.816,-24.279584289759995,0.3988911509513855,0.0,0.7428571428571429,27.43974208831787,1.32,7,2.486,0.143,两个肌肉的内容。
4094d9d12b974f9baee9f5980d4907ff.wav,green,全部指标达标,3.2,-22.506009927547254,0.4858509600162506,0.0,0.79375,26.790525913238525,1.18,13,4.062,0.154,老太拿着m七百狙击枪的。老太。
40b36f0fdc7c4322b5aeb9ec2ad0e911.wav,green,全部指标达标,2.304,-24.606136598419965,0.31244900822639465,0.0,0.48695652173913045,37.73297071456909,1.12,6,2.604,0.333,你有没有母啊？
40bde912cff24ba3aa64bd1b1847ee8a.wav,green,全部指标达标,3.84,-23.88418555117999,0.2887405455112457,0.0,0.7395833333333334,32.23368167877197,2.54,10,2.604,0.1,不好意思，他妈说有命密。
40f11c84cb474319b60455f4788b56c9.wav,red,ASR 字数过少 (0 字),3.712,-23.03176477263348,0.4405134916305542,0.0,0.7891891891891892,30.902271270751953,2.42,0,0.0,0.0,
4103b30863d64027b26f9bcd80a57e21.wav,green,全部指标达标,4.224,-27.12682263589611,0.3294773995876312,0.0,0.5213270142180095,27.416343688964844,1.58,12,2.841,0.083,哎，分享一个抖音的小视频吧。
4106a1f4239b4c24a1fffcf89bfd113d.wav,green,全部指标达标,4.608,-17.043476773570234,0.9899999499320984,0.0,0.6043478260869565,35.06807565689087,1.18,11,2.387,0.182,四百辆理想汽车都上车了。
411cd786e4c94c81b3f97db1ba272c42.wav,green,全部指标达标,7.808,-23.70490493601399,0.6612672209739685,0.0,0.6948717948717948,27.348086833953857,1.08,38,4.867,0.132,我现在是你在手机呃，那个消姐是我那个是你嗯，你给我等着去哦，我可以哦，我可以帮你个个。
413d6069f0884f9eb0539239cbf7ab9f.wav,green,全部指标达标,14.336,-25.902143535246957,0.37624406814575195,0.0,0.4483240223463687,29.968743324279785,1.36,22,1.535,0.045,生成一个时光代理人画风的美丽少女，上面写着李倩。
414a1b776a4641288c56a2139799c5f4.wav,yellow,语速=0.52,3.84,-18.830157633704335,0.9900000095367432,0.0,0.609375,32.025301456451416,1.28,2,0.521,0.5,黄金。
415f87063d07498f914ec72113b92e34.wav,yellow,语速=1.48,12.16,-24.44082710313557,0.5856050848960876,0.0,0.5394736842105263,25.82228660583496,0.7000000000000001,18,1.48,0.167,又画一个假，嗯，是那个猪，这猪画一个夹心猪。
41809bcb57704993800d1fd607183166.wav,orange,重复字 50%: 哈哈哈我带了一把刀。哈哈哈。,4.608,-23.220938382839243,0.8884620666503906,0.0,0.5826086956521739,28.682243824005127,0.9,12,2.604,0.5,哈哈哈我带了一把刀。哈哈哈。
4183a8a76b2b47b0aa35d8e1d2217929.wav,green,全部指标达标,2.048,-18.120853327488774,0.8823926448822021,0.0,0.5588235294117647,35.35349369049072,0.5,4,1.953,0.25,妖魔鬼怪。
4185fe2729404121bcdc48d8624b45b6.wav,green,全部指标达标,4.224,-22.44075278464048,0.8219494819641113,0.0,0.7488151658767772,28.469605445861816,2.52,7,1.657,0.143,疯狂跳舞老婆做。
41ae4b8d645e4db0922c4cd88a582c61.wav,green,全部指标达标,2.304,-24.031246642368785,0.37559595704078674,0.0,0.6086956521739131,30.068256855010986,1.3800000000000001,7,3.038,0.143,我生请一个小瓜。
41f038ab424f4abf94a60cf876a16a8f.wav,orange,VAD 占比低 (11%),2.688,-37.50910902638256,0.19395507872104645,0.0,0.11194029850746269,25.105724334716797,0.16,5,1.86,0.2,你是智障吗？
41f4f08a2c364bd6a6afca8674f533b6.wav,green,全部指标达标,1.664,-24.56312694435599,0.4274076819419861,0.0,0.6746987951807228,25.671703815460205,0.66,6,3.606,0.167,红豆棒，美元长。
42021f865ba24229bcbe72324e83e37b.wav,red,解码失败: ,0,-100,0,0,0,nan,0,0,0,0,
426e598ff5b14d4fbe0e3fc690623154.wav,green,全部指标达标,4.608,-23.386169922001653,0.5254480838775635,0.0,0.7782608695652173,28.554646968841553,1.92,13,2.821,0.077,户外的同学让我们换一个画家。
42b0358ce65547d59491767b7a981507.wav,green,全部指标达标,1.792,-21.242973875585083,0.3891421854496002,0.0,0.7528089887640449,31.866440773010254,0.86,5,2.79,0.2,啊，再画一个。
42b0bdfc3e1d4511b009336889a7f2ec.wav,green,全部指标达标,3.2,-25.849217782000085,0.3528255820274353,0.0,0.44375,30.288891792297363,0.56,6,1.875,0.167,妈那个猪屁股。
42c63887761e46878a062346f592a0aa.wav,yellow,语速=1.46,2.048,-25.244867213844387,0.2835741639137268,0.0,0.4215686274509804,33.81210803985596,0.86,3,1.465,0.333,哼嗯为。
42c8ddfa9d46402780542d9e2fff4271.wav,yellow,VAD=38%,5.248,-24.820161984889552,0.5347764492034912,0.0,0.3816793893129771,32.53197908401489,0.58,8,1.524,0.125,我要拿刀子捅死你。
42d2fc4fd87b4d42b80d51764978f4d4.wav,green,全部指标达标,1.664,-12.480845801288861,0.883080244064331,0.0,0.8433734939759037,43.20511817932129,1.4000000000000001,3,1.803,0.333,难道没。
42e1b7d94c0a401c992722c59ec1eaa1.wav,green,全部指标达标,3.328,-23.4225292988075,0.3571188151836395,0.0,0.5421686746987951,31.0196590423584,1.02,8,2.404,0.125,你知道嗯王清生吗？
42ed406c4aa94b0fa5dbcd9b6d9a314c.wav,green,全部指标达标,3.2,-23.323685341516445,0.44438719749450684,0.0,0.65625,30.745563507080078,1.04,7,2.188,0.286,小姐姐是双胞胎。
432b8e4876914c26a45c5491319fc27b.wav,green,全部指标达标,2.432,-24.481830917219128,0.2939213216304779,0.0,0.5950413223140496,30.17854928970337,0.78,5,2.056,0.2,最帅的那名。
43336fd67f0d47efb6c9c36e37917240.wav,yellow,语速=1.45,3.456,-20.80231729110958,0.6904393434524536,0.0,0.6802325581395349,31.01494550704956,1.3,5,1.447,0.2,拖拉机采光。
433dc2a3b103402b87a77a68e4b1d41b.wav,green,全部指标达标,5.632,-25.43674390526263,0.327972948551178,0.0,0.6192170818505338,28.602206707000732,0.84,15,2.663,0.133,真人版的巴巴啦小魔仙屁股放烟烟。
434584cd0c0d4a90b38fdbeb246c3328.wav,green,全部指标达标,5.376,-25.3851908325386,0.3635033965110779,0.0,0.6044776119402985,29.921457767486572,1.62,19,3.534,0.105,每次考试都考的不好啊，我都不想活了，没没有。
434bf8522da744f6be78e930d5cc50d5.wav,green,全部指标达标,1.92,-24.120049945411786,0.30283570289611816,0.0,0.4895833333333333,29.940528869628906,0.68,3,1.562,0.333,你不玩。
43566038192449ff8b2406564eec000c.wav,green,全部指标达标,3.072,-13.784149609091651,0.7867254018783569,0.0,0.9084967320261438,38.036367893218994,1.72,7,2.279,0.286,我死然你会想我。
435cdd0e3da844219b8967dc9dccbcca.wav,green,全部指标达标,4.096,-26.504586136451852,0.31955868005752563,0.0,0.6225490196078431,28.65086317062378,1.36,13,3.174,0.077,王者荣耀最值得换的十个皮肤。
4387ebbcef924cd68f303ca25d03a606.wav,yellow,语速=1.30,4.608,-19.937952663032203,0.7845534086227417,0.0,0.7869565217391304,33.28012704849243,2.48,6,1.302,0.167,金色苹果校园。
438e6e6976d9455c873e09a0241cccfd.wav,yellow,语速=1.33,6.784,-21.588335880915004,0.815337061882019,0.0,0.5073746312684366,35.02492666244507,1.1400000000000001,9,1.327,0.111,两辆汽车撞在了一起。
43a11e3098d44d39863d6c25a8d228f3.wav,green,全部指标达标,3.584,-24.58797051843471,0.8162646293640137,0.0,0.46368715083798884,33.395957946777344,0.72,9,2.511,0.222,画一个圆梦，就是那个。
43a1f8b9d4044615a58807925218176d.wav,yellow,VAD=22%,3.2,-37.14112949655826,0.0944022387266159,0.0,0.21875,26.425063610076904,0.7000000000000001,6,1.875,0.167,为什么没有啊？
43c14c2fcc634f17bb5c3e16e4c3fb00.wav,yellow,语速=1.48,4.736,-24.816649119559024,0.35040098428726196,0.0,0.4703389830508475,29.254906177520752,2.08,7,1.478,0.286,你能不能严肃点？
43d280ce7f074703b0977c0c9534b49e.wav,yellow,VAD=38%; 语速=1.04,1.92,-29.192114713793053,0.25502610206604004,0.0,0.375,32.728824615478516,0.62,2,1.042,0.5,科研。
43d8080ee11b4a5abdac38ce669a1cc2.wav,green,全部指标达标,2.176,-22.929390680716544,0.32182925939559937,0.0,0.7314814814814815,28.788466453552246,1.2,7,3.217,0.286,是垃圾小智姐姐。
43e2b51a200b4290bb42b7417fea77e6.wav,yellow,VAD=33%; 语速=1.20,1.664,-32.043767930053626,0.16489523649215698,0.0,0.3253012048192771,28.694357872009277,0.46,2,1.202,0.5,不嗯。
440803999ea940ae9690cc5263a56bfe.wav,yellow,语速=1.17,2.56,-23.84241751031653,0.38066595792770386,0.0,0.5625,33.455073833465576,0.8200000000000001,3,1.172,0.333,圣经师。
4409f5be25a1491e92062fb448c8e936.wav,yellow,VAD=39%; 语速=1.12,1.792,-21.846715127492608,0.7135095000267029,0.0,0.39325842696629215,34.5325231552124,0.68,2,1.116,0.5,我操。
442ee362593f4420830e015bdb6851c5.wav,green,全部指标达标,7.296,-20.856647605495855,0.6870307922363281,0.0,0.7087912087912088,33.33061933517456,2.44,15,2.056,0.133,一个联想电脑里出现了一辆小汽车。
44417ff7f93148f09979ae257e11526d.wav,green,全部指标达标,2.432,-23.901584381723776,0.37024199962615967,0.0,0.6694214876033058,31.941211223602295,1.08,6,2.467,0.167,神秘密的老语。
4468702def814614a46e5c46ab3f3464.wav,yellow,VAD=35%,4.48,-26.067105876505465,0.49309802055358887,0.0,0.3482142857142857,33.855485916137695,0.6,11,2.455,0.182,行，嗯，好，我要自杀，我要吃药。
44696549493b48ad83b1066d8d72427d.wav,green,全部指标达标,7.424,-31.80735683754137,0.27638915181159973,0.0,0.4123989218328841,21.258680820465088,1.12,25,3.367,0.08,你不觉得我有心理暴力的因素吗？我是不是嗯基因有点问题？
447b67511c26427b86bb99aa8051a38a.wav,green,全部指标达标,3.328,-13.844554017038726,0.9900000095367432,0.0,0.7228915662650602,37.770729064941406,1.1,7,2.103,0.286,李俊峰的老婆李。
4489c48718e34b3195f618e576ddc722.wav,green,全部指标达标,2.176,-24.551484725809214,0.39012610912323,0.0,0.6481481481481481,31.397547721862793,0.88,5,2.298,0.2,名侦探柯南。
44a00dd58f024494858c1b0c5db52c9d.wav,yellow,VAD=38%,5.76,-26.14233373595971,0.3335743546485901,0.0,0.3819444444444444,32.46828079223633,0.9,11,1.91,0.091,嗯，挂一蜘蛛身上写杨雅欣。
44a100f5fe2f4c06bf5ab581ed6edb1c.wav,red,解码失败: ,0,-100,0,0,0,nan,0,0,0,0,
44d7ed43981845f8849ea832b02c8d5a.wav,red,解码失败: ,0,-100,0,0,0,nan,0,0,0,0,
44dda60ca3a644b08d73185c4cd15546.wav,green,全部指标达标,2.048,-24.873342590035925,0.5862644910812378,0.0,0.4411764705882353,34.0152907371521,0.76,6,2.93,0.167,吃道没八块钱。
44ec86ada8104675b38c9fbcf7c2f166.wav,red,音量过低 (-52.3 dB),1.92,-52.32356350791579,0.021053291857242584,0.0,0.020833333333333332,16.866823434829712,0.04,0,0.0,0.0,
44f674687c664a80862e4ac9f30b84c0.wav,yellow,语速=1.34,4.48,-24.43725345061832,0.35600733757019043,0.0,0.6517857142857143,26.560401916503906,1.78,6,1.339,0.167,我是卡丁打的。
44f6c8d849de4e75acfbf082fe424de5.wav,red,音量过低 (-51.4 dB),2.176,-51.43929871180007,0.04810737445950508,0.0,0.027777777777777776,16.003624200820923,0.06,0,0.0,0.0,
44fec7dfe2df494a9bcf20ba509f4f86.wav,yellow,VAD=35%,1.024,-24.155841774890064,0.4545513987541199,0.0,0.35294117647058826,32.02635049819946,0.18,2,1.953,0.5,超级。
4505c586d3a543cc913746cf68fde93f.wav,yellow,VAD=21%; 语速=0.58,3.456,-28.039410854537795,0.31756994128227234,0.0,0.20930232558139536,37.085113525390625,0.38,2,0.579,0.5,高达。
4532106ff2e54006b9c238c0ce7d9b88.wav,green,全部指标达标,2.176,-24.606271324201252,0.3375799059867859,0.0,0.5740740740740741,30.08009910583496,0.9400000000000001,6,2.757,0.167,百分九公斤啊。
45397939297b4a28a77b1daa9bb22da6.wav,green,全部指标达标,3.584,-21.002654775473495,0.8488063812255859,0.0,0.7486033519553073,29.24163818359375,1.26,9,2.511,0.222,超级黄金二，黄金二级。
453cf0b549094ee297baf392f63f9775.wav,yellow,语速=0.59,5.12,-23.881930935508002,0.3349987268447876,0.0,0.765625,33.10222387313843,3.9,3,0.586,0.333,两个鸡。
4548c52fb5294246b837971e0f918c21.wav,green,全部指标达标,2.432,-22.34021039690218,0.290521502494812,0.0,0.4628099173553719,29.35952663421631,0.52,4,1.645,0.25,歌曲女神。
4553445e7e2a4262a2917ea2ae3d8e99.wav,green,全部指标达标,2.432,-20.34221406730305,0.9715176224708557,0.0,0.5371900826446281,32.41801738739014,0.46,6,2.467,0.333,刚刚成立起。好。
455e486346534267bb4b8d58d2bad7e2.wav,red,ASR 字数过少 (1 字),2.176,-29.208547111550878,0.3129758834838867,0.0,0.4444444444444444,30.519766807556152,0.88,1,0.46,1.0,对。
4598e70deec4493d8cd939dae0e82c13.wav,green,全部指标达标,4.224,-22.42212439633837,0.8355234861373901,0.0,0.5402843601895735,32.95983552932739,1.12,10,2.367,0.1,游泳派对，比基尼大美女。
45a8e1a97d3a4954b90f10971cda6187.wav,green,全部指标达标,1.664,-21.630648542618367,0.6055315732955933,0.0,0.6144578313253012,30.73953628540039,1.02,5,3.005,0.2,谈恋爱的人。
45b9bb20c09a42ca828aa76ca74f8d90.wav,orange,VAD 占比低 (17%),6.272,-29.503556565104695,0.38729652762413025,0.0,0.16613418530351437,35.859248638153076,0.7000000000000001,7,1.116,0.286,啊，你的我是你爹。
45df567af1f4436d80cccc05c27a1c5e.wav,green,全部指标达标,3.584,-21.650965138708468,0.5802310705184937,0.0,0.7653631284916201,32.08975791931152,2.36,11,3.069,0.091,我的世界史，进球和幻影忍。
45f0a0cfc56d4824aea7aa58df5b8973.wav,green,全部指标达标,7.04,-26.235486809878573,0.33208417892456055,0.0,0.48011363636363635,32.60714769363403,1.62,17,2.415,0.118,哦，我和同学吵架了，我有一点不高嗯，但是。
45f39ebcb9664d6880304c827e12cde3.wav,orange,VAD 占比低 (11%),3.2,-30.15806387116138,0.26642680168151855,0.0,0.1125,37.79013633728027,0.28,5,1.562,0.2,我因为你是。
45f3dbf747204b468b2974c2f5eebb21.wav,yellow,VAD=31%; 语速=0.98,2.048,-25.233528101775615,0.43711918592453003,0.0,0.3137254901960784,36.52751445770264,0.62,2,0.977,0.5,重化。
45fa63a1c7484e5a9b6b22c9d90c4267.wav,green,全部指标达标,2.432,-20.906728376617583,0.6831115484237671,0.0,0.7107438016528925,32.24997043609619,1.0,10,4.112,0.1,就是在强哥跟你谈恋爱。
46124649c32a4d96bf0aba889c063349.wav,green,全部指标达标,7.296,-25.938094984071704,0.30277395248413086,0.0,0.6263736263736264,26.84774398803711,1.06,20,2.741,0.1,我心里的商品是这张，想自他我要去买点安眠药。
461e044d72a54426bbe7b918b66e8454.wav,yellow,语速=1.38,2.176,-23.79200856391398,0.2642836272716522,0.0,0.46296296296296297,38.07642936706543,0.98,3,1.379,0.667,我嗯嗯。
4626f50914684a788089fd4a45a374c4.wav,green,全部指标达标,1.664,-26.852261934454948,0.4382860064506531,0.0,0.6385542168674698,25.896501541137695,0.76,4,2.404,0.25,又当成人。
462f719c740247c0a08dd78c742d4bb2.wav,yellow,语速=1.12,4.48,-25.523559734779234,0.4971984028816223,0.0,0.7053571428571429,25.935370922088623,2.88,5,1.116,0.2,好的，你觉得。
4635841cacdb4a41b57e796bfe777952.wav,yellow,语速=1.20,4.992,-22.078852837464975,0.40208524465560913,0.0,0.7831325301204819,28.21331024169922,3.38,6,1.202,0.167,未来的很。王晨。
464ac9d57a374802980fee0f10c55851.wav,green,全部指标达标,2.688,-24.872154079261755,0.3704208433628082,0.0,0.5746268656716418,29.17872905731201,0.8,7,2.604,0.143,童话不满意什么？
464afad4e5c14b2797199a33c3dfffe9.wav,green,全部指标达标,2.304,-24.706114650318227,0.4497631788253784,0.0,0.5391304347826087,31.03623390197754,1.24,5,2.17,0.2,超级赛亚人。
4665e971edaa452bb0eb934dc398f8de.wav,green,全部指标达标,1.92,-22.80202792758665,0.3304814398288727,0.0,0.59375,32.92205572128296,0.56,3,1.562,0.333,我不多。
46933b246b1e4f608c33e897d64755bd.wav,red,ASR 字数过少 (0 字),2.176,-21.804135083229887,0.7929628491401672,0.0,0.46296296296296297,35.73915958404541,0.88,0,0.0,0.0,
46b02dcc8a8f4ed09681dcff3fd08e19.wav,green,全部指标达标,2.816,-22.92954391801739,0.518052875995636,0.0,0.5714285714285714,30.156021118164062,0.54,8,2.841,0.125,画一盒奇怪的石油。
46d15cec7c7c418bba32ebf446866948.wav,green,全部指标达标,2.176,-22.27728858721473,0.30619367957115173,0.0,0.6481481481481481,37.34982967376709,1.4000000000000001,6,2.757,0.167,这鱼是人机吗？
4750207ba57e478a80742cfb4c99324b.wav,green,全部指标达标,3.328,-23.96653984431385,0.3531520962715149,0.0,0.7289156626506024,27.38034963607788,1.4000000000000001,13,3.906,0.077,就发一个名字叫何军的班主任。
475d82abe9374380a8d0548c88c49159.wav,green,全部指标达标,2.688,-21.99951777007708,0.540920615196228,0.0,0.7611940298507462,28.6079740524292,0.86,12,4.464,0.167,一个新外一个儿豆夫妻快乐。
476fb558562b4088b2f9c9427fb5495e.wav,green,全部指标达标,4.48,-23.823453096760577,0.4389163851737976,0.0,0.8348214285714286,25.73209285736084,1.8800000000000001,16,3.571,0.25,我就是小鸡小屁孩小屁孩大脚小屁孩。
478494bbd4ee4c1aaf420593920e1dad.wav,green,全部指标达标,5.632,-12.767127557749504,0.8304495215415955,0.0,0.9501779359430605,42.15158939361572,4.8,14,2.486,0.143,再去看，然后再把我的头摁在地上。
478a3b50ce274bcfb3ee2985d3097043.wav,green,全部指标达标,2.816,-21.59209737699652,0.41680437326431274,0.0,0.75,30.96313238143921,1.48,6,2.131,0.167,迷你杀人世界。
479b4ee06bd243e3915f175e1de73334.wav,green,全部指标达标,2.56,-23.420537211194418,0.8162561655044556,0.0,0.5390625,29.940204620361328,0.76,7,2.734,0.143,哎呀，乡雄宝贝们。
47cc0e48102246f6be435718d6c060c8.wav,orange,VAD 占比低 (14%),2.944,-42.2148495921262,0.07577905803918839,0.0,0.1360544217687075,19.669556617736816,0.22,3,1.019,0.333,你好，喂。
47cd584968384e5ead134f247c350051.wav,green,全部指标达标,2.944,-23.487062858342654,0.6783409118652344,0.0,0.47619047619047616,33.543128967285156,0.54,7,2.378,0.143,会吃饭的小鲁蛋。
47d2b2a62646414b8fa6976074d881f4.wav,green,全部指标达标,4.736,-21.230637251497,0.5824441313743591,0.0,0.7838983050847458,30.42945384979248,0.8,13,2.745,0.077,我的世界苦力怕和幻影人结婚。
47e93886e67b46b0a3d112f3f96d2da6.wav,green,全部指标达标,1.792,-27.624843106472397,0.28642141819000244,0.0,0.5393258426966292,28.235104084014893,0.88,5,2.79,0.2,在您那边的。
47ff44735f5e463d8f12294bb7d2bea3.wav,green,全部指标达标,1.664,-29.78779136227638,0.4590483605861664,0.0,0.43373493975903615,24.946410655975342,0.3,3,1.803,0.333,我少女。
480889128b704d3d88ababfa9d2c3c13.wav,green,全部指标达标,6.016,-21.03148433038494,0.674340009689331,0.0,0.8333333333333334,26.70034170150757,2.5,13,2.161,0.154,不去，我点不肯定知道没啦啦呦。
486e703f15f243bca981a40fa9f9af10.wav,yellow,VAD=33%,4.48,-31.812709988364986,0.2698816657066345,0.0,0.33035714285714285,24.084508419036865,0.34,11,2.455,0.091,好的，你想要做坏事形成分。
486e89b2226b4faeba534f799eadf627.wav,green,全部指标达标,2.816,-22.433376107348906,0.40049922466278076,0.0,0.8285714285714286,29.591195583343506,2.08,8,2.841,0.125,我的衣服找不到了。
4890b726c23c4793aa5ef3b10f7f399d.wav,yellow,VAD=31%; 语速=1.42,2.816,-29.789307273139897,0.4268788695335388,0.0,0.3142857142857143,28.619699478149414,0.36,4,1.42,0.5,爸爸世界。
48914b4376ad47368675a73837527163.wav,red,解码失败: ,0,-100,0,0,0,nan,0,0,0,0,
4891f007def7488597946b0b92ce1d89.wav,green,全部指标达标,2.432,-16.52875335000593,0.9900000095367432,0.0,0.8347107438016529,36.94020986557007,1.4000000000000001,9,3.701,0.111,奥特曼把美女黑化了。
489c34d1025a45308c8935e063073f56.wav,green,全部指标达标,1.92,-23.101124751037577,0.5375165939331055,0.0,0.5625,31.972198486328125,0.64,5,2.604,0.2,我姐分享啊。
489d0f8b2b514482b17d8db1921889bb.wav,green,全部指标达标,3.456,-22.724497287645235,0.42949920892715454,0.0,0.8081395348837209,27.099711894989014,1.3800000000000001,6,1.736,0.333,嗯，精确识字嗯。
48ac51aa23554bb1bae46a66c81ea371.wav,yellow,VAD=24%; 语速=1.30,4.608,-25.66948837634439,0.8260255455970764,0.0,0.24347826086956523,35.3499436378479,1.08,6,1.302,0.333,一周一吃什么？
48eea08fdfdc4d589369da0a6d0c172c.wav,orange,VAD 占比低 (20%),1.92,-26.37664485120166,0.3013341724872589,0.0,0.19791666666666666,36.28699064254761,0.38,2,1.042,0.5,肌肉。
48efa628a671464c9cd8573596a56ac5.wav,red,ASR 字数过少 (0 字),1.408,-30.83407040609937,0.2619969844818115,0.0,0.2857142857142857,24.342024326324463,0.16,0,0.0,0.0,
48f3b932ce4646dbb6ab95d900600650.wav,green,全部指标达标,2.432,-24.2762568773559,0.3280203342437744,0.0,0.8264462809917356,26.138205528259277,1.1,5,2.056,0.2,画的小目包。
48f529744337468192ee69e4001ee9fe.wav,green,全部指标达标,2.048,-24.122879554162246,0.2999403476715088,0.0,0.6372549019607843,30.150511264801025,1.24,4,1.953,0.25,美女的话。
490bdbda3d084084b7621096e8e3fd61.wav,yellow,语速=0.98,3.072,-22.255229937998763,0.9290477633476257,0.0,0.6993464052287581,32.21763849258423,1.86,3,0.977,0.333,马金密。
490e689e99ef4de3abf2d4f2be95f645.wav,red,ASR 字数过少 (0 字),2.56,-24.77885326790545,0.366742879152298,0.0,0.6953125,33.753652572631836,1.6400000000000001,0,0.0,0.0,
493008fbecec416cbc72b341956c0185.wav,orange,VAD 占比低 (6%),3.584,-42.85795551764863,0.11948639154434204,0.0,0.055865921787709494,30.216984748840332,0.08,2,0.558,0.5,是的。
493b631496f3452586209d1837b3f021.wav,yellow,语速=1.22,4.096,-25.39223722799715,0.7978537082672119,0.0,0.8529411764705882,27.9840350151062,3.06,5,1.221,0.4,我们妈妈还。
49594d0e74a74c90812d8a2b4764bba2.wav,orange,VAD 占比低 (10%),2.688,-41.22264465240845,0.10447482019662857,0.0,0.1044776119402985,22.664828300476074,0.28,7,2.604,0.143,你知道我是谁吗？
497fbeba9883431cacd1e2fd4ef51813.wav,green,全部指标达标,1.792,-23.032526307502067,0.6968684196472168,0.0,0.4606741573033708,32.366814613342285,0.46,3,1.674,0.333,男士穿。
49a41616747d4ecdb822112dd7a648e4.wav,green,全部指标达标,4.736,-25.43513394095321,0.31016668677330017,0.0,0.5466101694915254,29.780442714691162,1.52,10,2.111,0.2,嗯，我想要个吃肉的吃的。
49aa07b5dd72414389c77908fbc289ed.wav,yellow,语速=0.99,7.04,-20.651065246056053,0.8773398399353027,0.0,0.7386363636363636,33.5675311088562,2.68,7,0.994,0.286,呀爷爷呀，摇一摇。
49c0766f13b544a38e4ad73828e0c507.wav,yellow,语速=1.30,4.608,-23.643529475515827,0.55176842212677,0.0,0.5,29.62127447128296,0.58,6,1.302,0.167,遥控离感汽车。
49c55ec3ae854be08e09060c832efd6c.wav,green,全部指标达标,3.584,-22.55245396676618,0.9900000095367432,0.0,0.6815642458100558,30.642101764678955,1.06,8,2.232,0.125,世界上全是霸王龙。
49ec0b66187e45fab598b519b48262cd.wav,green,全部指标达标,1.664,-21.33378490221679,0.512082576751709,0.0,0.6144578313253012,37.53731727600098,0.96,4,2.404,0.25,这是号码。
49ecf1c6badf4bff91204888d7540f5f.wav,yellow,VAD=25%,3.552,-39.27838603806299,0.17584228515625,0.0,0.24858757062146894,17.33869194984436,0.24,8,2.252,0.25,你好，请请问你是谁？
49f4dcc15b4c40eeb319cac01973b1c9.wav,green,全部指标达标,4.096,-15.345108648193488,0.9900000095367432,0.0,0.6715686274509803,35.940654277801514,0.98,9,2.197,0.111,深夜版山路巡象汽车。
49f609361e2748cab2c2074316d2a610.wav,yellow,语速=0.98,2.048,-19.481788911656494,0.6048155426979065,0.0,0.696078431372549,35.72917938232422,0.78,2,0.977,0.5,十五。
4a1159b81f2c4948b8e90c9b8ec18d13.wav,green,全部指标达标,2.048,-20.71212838343328,0.6272473335266113,0.0,0.7156862745098039,29.837563037872314,0.9,6,2.93,0.167,这边因为现在。
4a4cf52db8f74b3a90ec6913cdf42424.wav,green,全部指标达标,3.2,-23.041264880374438,0.3839941620826721,0.0,0.63125,35.12183904647827,1.98,7,2.188,0.286,藕花非花雾非雾。
4a702289ed6f4afa8e9caeb85eb44eb4.wav,green,全部指标达标,5.504,-21.68460158587617,0.7027910351753235,0.0,0.8109090909090909,29.918437004089355,1.1400000000000001,16,2.907,0.062,帮我写一天主播，你不能为了鸟的损市。
4a8acf4ccb5c488aaf4ad13e22cd4964.wav,green,全部指标达标,1.92,-25.04948578426348,0.45688945055007935,0.0,0.5520833333333334,29.6557879447937,0.86,5,2.604,0.4,哦，都是粑粑。
4a8b64830b754478a4c2e3838d20dec0.wav,green,全部指标达标,2.304,-24.4959783369562,0.36189839243888855,0.0,0.6,38.37017297744751,1.3800000000000001,6,2.604,0.167,大家还是哪个？
4a8c4cd7210a4b4c9bb4f4c9bf8f5acf.wav,yellow,语速=1.28,7.04,-24.800256512560132,0.4586107134819031,0.0,0.78125,24.783945083618164,1.94,9,1.278,0.111,不去多给老子读评论。
4a9a58b338d248d6886523fd44b0443f.wav,green,全部指标达标,2.56,-21.37435105391143,0.5400333404541016,0.0,0.703125,32.30802536010742,1.32,4,1.562,0.25,来老远镜。
4aa8208f7b1a4444b15f619e6c0c14ea.wav,green,全部指标达标,3.456,-22.56767581343508,0.41613757610321045,0.0,0.8546511627906976,24.909663200378418,1.36,10,2.894,0.2,我想要十个鸡肉吧，妹妹。
4ab2c23521c64849a83d254fee5ba176.wav,red,命中幻觉黑名单 '关注',4.224,-43.04918437627287,0.0689176619052887,0.0,0.14691943127962084,15.545436143875122,0.16,8,1.894,0.375,关注到原状。对对对。
4ac900038cab47149ef8a0fc880cc19c.wav,green,全部指标达标,2.816,-22.100296095156775,0.6127551198005676,0.0,0.8,28.24829339981079,0.9400000000000001,9,3.196,0.222,小老虎，小熊猫的柔泽。
4ae223cca770480eb0784bb3628cf51e.wav,yellow,语速=1.16,3.456,-22.73298354621629,0.4632754921913147,0.0,0.6627906976744186,37.494263648986816,2.24,4,1.157,0.25,一个人的。
4af902530ed84822a39012982c3083b5.wav,green,全部指标达标,2.816,-26.06578391022945,0.3334881663322449,0.0,0.5428571428571428,25.805644989013672,0.72,5,1.776,0.2,嗯，我这个图。
4afaf2a91b524e3fb47781691179f6f0.wav,green,全部指标达标,2.304,-25.19941267089395,0.33142268657684326,0.0,0.5391304347826087,31.789875030517578,0.7000000000000001,4,1.736,0.25,逗猫，你呢？
4afca93ec963434e85f22a60fff12b98.wav,orange,重复字 50%: 你好你好，你好。,1.888,-36.77125725290442,0.1983642578125,0.0,0.22340425531914893,18.896756172180176,0.14,6,3.178,0.5,你好你好，你好。
4b16dd53f27f4eabb652ae15effeebf0.wav,yellow,语速=1.46,2.048,-19.34828760491348,0.9900000095367432,0.0,0.5784313725490197,37.58437395095825,0.78,3,1.465,0.333,大棚里。
4b2341528b024939b641128895180445.wav,yellow,语速=1.34,4.48,-22.311108494614793,0.5422476530075073,0.0,0.7455357142857143,37.39752769470215,3.2800000000000002,6,1.339,0.167,有一丈吨的老。
4b2ca77f41c24c7f9ca1bc733de46bc2.wav,orange,重复字 50%: 你好你好，你好。; VAD 占比低 (4%),2.944,-48.10586453501588,0.04223935306072235,0.0,0.04081632653061224,12.494795322418213,0.08,6,2.038,0.5,你好你好，你好。
4b3a19bd97f648cfbc15df9a8815f344.wav,green,全部指标达标,2.432,-23.454001694768174,0.4284019470214844,0.0,0.5785123966942148,32.35365390777588,1.02,7,2.878,0.143,制作一个短视频。
4bb49f5861c04106b6a17d825797abaa.wav,green,全部指标达标,2.432,-23.346369215959886,0.54271399974823,0.0,0.6611570247933884,32.34272003173828,1.2,4,1.645,0.25,魔腿针织。
4bb6312d7a86400b83a4a6507c49e472.wav,green,全部指标达标,3.328,-23.401598750483835,0.5820190906524658,0.0,0.7108433734939759,27.551233768463135,1.68,7,2.103,0.143,疯狂跳舞老婆不。
4bdb023d90774724a9c39ae33cae1349.wav,green,全部指标达标,1.792,-23.269747046547977,0.363730251789093,0.0,0.6292134831460674,29.115936756134033,0.52,3,1.674,0.333,车里面。
4c0418bb1d3a444986b8d6262d95987c.wav,green,全部指标达标,4.352,-24.604477717943972,0.3694426119327545,0.0,0.8064516129032258,23.71744155883789,1.02,8,1.838,0.125,梁阳宇是谁？然后呢。
4c1048eb3a0a4280ae68d5c897f99fd9.wav,red,ASR 字数过少 (1 字),2.56,-45.981283326957865,0.1345452070236206,0.0,0.0234375,47.15287685394287,0.06,1,0.391,1.0,哦。
4c1b233030e94b868c20cfb349bd1e73.wav,green,全部指标达标,3.712,-23.498037696558335,0.32888180017471313,0.0,0.6432432432432432,34.75932836532593,2.38,12,3.233,0.167,今天不回来，吃饭了，明天见哦。
4c1f602c14fc43ebbc3845bd8b0d0591.wav,green,全部指标达标,3.968,-23.30683149504435,0.4179936647415161,0.0,0.7121212121212122,31.114118099212646,2.74,9,2.268,0.111,怎么办？帮我听个笑话。
4c2426398a0a48b2ba010b60e388bb38.wav,yellow,语速=1.02,2.944,-24.367151437592113,0.3067229688167572,0.0,0.5578231292517006,26.833467483520508,0.7000000000000001,3,1.019,0.333,皮卡丘。
4c2fcbbd0ab0409f8ae7b5583d2a9d56.wav,green,全部指标达标,1.664,-20.778904318622608,0.43083125352859497,0.0,0.6987951807228916,34.58904504776001,1.16,4,2.404,0.25,暴力金刚。
4c5e442e11ad44f68a45912fb396c388.wav,green,全部指标达标,2.304,-24.0030448130629,0.3434256613254547,0.0,0.5826086956521739,31.866018772125244,1.0,5,2.17,0.2,写一篇作文。
4c60a36635c1439aa25bc2dca6c1fdc0.wav,green,全部指标达标,6.272,-24.925745663720946,0.37701988220214844,0.0,0.7507987220447284,23.26828956604004,1.3,19,3.029,0.053,把我写一个性态网页内容是啊五这些东西嗯。
4c6976e88e3d42c9ba599d94ae98f6c1.wav,green,全部指标达标,3.456,-25.092726749090556,0.34895795583724976,0.0,0.5523255813953488,31.40739679336548,1.4000000000000001,7,2.025,0.143,柯南变成大帅哥。
4c99f639702846a191f3cc875066ad84.wav,green,全部指标达标,3.84,-23.688376160664323,0.3891129195690155,0.0,0.7552083333333334,25.367276668548584,0.92,16,4.167,0.188,第五，人格第一赛季第一个皮肤是什么？
4c9a1e1bdb974696949f1f8f8fb724b6.wav,green,全部指标达标,3.072,-26.053597081802316,0.29030928015708923,0.0,0.46405228758169936,32.75362014770508,1.3800000000000001,7,2.279,0.143,今天晚上吃什么？
4cbbdd4b4e5346e59dc2a21a81e62165.wav,green,全部指标达标,2.944,-25.620852340585888,0.2850116789340973,0.0,0.673469387755102,27.766094207763672,0.78,10,3.397,0.1,给一个美你的袜子快乐。
4cc38a1eca3c42c6a70b2efd4ed1b7ee.wav,green,全部指标达标,3.328,-24.02194210732981,0.5810726881027222,0.0,0.4759036144578313,32.28606700897217,0.52,8,2.404,0.125,不，唐子瑜是人机吗？
4ccadb87bd8e4a72929867c6399084c1.wav,yellow,语速=1.17,2.56,-24.702213897778126,0.3290732204914093,0.0,0.6015625,31.325266361236572,1.42,3,1.172,0.333,光头强。
4ce3f38bf55e43f2bc0123ecdbbe5ea9.wav,green,全部指标达标,3.584,-23.041215282828546,0.7994242310523987,0.0,0.664804469273743,30.04126787185669,1.72,10,2.79,0.3,美美人鱼法，韩比奥变美。
4d0094fd779d4742b368d8d177e1b7ed.wav,yellow,语速=1.29,12.416,-21.072990926743074,0.772842288017273,0.0,0.8064516129032258,26.795146465301514,1.6400000000000001,16,1.289,0.125,关子有上车，马桶坏了，每个人都下五人。
4d065f9785134423aa0204b4cbe7bc16.wav,yellow,语速=1.42,1.408,-21.105784655062454,0.5143841505050659,0.0,0.5571428571428572,28.154659271240234,0.32,2,1.42,0.5,僵尸。
4d08f62104ac41acbf566f1785ad9fd0.wav,green,全部指标达标,2.432,-19.700947800315298,0.9900000095367432,0.0,0.48760330578512395,40.67138195037842,1.08,4,1.645,0.25,嗯，张林鹤。
4d15985f30944f458892a785b838297b.wav,yellow,语速=1.04,3.84,-27.255146743180564,0.2613263428211212,0.0,0.5625,28.57639789581299,2.12,4,1.042,0.25,第五圆锥。
4d2ea452e474490fb14604fe3b1b008b.wav,green,全部指标达标,2.304,-27.195009463779073,0.2840779423713684,0.0,0.40869565217391307,29.433538913726807,0.88,6,2.604,0.167,结婚的两个人。
4d39ca0f637646128d506328918e17ba.wav,green,全部指标达标,3.84,-27.42542811638243,0.3748525381088257,0.0,0.4375,28.13260555267334,0.98,6,1.562,0.167,哎，长腿大龙女。
4d3d8da67379466faf37612452055992.wav,yellow,语速=1.42,2.816,-30.327058785336696,0.27792543172836304,0.0,0.5214285714285715,22.657761573791504,0.56,4,1.42,0.25,升旗仪式。
4d5f2a7ead0348c4b432f4d2e4f1ab0e.wav,yellow,语速=0.98,9.216,-24.86269488799381,0.7896714210510254,0.0,0.8108695652173913,24.4415545463562,3.06,9,0.977,0.111,全目啊在难度最前方。
4d715dc88634416d8d1b2b2da861f10e.wav,yellow,语速=1.12,3.584,-23.516000384264526,0.8132569789886475,0.0,0.6312849162011173,28.462228775024414,1.6400000000000001,4,1.116,0.25,好花与谁。
4d75ebd70157491a81c3cc5ec6279ef2.wav,green,全部指标达标,3.328,-25.801693504919704,0.28512340784072876,0.0,0.5602409638554217,37.06711530685425,1.78,11,3.305,0.091,你知道今天晚上吃什么吗？
4d8ea7cbce224bf9ba5ff4935b8e9627.wav,green,全部指标达标,8.064,-25.283818206923712,0.3236875534057617,0.0,0.5831265508684863,32.3525595664978,2.68,22,2.728,0.136,你好你好，你能给我讲个故事吗？顺便告诉我有点名字。
4d934b10188a493dbf7bb01386a5fa08.wav,yellow,VAD=38%,4.736,-31.085344181978915,0.168511763215065,0.0,0.3813559322033898,26.568551063537598,0.88,9,1.9,0.222,啊，你好你好，那有写的。
4d9da4fd636f464190aba93e35d0fca0.wav,green,全部指标达标,1.92,-26.453203390174092,0.48019832372665405,0.0,0.4479166666666667,30.701558589935303,0.76,3,1.562,0.333,我不是。
4db169dcbbd443329da927a44af8bd67.wav,orange,VAD 占比低 (10%); 语速低 (0.49 字/秒),4.096,-37.44295962052475,0.15922249853610992,0.0,0.09803921568627451,28.56423854827881,0.4,2,0.488,0.5,选a.
4dbd76501b6d4917906f01ff59208e66.wav,orange,重复字 43%: 就走走走弯嗯嗯。,2.688,-22.455158354427816,0.32489991188049316,0.0,0.8059701492537313,26.214332580566406,1.46,7,2.604,0.429,就走走走弯嗯嗯。
4dcd2ee5447d49c490adb6fdb7cd645a.wav,green,全部指标达标,8.064,-23.013223207496736,0.5539956092834473,0.0,0.630272952853598,27.905972003936768,0.88,21,2.604,0.095,你喜我喜欢喷火龙，你可以把喷火龙照片搜出来吗？
4ddf7d63fa804c3ab081c0034f284bda.wav,yellow,VAD=34%,5.504,-28.53556549957709,0.29931434988975525,0.0,0.3418181818181818,30.69767951965332,0.52,11,1.999,0.091,嗯，一氧化二氢是什么东西？
4de5f073599548c5bd8b9b0dc8736d6b.wav,yellow,VAD=30%; 语速=0.72,16.64,-28.31998221899664,0.6892958879470825,0.0,0.29927884615384615,25.686309337615967,1.54,12,0.721,0.167,嗯，你原来要喂，我，我给你哇，对。
4e058a9aaf064262b522d5858574a9e4.wav,green,全部指标达标,5.632,-22.19512296980167,0.5499081611633301,0.0,0.8398576512455516,26.913270950317383,2.14,24,4.261,0.208,明天考哦，明天考个试，我考考考试成绩不是很好，怎么办呀？
4e0db3f97cdb4bde8aae4bb2433b4efe.wav,orange,重复字 43%: 画的画画的小智。,2.944,-26.449472631745277,0.35284754633903503,0.0,0.5578231292517006,25.825302600860596,1.34,7,2.378,0.429,画的画画的小智。
4e20b475194e416eab949e3d96cf8d57.wav,green,全部指标达标,2.432,-23.43161367312923,0.36924588680267334,0.0,0.7024793388429752,27.09766387939453,0.86,4,1.645,0.25,马桶盖多。
4e2380378c414e8a81a9b811b7f7a394.wav,yellow,语速=1.16,6.016,-17.764196610756866,0.9900000095367432,0.0,0.6033333333333334,32.16243028640747,0.62,7,1.164,0.143,理想汽车挑战赛。
4e6f5ec21f51445ab441e40ca6993c64.wav,green,全部指标达标,2.048,-21.880265525839654,0.6930509805679321,0.0,0.7352941176470589,30.24352788925171,0.76,6,2.93,0.333,他小太监他爸。
4e7d43ace37942288ee79f89e3302c35.wav,green,全部指标达标,3.2,-22.861816033576055,0.5823812484741211,0.0,0.5625,32.59246587753296,1.22,5,1.562,0.2,画一个少女。
4e85192b1b574bd09970a81410cdc8fd.wav,green,全部指标达标,1.536,-21.851906067014117,0.42296165227890015,0.0,0.75,32.93520450592041,1.1400000000000001,6,3.906,0.333,我想了，一加一。
4e97a16ebf594f23b74bdbf8fabea649.wav,green,全部指标达标,5.376,-24.135387466740923,0.8620323538780212,0.0,0.6343283582089553,28.993103504180908,1.18,18,3.348,0.111,对，挂一只猪，上面写着杨艳军还要穿着旗袍。
4e9b105b751a444085b45875ea8883e7.wav,yellow,语速=1.38,2.176,-19.319129812081087,0.6961588859558105,0.0,0.6759259259259259,43.21268081665039,1.42,3,1.379,0.333,找我爱。
4ea0eb5c2774409ca5c836c03edd3c45.wav,green,全部指标达标,5.376,-23.623614842872232,0.8439061641693115,0.0,0.5932835820895522,29.102530479431152,1.32,9,1.674,0.222,好的，二零二六的汽车。
4ea9943957664ff9a92b63a477774369.wav,green,全部指标达标,2.176,-19.958639526673334,0.6449384689331055,0.0,0.7222222222222222,28.371093273162842,0.7000000000000001,4,1.838,0.25,像骗子傻。
4eaec777d2304645ada84616d2e5528c.wav,yellow,语速=0.70,7.168,-16.092057708518674,0.7619113922119141,0.0,0.7486033519553073,33.60038995742798,1.76,5,0.698,0.2,健成的美女。
4eb13cac317846d3815f019add7a46ad.wav,green,全部指标达标,2.432,-23.474327228011404,0.5947521924972534,0.0,0.5702479338842975,30.282015800476074,0.76,5,2.056,0.2,乌金木化水。
4eb2f98f0dc74fee935f83208687d534.wav,yellow,VAD=32%,2.304,-30.838244016287586,0.19705045223236084,0.0,0.3217391304347826,32.23753213882446,0.74,4,1.736,0.5,你好你好。
4eb5338aad1d4fc9983a46c5639854fc.wav,yellow,语速=1.42,1.408,-25.108958149312063,0.3321656584739685,0.0,0.4142857142857143,30.316731929779053,0.4,2,1.42,0.5,谁说。
4ed9d348f67c4293a2bd4ce30087f435.wav,red,ASR 字数过少 (0 字),1.792,-14.499005824643735,0.9900000095367432,0.0,0.8539325842696629,41.73081398010254,1.52,0,0.0,0.0,
4ede323bffa147df80238ee2348a224b.wav,yellow,语速=0.92,2.176,-19.771141441812773,0.9310743808746338,0.0,0.4444444444444444,37.369773387908936,0.9400000000000001,2,0.919,0.5,凤凰。
4edffc3f5ca24e7296acc0ae156de2b4.wav,green,全部指标达标,2.816,-23.316882992638842,0.29578161239624023,0.0,0.7285714285714285,28.79814624786377,1.34,8,2.841,0.25,两个之后的把妹妹。
4ee1bc0f9f034e4089e77786516aff70.wav,green,全部指标达标,2.432,-27.187200068257642,0.3031482696533203,0.0,0.4297520661157025,30.71613073348999,0.48,6,2.467,0.167,嗯，我也不知道。
4eea50dc9e29435a816b4b3c0f55bf4e.wav,green,全部指标达标,9.344,-25.486960838778487,0.33943110704421997,0.0,0.5374732334047109,28.82481336593628,0.92,23,2.461,0.304,很小时留下一个，还有很小很小很小很小很小很小的树。
4ef4cc35f75043cca8d5fbf939f6076c.wav,orange,重复字 43%: 在吗在吗？喂喂喂。,3.2,-34.29291667728092,0.13084597885608673,0.0,0.45625,21.999497413635254,0.48,7,2.188,0.429,在吗在吗？喂喂喂。
4efba557350548f5916179de38264703.wav,yellow,语速=1.12,2.688,-19.950498371491726,0.9662803411483765,0.0,0.5447761194029851,33.602731227874756,0.8,3,1.116,0.333,赵延彤。
4f0204139b1e4aabbc010230d8cc34fc.wav,orange,重复字 87%: 狗狗狗狗玩具狗狗狗狗狗狗狗狗狗。,6.656,-21.603421226096962,0.8766518831253052,0.0,0.8343373493975904,30.26796817779541,3.7800000000000002,15,2.254,0.867,狗狗狗狗玩具狗狗狗狗狗狗狗狗狗。
4f1a150edf75496f8a4d36b594ac2eed.wav,green,全部指标达标,2.176,-26.012737227678606,0.38552573323249817,0.0,0.4537037037037037,29.420738220214844,0.36,5,2.298,0.2,你个傻子吗？
4f1dfe64efd1426cad738a306c28cb70.wav,green,全部指标达标,6.656,-22.701437233604842,0.4781531095504761,0.0,0.7409638554216867,28.298161029815674,2.66,23,3.456,0.13,这小鼠他很着继去，比起继续可乐可乐可乐喝起来的车。
4f22c996183f43c0a501ec1a23ff1cd0.wav,red,解码失败: ,0,-100,0,0,0,nan,0,0,0,0,
4f34e3508917457e9628d138d70ba4e6.wav,green,全部指标达标,3.072,-20.665320329125045,0.9028787612915039,0.0,0.6013071895424836,32.92930603027344,0.76,10,3.255,0.1,周子浩和张明天在交配。
4f4150381fc54a589993ad3c6d797c03.wav,green,全部指标达标,10.624,-16.07715315688152,0.9900000095367432,0.0,0.711864406779661,34.59517240524292,1.1400000000000001,25,2.353,0.12,多林国可以学葡萄语，还可以学英语，还可以学中文，对不对呀？
4f72bd40c1e94fd5a5bf7ba22be84957.wav,green,全部指标达标,5.888,-24.719090271347845,0.35819512605667114,0.0,0.6496598639455783,28.07347059249878,0.88,17,2.887,0.059,这就是王者荣耀十周年皮肤推荐换哪个？
4fb1f94ebeb3476d9ed04910ac402ca7.wav,green,全部指标达标,16.64,-21.912478791253136,0.8755702972412109,0.0,0.8485576923076923,26.54536008834839,4.8,35,2.103,0.286,我的世界叫狗屎，ok第一，你是谁呀呀呀呀呀呀呀呀呀，家里给你芭比摇摇摇，哎呀，妈。
4fb495170f3d47b19bc94d64e6c5e287.wav,green,全部指标达标,1.664,-18.70485973439429,0.7455339431762695,0.0,0.6144578313253012,38.06058883666992,0.6,5,3.005,0.2,美女中午好。
4fb9a55839764ae3b398ea02a3bb870e.wav,green,全部指标达标,4.608,-23.045626898081572,0.4980347752571106,0.0,0.7347826086956522,27.376863956451416,1.04,12,2.604,0.167,一个男的和一个女的在亲嘴。
4fbdaa3e8fc6418fa53691e4ca4d1acd.wav,green,全部指标达标,4.096,-23.494226277232826,0.3755122423171997,0.0,0.6568627450980392,29.0545654296875,0.76,12,2.93,0.083,给我生成一只可爱的元烧瓶。
4fc69aab31544028823b7a22e6ae465e.wav,green,全部指标达标,2.432,-24.181626564635682,0.30198171734809875,0.0,0.6033057851239669,31.17436408996582,1.16,6,2.467,0.167,而这是美人鱼。
4fc8a8c61e3246a5848ff7c05a1b2509.wav,green,全部指标达标,2.176,-24.34020015304945,0.28349995613098145,0.0,0.49074074074074076,35.6133246421814,1.06,5,2.298,0.2,你是平凡吗？
4fd57abec488423899c4e5ac85e31b2e.wav,yellow,VAD=25%,6.656,-31.03780775107917,0.41966569423675537,0.0,0.2469879518072289,26.65762186050415,0.42,13,1.953,0.154,秦学生弹糕是秦学生发明的吗？
500d977b69b5422ca765ad19c33c9724.wav,green,全部指标达标,2.56,-25.37287968554469,0.3555372953414917,0.0,0.4765625,33.89939785003662,1.08,5,1.953,0.2,画一个大地。
50201489c41745e9b3f44b092f96c5eb.wav,green,全部指标达标,6.656,-22.190189199175038,0.515798032283783,0.0,0.6927710843373494,30.484707355499268,1.18,29,4.357,0.069,怎么样才能让人得抑郁症呢？如果我不开心，几天后会不会得抑郁症呢？
50396e0f3c9945b68e67366ea090c491.wav,yellow,语速=1.49,2.688,-27.055401409026008,0.3097826838493347,0.0,0.6119402985074627,30.501999855041504,1.58,4,1.488,0.25,厉害大美。
5046d91233f24783929f48cb60a9dab7.wav,green,全部指标达标,3.2,-23.78826115581746,0.41996628046035767,0.0,0.73125,27.235126495361328,1.24,11,3.438,0.091,帮我拍一个胸很大的格子。
504e03854224417fb10c28dfdc3d6517.wav,green,全部指标达标,2.176,-25.746115244072044,0.42745935916900635,0.0,0.6759259259259259,26.292214393615723,0.78,5,2.298,0.2,我不喜欢你。
505499f6d7b64a4ab0164130829225e2.wav,green,全部指标达标,5.888,-15.568662983742003,0.8603496551513672,0.0,0.935374149659864,38.458778858184814,5.0600000000000005,17,2.887,0.235,呼啦啦里里啦，那里不啦，怎么了？没有没有。
5063c52a021741a08d29b9c1a36805b8.wav,green,全部指标达标,3.456,-24.89701737386028,0.3517550826072693,0.0,0.5290697674418605,30.259320735931396,0.42,6,1.736,0.167,把它变成直接。
507b8003d09e4de68e42b1c5b769e262.wav,red,ASR 字数过少 (0 字),3.2,-28.97498765550127,0.28477317094802856,0.0,0.575,26.999759674072266,1.72,0,0.0,0.0,
50851a5bfeeb4a0db619809067899f6a.wav,green,全部指标达标,2.688,-24.76883503406949,0.47539806365966797,0.0,0.6119402985074627,30.050737857818604,1.54,5,1.86,0.2,民航途汽车。
5085c550d20e4ef18793e2669feaad98.wav,orange,VAD 占比低 (5%),1.696,-47.35452308589885,0.0343017578125,0.0,0.047619047619047616,9.610601663589478,0.08,20,11.792,0.4,Hello hello hello hello.
508cb708523e44f5b81f0c9e7db0180e.wav,green,全部指标达标,5.504,-15.377663933703626,0.9899999499320984,0.0,0.6181818181818182,38.106184005737305,2.04,13,2.362,0.077,我的一辆理想汽车找到了宝石。
50a85071a2864571ade1e2af27d45812.wav,green,全部指标达标,8.192,-20.29106650062581,0.838646411895752,0.0,0.6356968215158925,28.463563919067383,1.04,15,1.831,0.133,对，一个一个小灵妙尿尿多在狗屎里。
50aa0d355157405181da99ccd82904b2.wav,yellow,语速=1.02,2.944,-27.723309380713502,0.6324980854988098,0.0,0.564625850340136,29.35741424560547,1.6600000000000001,3,1.019,0.333,八十九。
50c468c95f514d05b2d8c599fe4651d5.wav,green,全部指标达标,3.328,-22.766457328849743,0.818138837814331,0.0,0.6927710843373494,29.092025756835938,2.02,11,3.305,0.182,将途中两位人变成美人鱼。
50fc21951900486ab7b63e0152500101.wav,green,全部指标达标,2.432,-22.980143710128672,0.6285363435745239,0.0,0.6363636363636364,34.13379907608032,1.54,6,2.467,0.167,再画一个女的。
51055ead4f09471b82b47a8b85300bd0.wav,green,全部指标达标,2.688,-18.3040706494802,0.78035968542099,0.0,0.5970149253731343,39.39724922180176,1.56,7,2.604,0.143,我的世界毛玩家。
510b53cbfab04d39b91ebd2a9aa0c1fe.wav,red,ASR 字数过少 (1 字),2.432,-30.74288792408901,0.35567647218704224,0.0,0.512396694214876,26.162400245666504,1.16,1,0.411,1.0,对。
5140fd6805eb445aa42537dc23a3188e.wav,green,全部指标达标,3.328,-28.075806431785292,0.2473098784685135,0.0,0.5843373493975904,24.990627765655518,0.92,8,2.404,0.125,西吃痞子推荐入手。
5155e81d4af4408e966e03c559d3e094.wav,yellow,语速=0.96,10.368,-24.02806341915582,0.5520919561386108,0.0,0.5231660231660231,25.41294813156128,1.42,10,0.965,0.1,一辆车被限定了泥土里。
5173bc64192a4f5280ac80dba502740b.wav,green,全部指标达标,2.432,-12.883330751677828,0.8897222280502319,0.0,0.8016528925619835,36.53295040130615,1.92,4,1.645,0.25,加我奥耶。
51754c1fbcf64502b31c1fc2b9202f1a.wav,yellow,VAD=31%,3.84,-27.50682588228433,0.364509642124176,0.0,0.3125,35.220844745635986,0.72,6,1.562,0.333,画一只香香猪。
5176f19f6c5d410e814d09225a3c0610.wav,yellow,VAD=30%; 语速=1.20,3.328,-28.37631112473618,0.3342445492744446,0.0,0.30120481927710846,32.95795440673828,0.9400000000000001,4,1.202,0.25,我想自杀。
518c9e7fd80e4d55a9bcdd216015a378.wav,yellow,语速=1.17,2.56,-22.779393229983587,0.5138840675354004,0.0,0.5625,39.95061635971069,1.44,3,1.172,0.333,弗琳娜。
5193d0113e0243d2b358937ac9fcb525.wav,green,全部指标达标,2.944,-17.15917574727745,0.9900000095367432,0.0,0.6802721088435374,34.48809862136841,0.9400000000000001,7,2.378,0.143,秦始皇旗在敌人。
51a34034ab834380916133a85c430596.wav,green,全部指标达标,2.816,-24.749676745022487,0.4130224287509918,0.0,0.5928571428571429,30.755209922790527,1.58,9,3.196,0.333,啦啦啦哦，哦啊啊心心。
51c5b109fd234f08ab58370872fba324.wav,green,全部指标达标,1.92,-24.441594888586266,0.5006992816925049,0.0,0.5104166666666666,29.697692394256592,0.64,3,1.562,0.333,拿不住。
51da4a593de04af281c415d035409dba.wav,yellow,语速=1.20,1.664,-23.909634032973266,0.4449002742767334,0.0,0.5060240963855421,32.83541440963745,0.38,2,1.202,0.5,中业。
51e4e5614c13421289b361499130a46d.wav,yellow,VAD=36%,1.792,-26.077292803832446,0.419867604970932,0.0,0.3595505617977528,31.3613224029541,0.64,3,1.674,0.333,换一个。
51f99c03fd7244178b7eb0fdc8ed9fad.wav,green,全部指标达标,4.608,-22.72236949225708,0.5529354810714722,0.0,0.6869565217391305,28.210957050323486,0.92,11,2.387,0.091,生产一个情侣城在打水仗。
520b19928a6340549c8bd4fc3a97c60e.wav,green,全部指标达标,2.688,-24.940396677005936,0.3286052346229553,0.0,0.5074626865671642,31.442341804504395,0.7000000000000001,6,2.232,0.167,请发一句美语。
52471d3f5c10413884d86484fc5a51f5.wav,red,音量过低 (-52.8 dB),6.912,-52.75493904376682,0.0334208607673645,0.0,0.011594202898550725,15.698471069335938,0.06,0,0.0,0.0,
524d1ac896284e3ea99154dbe2d11c89.wav,red,ASR 字数过少 (0 字),3.2,-26.846656779281616,0.2849855422973633,0.0,0.69375,23.650858402252197,1.54,0,0.0,0.0,
525aec044f4a42b08c5751fcea797bfa.wav,green,全部指标达标,4.736,-21.087432464407318,0.6725956797599792,0.0,0.788135593220339,30.319197177886963,2.6,9,1.9,0.333,老老大老公准备大便。
5267e98faa8a4182aab36d37ccaef412.wav,green,全部指标达标,5.248,-22.397451156762326,0.6200023293495178,0.0,0.7900763358778626,32.77305364608765,3.56,11,2.096,0.091,世界上最玩的女人，我是小。
526e99b58c20483295e46fbc78fa3b28.wav,green,全部指标达标,2.816,-28.673429422779595,0.25204789638519287,0.0,0.4928571428571429,27.755675315856934,0.9400000000000001,8,2.841,0.125,你像个大傻子一样。
527e4862b8474e91beb5aad3c4889d32.wav,orange,重复字 50%: 羊过来喜羊羊。,5.632,-27.14682940318154,0.28411710262298584,0.0,0.5658362989323843,23.620998859405518,0.84,6,1.065,0.5,羊过来喜羊羊。
528b82371a3c4e11bef5354238df7384.wav,yellow,语速=1.49,2.688,-24.983418812099902,0.43169841170310974,0.0,0.5597014925373134,28.12053918838501,0.7000000000000001,4,1.488,0.25,反正甘雨。
529eb0e30fb443abaf82710e9901bd70.wav,green,全部指标达标,3.712,-22.335165602087788,0.5900131464004517,0.0,0.7783783783783784,29.451239109039307,1.06,13,3.502,0.154,帮我画一个正在游泳的小姐姐。
52a5ad438003486e900330e73e20c803.wav,orange,重复字 50%: 八十八十八十。,5.76,-23.075390746675495,0.893738865852356,0.0,0.6770833333333334,27.317349910736084,1.36,6,1.042,0.5,八十八十八十。
52b413f84ebc437aa662ccb93d85a850.wav,yellow,语速=1.07,2.816,-20.23933821534088,0.6051525473594666,0.0,0.7428571428571429,33.156442642211914,1.16,3,1.065,0.333,你有不。
52c01405ef3b4836b6c3ab2ad1b767ce.wav,green,全部指标达标,2.56,-23.19214989056853,0.2972089648246765,0.0,0.640625,31.821277141571045,1.52,7,2.734,0.286,听不见意的妹妹。
52dcd49404144e4d8654267278c2abfb.wav,yellow,语速=1.40,3.584,-26.562208593005067,0.29074913263320923,0.0,0.43575418994413406,33.70201110839844,1.52,5,1.395,0.2,第五人格儿。
52de3dfe26244f4fbc8e6886bae39537.wav,green,全部指标达标,4.224,-22.27069822411356,0.37343019247055054,0.0,0.6635071090047393,34.77663516998291,1.32,8,1.894,0.125,一只鸟飞在人头上。
53037a11cddb41e0af366dc95623e253.wav,green,全部指标达标,2.304,-24.414306020716143,0.31347787380218506,0.0,0.6956521739130435,26.315834522247314,1.4000000000000001,5,2.17,0.2,变成美人鱼。
532625b1789f4f6e949124bcd9cccde8.wav,yellow,语速=1.12,1.792,-22.447555845009404,0.5534700155258179,0.0,0.4943820224719101,33.24113607406616,0.5,2,1.116,0.5,汽车。
53435882ee054dcd8e853bce3fd6ca8b.wav,yellow,语速=1.35,3.712,-23.7241485254404,0.5771486759185791,0.0,0.6594594594594595,32.25360631942749,2.44,5,1.347,0.2,外星人丧尸。
535838d68d24437e85c698dce66862cb.wav,yellow,VAD=36%; 语速=1.04,1.92,-26.771928616014826,0.2706259787082672,0.0,0.3645833333333333,34.1322135925293,0.38,2,1.042,0.5,内裤。
5385ed40006e4069941d01d54b8ea8b5.wav,yellow,语速=0.74,2.688,-27.30225508377402,0.37965190410614014,0.0,0.44029850746268656,28.15896987915039,0.52,2,0.744,0.5,变态。
538884639bea4796816e3678bfaf5311.wav,yellow,语速=1.04,9.6,-22.816387091642998,0.8655645251274109,0.0,0.4270833333333333,28.72363805770874,1.34,10,1.042,0.1,理想汽车停在了浴室里。
539868e3c2fb4e88abe3952d035d3345.wav,green,全部指标达标,8.064,-23.191739623949807,0.7115896940231323,0.0,0.7915632754342432,25.674850940704346,3.04,20,2.48,0.1,你自来城市和许动城市每个人吃喜梦和大青蛙。
53ab513fa0eb407d8ddb044311522826.wav,yellow,VAD=24%; 语速=0.94,3.2,-29.64773357644523,0.2458634376525879,0.0,0.2375,30.367369651794434,0.74,3,0.938,1.0,啦啦啦。
53af77745b1b42bfa2b41e1802f13175.wav,yellow,语速=1.42,1.408,-23.5554554243153,0.31028831005096436,0.0,0.7142857142857143,26.514008045196533,0.42,2,1.42,0.5,蜗牛。
53bfe8377ac04d03b4b31ec80a346a95.wav,yellow,VAD=35%; 语速=1.47,6.784,-23.283816033849646,0.9899999499320984,0.0,0.35103244837758113,33.40487718582153,0.74,10,1.474,0.1,泥土笑着说，把汽车吃了。
53cd5be0c46d4ac2acafc67bd09dc24b.wav,green,全部指标达标,2.688,-23.571211611039313,0.33027419447898865,0.0,0.6044776119402985,28.20552110671997,0.8200000000000001,10,3.72,0.2,能听到沈阳煎饭团煎饭。
53fc31adaeda4f259ff7985136aebfce.wav,green,全部指标达标,5.504,-21.834909949934517,0.8884841799736023,0.0,0.5236363636363637,32.3647665977478,0.76,16,2.907,0.188,嘿嘿嘿，我带了刀，我来捅死你个龟儿子。
54316d0dff5b4d3f87321235e977b34f.wav,red,ASR 字数过少 (0 字),2.688,-23.68581171136954,0.7231193780899048,0.0,0.5671641791044776,31.45231008529663,1.36,0,0.0,0.0,
54385e76e5aa449db1728ce024727c7f.wav,green,全部指标达标,3.584,-26.308865573631138,0.6071577072143555,0.0,0.43575418994413406,29.111182689666748,0.78,8,2.232,0.25,感觉你是是傻逼吗？
544a33457dac459a8698ac536623cdb7.wav,yellow,语速=1.04,1.92,-19.76970190887329,0.881837010383606,0.0,0.4791666666666667,39.817540645599365,0.86,2,1.042,0.5,姜王。
544ceefa36c1444fa4ddf5b596577092.wav,green,全部指标达标,5.376,-27.885764424200723,0.2235788106918335,0.0,0.6156716417910447,24.429471492767334,2.72,22,4.092,0.091,因为我把那个人打了一顿，所以说他骂我是个大傻子。
546ccf8595da4bc6bbeebcf712ac022d.wav,yellow,VAD=29%,5.504,-34.183458565496444,0.15881693363189697,0.0,0.2872727272727273,22.177445888519287,0.52,9,1.635,0.222,"电话hello,有只。"
547add2caebb4ec296d2412b9929e5aa.wav,green,全部指标达标,4.352,-23.33454295181206,0.38988572359085083,0.0,0.7649769585253456,35.19486665725708,3.3000000000000003,8,1.838,0.125,您用上色的图像行。
547f30a33b2d4e78aff660e5b17eb4e8.wav,green,全部指标达标,2.688,-23.05823375078312,0.3850460350513458,0.0,0.7611940298507462,27.456259727478027,1.26,9,3.348,0.111,我就现在换一个身上。
549fe993d37c4e96a7f022f4e3bfb022.wav,green,全部指标达标,7.04,-21.77796656697089,0.9291223287582397,0.0,0.7698863636363636,28.880481719970703,1.86,14,1.989,0.071,七千万黑行话孙悟空和美女结婚。
54a616773591430f89437e31776dd111.wav,green,全部指标达标,2.688,-24.807397598553372,0.4163740277290344,0.0,0.582089552238806,34.260005950927734,1.56,8,2.976,0.25,你好好看看我是谁。
54b0fd65ad2a414cbcef3d18ad3ed484.wav,yellow,语速=1.08,3.712,-22.385542332504045,0.5340641736984253,0.0,0.6378378378378379,29.101381301879883,1.08,4,1.078,0.5,彩虹宝宝。
54b998886af44c74a9a1634167dbba46.wav,green,全部指标达标,2.176,-24.5900796130605,0.35686933994293213,0.0,0.5370370370370371,26.6489315032959,0.54,4,1.838,0.5,十全十美。
54c3dc7cd87c4756888a47ed0579aeb7.wav,green,全部指标达标,2.048,-23.406610165565613,0.3300974369049072,0.0,0.5294117647058824,32.975337505340576,0.62,4,1.953,0.25,大便撒尿。
54cb22843f6e4006b87d551d1631fb77.wav,orange,VAD 占比低 (6%),3.968,-41.65428165147448,0.1405712515115738,0.0,0.06060606060606061,23.954098224639893,0.18,7,1.764,0.143,你知道我是谁吗？
54f63b174f1e4ee7b8149ec88c8d7661.wav,red,ASR 字数过少 (1 字),1.408,-26.60233065443698,0.3863578140735626,0.0,0.24285714285714285,31.258602142333984,0.24,1,0.71,1.0,是。
55172c5dd8224c4aba4292923b14302d.wav,green,全部指标达标,3.2,-24.31100543459867,0.4231034815311432,0.0,0.64375,31.176416873931885,1.96,5,1.562,0.2,有开小坦克。
551d488632464c8e86af402919624c00.wav,green,全部指标达标,4.48,-22.6377445461819,0.5345054864883423,0.0,0.7857142857142857,31.573071479797363,3.16,19,4.241,0.158,我我先把药给你放下了，你出来吃吧，我先走了。
55248d6127bc43a5ac0adc1cb0413407.wav,green,全部指标达标,3.072,-18.10687576087864,0.8168569803237915,0.0,0.6862745098039216,28.702208995819092,1.44,11,3.581,0.182,巴拉巴拉，那我们先去对补。
554b0261006f452aa401d3f0fb65b606.wav,green,全部指标达标,2.432,-23.104287311403947,0.3866666555404663,0.0,0.7603305785123967,30.416510105133057,1.42,7,2.878,0.143,一个小伙在卖鸡。
5563930432eb4a9a9e7df155d9559bd2.wav,green,全部指标达标,3.968,-26.31019762897158,0.377275675535202,0.0,0.6262626262626263,26.87004327774048,1.2,11,2.772,0.091,画一只猪，上面写着长颈鱼。
55719f865ba74286a47e5968223666ba.wav,green,全部指标达标,1.408,-24.21545845838443,0.2738240659236908,0.0,0.45714285714285713,32.54734992980957,0.42,3,2.131,0.333,快姐睛。
557d5c51cb3341629e4d1795e78deebe.wav,green,全部指标达标,5.248,-20.500891585374013,0.9490548372268677,0.0,0.5954198473282443,35.76260328292847,1.4000000000000001,17,3.239,0.118,啊，白细胞格格六十候就是纯色的白衣服。
558dd58a82db464291bc091297cff520.wav,yellow,语速=0.78,2.56,-24.90501135781933,0.3524106442928314,0.0,0.53125,36.16945743560791,1.32,2,0.781,0.5,明天。
55a15ecea86d47ddbe2a9bf09ce04571.wav,green,全部指标达标,2.304,-25.20196300455135,0.48499688506126404,0.0,0.5478260869565217,29.80938196182251,0.38,4,1.736,0.25,我一个是。
55ad2b2696b1404aa63e392268970ed3.wav,green,全部指标达标,6.144,-23.322674895682844,0.8278891444206238,0.0,0.5211726384364821,33.48904609680176,1.32,15,2.441,0.2,我要杀人，我要吃安眠药，我又要自杀。
55b5d14fd5e643baa8137b10d262f7e3.wav,yellow,语速=1.20,3.328,-18.55459528116902,0.9900000095367432,0.0,0.43373493975903615,36.3730788230896,0.78,4,1.202,0.25,超级奥迪。
55d26afb9ee345138323c9529da6326e.wav,red,解码失败: ,0,-100,0,0,0,nan,0,0,0,0,
55d6b2f5f3844fbfa4f098897cc600c9.wav,green,全部指标达标,2.816,-22.4390258577986,0.310638964176178,0.0,0.5428571428571428,30.86395263671875,0.52,7,2.486,0.143,请发一对行李箱。
55e75894d5894dee8c1fb1e78b9d36b4.wav,yellow,语速=1.07,2.816,-24.345343372948534,0.40895876288414,0.0,0.5642857142857143,34.255614280700684,1.5,3,1.065,0.333,看大没。
55f12fc19fee47b88babdff763682a2f.wav,yellow,VAD=36%; 语速=1.04,1.92,-27.247140016904847,0.3663601875305176,0.0,0.3645833333333333,29.78752374649048,0.5,2,1.042,1.0,宝宝。
5608e03055754be09edddfbbd18ed59d.wav,orange,重复字 71%: 八二零零零零零。,4.096,-22.75230211530529,0.8947887420654297,0.0,0.6323529411764706,37.84550905227661,1.98,7,1.709,0.714,八二零零零零零。
5618ca4f35e24c11ae350f0b0f956c78.wav,green,全部指标达标,2.048,-23.69133433046583,0.489532470703125,0.0,0.6078431372549019,26.628687381744385,0.54,6,2.93,0.167,真等我头疼啊。
562ae632265e493dbe64b12c90ef69e8.wav,green,全部指标达标,2.304,-22.781836346600382,0.519649088382721,0.0,0.6260869565217392,28.807246685028076,1.04,7,3.038,0.143,到我们去的地方。
564217963d2848f285f895fd1ad65631.wav,green,全部指标达标,3.2,-27.014170796879696,0.23409755527973175,0.0,0.58125,24.151294231414795,0.58,6,1.875,0.167,沉思雨之墓碑。
565bdfb548514d3bacb6996fe8fcae03.wav,yellow,语速=0.52,3.84,-24.903582345465857,0.41466280817985535,0.0,0.65625,26.730082035064697,1.18,2,0.521,0.5,再见。
569b4141e25544b48fee2c515761d108.wav,green,全部指标达标,2.432,-26.977820867347017,0.28386497497558594,0.0,0.6198347107438017,27.293875217437744,0.6,7,2.878,0.143,你是啥？我也想啊。
569def8a029b4e069f5f12a5e63b3220.wav,green,全部指标达标,1.92,-26.034216098363757,0.25052163004875183,0.0,0.53125,28.40073585510254,0.74,4,2.083,0.25,一个人机。
56b9e05531c64685b2be2143e26bd3c8.wav,red,ASR 字数过少 (0 字),2.432,-43.36683891435128,0.11376561224460602,0.0,0.09090909090909091,21.0805082321167,0.1,0,0.0,0.0,
56cf0109dfa0412984ae4ab254e00de4.wav,red,解码失败: ,0,-100,0,0,0,nan,0,0,0,0,
56e95d8243be407fa3278738c56c5d0f.wav,green,全部指标达标,3.456,-24.679249243679656,0.3981510400772095,0.0,0.5406976744186046,30.000479221343994,1.04,8,2.315,0.125,画一个哥布林养鸟。
56eda0aad0b641428c459e813f24728d.wav,green,全部指标达标,2.176,-25.38729933787192,0.6943811178207397,0.0,0.4074074074074074,28.275985717773438,0.76,4,1.838,0.25,宝贝坦克。
57148f547c164bf487a28272a6a61668.wav,green,全部指标达标,4.096,-22.645716398613168,0.4931977391242981,0.0,0.7107843137254902,30.487124919891357,0.92,17,4.15,0.059,那大学老师每次这去吃拉面的规律是啥？
571643453c884d5cbb0f73ad97a867e7.wav,yellow,VAD=28%; 语速=0.78,6.4,-30.099097846480717,0.29019680619239807,0.0,0.278125,26.031079292297363,0.92,5,0.781,0.4,你好，美容你。
57225c91c12846a6bfbac725e075950e.wav,green,全部指标达标,3.072,-18.938688991951334,0.7435592412948608,0.0,0.738562091503268,28.485829830169678,0.88,5,1.628,0.2,变成世界上。
5735d2bec32b42f982cacdfa623d76ac.wav,green,全部指标达标,3.84,-22.95495156030064,0.633198082447052,0.0,0.796875,26.903412342071533,1.26,7,1.823,0.143,这是学校的怪兽。
57379944ac2044068752f1e2740aa948.wav,green,全部指标达标,4.608,-15.064826043054797,0.7753926515579224,0.0,0.8956521739130435,30.439553260803223,2.5,7,1.519,0.143,他的五亮这个字。
574345bfb333465f9e05df5a68c10677.wav,green,全部指标达标,6.016,-21.86207674287504,0.7034551501274109,0.0,0.7966666666666666,25.60873508453369,1.34,21,3.491,0.095,长着八块腹肌的老奶奶在用他全身的力气拉大便。
575437e3261b4dfb88ac2e731ec9f4c3.wav,green,全部指标达标,2.176,-24.93840704257805,0.5290461778640747,0.0,0.49074074074074076,31.054017543792725,0.92,5,2.298,0.2,我们在学里。
57608020683b4de2a92d88cad57a42b9.wav,yellow,语速=0.82,2.432,-20.54009142402695,0.7583319544792175,0.0,0.5867768595041323,34.95283365249634,1.1400000000000001,2,0.822,0.5,一斤。
5770c9d03fc846888e4bc1593fddc0e3.wav,green,全部指标达标,2.304,-20.52179493216095,0.9012116193771362,0.0,0.5130434782608696,35.47971725463867,0.7000000000000001,6,2.604,0.167,世界上最亮的。
57807545948747498cdf09b3832918a2.wav,red,音量过低 (-50.8 dB),3.328,-50.792422103926604,0.03410819545388222,0.0,0.024096385542168676,14.456911087036133,0.04,0,0.0,0.0,
578f531fe3024c9cba8d1182103d71f8.wav,yellow,VAD=31%; 语速=1.04,1.92,-24.227959402939383,0.7354982495307922,0.0,0.3125,34.50429916381836,0.36,2,1.042,0.5,战水。
5794f26879834e93ac181323cf49d324.wav,green,全部指标达标,3.328,-27.644707849121982,0.24993595480918884,0.0,0.6024096385542169,26.325743198394775,0.74,12,3.606,0.167,我们学校的优秀学校有哪些？
57988b9a57914cc18055bdb5d6c3f157.wav,green,全部指标达标,3.456,-27.623045131618685,0.27114778757095337,0.0,0.563953488372093,25.817875862121582,0.56,7,2.025,0.286,两个黑暗板妹妹。
57ad51536e1f400faf0b3290e2d862ed.wav,green,全部指标达标,3.456,-23.919601420418743,0.29981154203414917,0.0,0.6918604651162791,34.40951585769653,2.38,13,3.762,0.077,你用手包弄下来，他在这里就走。
57be582e4d38414a98bf7c6e8f10d577.wav,green,全部指标达标,3.328,-25.405756306050186,0.7440679669380188,0.0,0.45180722891566266,29.82612371444702,0.54,6,1.803,0.167,老弟的大球呀。
57cb5d6d6d024ca7a6e5dd0dc041e68c.wav,red,ASR 字数过少 (0 字),1.536,-25.789209087651308,0.37891292572021484,0.0,0.5394736842105263,33.729870319366455,0.34,0,0.0,0.0,
57e9d9e44d10404bb15d011763ff0d17.wav,green,全部指标达标,3.2,-20.88320315471603,0.9900000095367432,0.0,0.65,32.15922832489014,1.6400000000000001,8,2.5,0.125,柯南和毛丽兰结婚。
57f3e96e20ac49c09518a2f8ade2804d.wav,green,全部指标达标,1.92,-24.505421318567354,0.3325681686401367,0.0,0.4166666666666667,30.945096015930176,0.34,5,2.604,0.2,行使神奇端。
5801e25905a54d48be87b9ac3562432b.wav,green,全部指标达标,2.816,-23.62770653039815,0.349836528301239,0.0,0.6714285714285714,34.25678730010986,1.54,7,2.486,0.143,三前是有哪位在？
583437a9a95b4d95b3d46a2fc8ce62d3.wav,yellow,VAD=26%; 语速=0.92,4.352,-26.303499948200262,0.7367752194404602,0.0,0.2626728110599078,33.001554012298584,0.44,4,0.919,0.25,一个车牌。
58355c4401514345b3a305258a7962de.wav,green,全部指标达标,2.432,-19.78163568314984,0.9744760990142822,0.0,0.5041322314049587,33.02342891693115,0.42,4,1.645,0.25,后制食品。
583ff415d1644c5386b1774ce30aaacb.wav,green,全部指标达标,2.304,-25.61615897200191,0.3771359622478485,0.0,0.6086956521739131,33.42836141586304,1.24,7,3.038,0.286,我的世界的盲盒。
584367150af94c5487666731cadb0c78.wav,green,全部指标达标,2.944,-27.46654605321089,0.30066171288490295,0.0,0.4013605442176871,26.536259651184082,1.02,5,1.698,0.2,嗯，用力啊。对。
5856bd6be71a4edeb0fa29169d950c5c.wav,yellow,语速=0.96,7.296,-15.865035050512095,0.8185246586799622,0.0,0.8543956043956044,31.091368198394775,1.62,7,0.959,0.143,朋友，我们是大哥。
585976c962f146ae927e79ec10c6493c.wav,green,全部指标达标,3.072,-19.714037205995876,0.9653264880180359,0.0,0.6797385620915033,32.11552619934082,1.6400000000000001,9,2.93,0.111,帮我做一个曼谷攻略。
586108b0acd84fd193c009a3075e8e8e.wav,green,全部指标达标,2.944,-23.309456951740458,0.3982933759689331,0.0,0.6530612244897959,35.14604568481445,1.86,7,2.378,0.143,你的这位大美女。
58688bd99d614ff5894568278b1ade32.wav,green,全部指标达标,4.608,-16.595161743580388,0.9900000095367432,0.0,0.5565217391304348,37.73178815841675,0.72,10,2.17,0.2,肌肉老太太有八块腹肌。
5875a964748d4228a0e2fd8e452428d9.wav,green,全部指标达标,4.224,-27.15309692462717,0.40098097920417786,0.0,0.7535545023696683,21.997833251953125,2.4,7,1.657,0.143,打开PO可以按。
58808599e7f34f06a0407efe4d600f5e.wav,yellow,VAD=25%,3.04,-37.54620751586819,0.137176513671875,0.0,0.25,15.466339588165283,0.18,10,3.289,0.1,制定一份周末旅行计划。
58a63a2ef3494c98939c25c1b003748b.wav,yellow,语速=1.46,4.096,-23.688926349506048,0.8340536952018738,0.0,0.7647058823529411,25.596280097961426,1.18,6,1.465,0.167,什果，你不要说。
58add0ab5c104ad8981cabe50e08e21d.wav,green,全部指标达标,4.48,-24.800207028116805,0.29989731311798096,0.0,0.45089285714285715,33.78767728805542,0.92,8,1.786,0.125,给我弄一个霸走呢。
58cfc815a21f481e858af561b32246a1.wav,green,全部指标达标,1.92,-30.450434018987863,0.3800742030143738,0.0,0.4375,20.9428071975708,0.74,9,4.688,0.222,对你这个挺好的好的。
5900d64d05ff4917b1f890db11763393.wav,green,全部指标达标,2.432,-17.728287708288054,0.9899999499320984,0.0,0.7024793388429752,35.19357681274414,0.5,7,2.878,0.143,王子和公主结婚。
591cd5ed4e2a49c1a7bf6233251e5287.wav,green,全部指标达标,2.688,-23.37117581367289,0.38319531083106995,0.0,0.6044776119402985,27.152202129364014,0.7000000000000001,8,2.976,0.125,请你滚出这个系统。
592c0701b35140fc946479f67dc1bffb.wav,green,全部指标达标,4.608,-14.932731738824902,0.9900000095367432,0.0,0.7304347826086957,37.65450716018677,2.14,17,3.689,0.118,三角洲行动boss赛伊德拿着AWM.
5939e4fd76fd4bcb886f783264a4ab7a.wav,green,全部指标达标,5.12,-26.70144871240553,0.3562289774417877,0.0,0.453125,29.522318840026855,0.54,18,3.516,0.056,应该在一号这点，今天星期五不你发系统吗？
595ede7d52d247f4a7f86b82b11d42e3.wav,yellow,语速=1.42,4.224,-25.05593945805176,0.3430573642253876,0.0,0.8767772511848341,24.861559867858887,3.16,6,1.42,0.167,So阿，我这边。
596636a4e75b4deca0a3b498159ffce9.wav,green,全部指标达标,1.92,-27.966214176519607,0.3499830961227417,0.0,0.4375,28.169379234313965,0.62,3,1.562,0.333,怎么去。
598e345327564b18a794d17814701374.wav,green,全部指标达标,5.504,-13.77758652791604,0.9900000095367432,0.0,0.6327272727272727,41.726531982421875,0.86,10,1.817,0.2,一辆一角MAGA汽车。
59ba2243d99e41dd8702b214d76217a0.wav,yellow,语速=1.07,2.816,-25.475069286544475,0.3639332056045532,0.0,0.5357142857142857,27.886745929718018,0.78,3,1.065,0.333,条城市。
59be4043f6104c83aa3b263f7789edd5.wav,green,全部指标达标,3.968,-23.116987994112304,0.5596638917922974,0.0,0.7070707070707071,27.41173267364502,1.12,10,2.52,0.1,高科技要放弃了。在城市。
59c66d2911fe40a1b944943a8ac8de74.wav,red,音量过低 (-56.9 dB),4.096,-56.90372364241774,0.014386124908924103,0.0,0.0,-inf,0.0,0,0.0,0.0,
59f7fa223d6f46a7ac0e26742122eb55.wav,yellow,语速=1.30,2.304,-27.696008636371268,0.2575789988040924,0.0,0.5130434782608696,27.51654624938965,0.6,3,1.302,0.333,熊出没。
5a059c00bfa540e7b06d57600349098b.wav,green,全部指标达标,8.448,-23.47657986825743,0.4553165137767792,0.0,0.7109004739336493,26.874396800994873,2.12,21,2.486,0.095,嗯，想要姐姐，你会呈现他，将妈妈变回原来的形状呀。
5a0b1c44fdf1479eb2cc35cdecd55512.wav,green,全部指标达标,2.56,-22.981272883123978,0.38888704776763916,0.0,0.7265625,30.06772756576538,0.96,6,2.344,0.333,小姐姐生宝宝。
5a1907dbf25e44d29f3c49c0ba61c103.wav,yellow,语速=0.62,4.864,-24.689272327635713,0.827399730682373,0.0,0.6296296296296297,25.929887294769287,1.2,3,0.617,0.667,万旺旺。
5a3ea562b4304459b3bfffc2ddf634fe.wav,yellow,VAD=31%,2.432,-31.033640315189757,0.26498210430145264,0.0,0.3140495867768595,22.33375072479248,0.5,5,2.056,0.2,一坨食物吗？
5a4aede08d5e42e4a9112576fc1936e4.wav,orange,VAD 占比低 (10%),3.072,-44.63193493449494,0.08497767150402069,0.0,0.10457516339869281,17.081539630889893,0.26,3,0.977,0.333,Cs八。
5a5c2eae471e409dbf77f073416ea295.wav,green,全部指标达标,2.432,-21.63741676489133,0.4380835294723511,0.0,0.7768595041322314,27.784488201141357,1.24,6,2.467,0.167,植物大战僵尸。
5a7022b69b1341c0bf68c3e1f64f1743.wav,green,全部指标达标,11.52,-19.60731023637033,0.9900000095367432,0.0,0.7135416666666666,28.305816650390625,1.1400000000000001,31,2.691,0.097,一辆理想汽车和四百辆理想汽车拼接在了一起，变成了一个巨型理想汽车。
5aa27e6335094157a80108489c8a5ec1.wav,green,全部指标达标,4.224,-22.639733315539456,0.4537656307220459,0.0,0.8104265402843602,30.479369163513184,2.32,13,3.078,0.154,挂一个学校里面挂念很多同学。
5af102910a604e5d9ef1a6739a319c62.wav,red,ASR 字数过少 (1 字),1.664,-17.265664577998713,0.8862538933753967,0.0,0.3132530120481928,44.31302547454834,0.5,1,0.601,1.0,来。
5b0bebbf7a5448758494598a7acc78e0.wav,yellow,VAD=30%,3.584,-25.537141076664852,0.3139844536781311,0.0,0.29608938547486036,34.065372943878174,0.58,6,1.674,0.333,你是不是傻逼？
5b299e18cae84ac59c5c0e86cca8d937.wav,red,ASR 字数过少 (0 字),3.2,-22.569377186679244,0.924733579158783,0.0,0.63125,33.255698680877686,1.98,0,0.0,0.0,
5b398b8dc0a04c8c8ad35ed5aa7324ab.wav,orange,VAD 占比低 (8%),3.584,-44.00131139796545,0.07956258952617645,0.0,0.08379888268156424,18.377063274383545,0.14,5,1.395,0.2,感觉想自杀。
5b3e81a9526d4115b47cc12e92567cc3.wav,yellow,语速=0.65,3.072,-16.988409290523062,0.7890058755874634,0.0,0.8758169934640523,30.142712593078613,0.92,2,0.651,1.0,嗯嗯。
5b48346a6c3c4de595219f569c17624d.wav,yellow,VAD=24%; 语速=1.04,1.92,-27.452209201080528,0.31624019145965576,0.0,0.23958333333333334,34.47124242782593,0.44,2,1.042,0.5,说话。
5b4e871c2e6143679aca011bf592948c.wav,green,全部指标达标,4.352,-25.17826394416933,0.3674679398536682,0.0,0.6912442396313364,23.096096515655518,0.72,14,3.217,0.143,您才是小可爱，你全家都是小可爱。
5b700e23feb441e980598161aa4195ae.wav,green,全部指标达标,3.84,-19.62435915909063,0.9900000095367432,0.0,0.515625,37.14544057846069,1.02,6,1.562,0.167,一个黄金夺宝。
5ba2f2afcc3848a284c8a13e4ba52591.wav,yellow,语速=0.94,3.2,-23.827791870268204,0.5583167672157288,0.0,0.83125,28.14856767654419,2.08,3,0.938,0.667,公公布。
5ba6af1ff0694255b95645ac3cc624e2.wav,green,全部指标达标,1.92,-24.57044857125661,0.321117103099823,0.0,0.5520833333333334,33.38621139526367,1.0,4,2.083,0.25,电话了吗？
5bad196acb144196b552c08f4b11ef8e.wav,green,全部指标达标,2.56,-26.64997839738268,0.29971200227737427,0.0,0.4296875,35.69685220718384,0.6,4,1.562,0.5,倾国倾城。
5bc46415e9714844b36336c7eb18e24f.wav,red,ASR 字数过少 (0 字),1.536,-29.883224623414726,0.3288269639015198,0.0,0.2236842105263158,32.7156925201416,0.32,0,0.0,0.0,
5bc9b751a6b245caa255f9c0378a6bf3.wav,green,全部指标达标,2.432,-21.301922515862174,0.43854814767837524,0.0,0.8016528925619835,30.541317462921143,1.24,9,3.701,0.111,两个人在婚礼上亲嘴。
5bd389d4705b4a649b9a42d6f42ca4e9.wav,yellow,VAD=34%; 语速=1.20,1.664,-19.97496993076668,0.9900000095367432,0.0,0.3373493975903614,39.631361961364746,0.44,2,1.202,1.0,爸爸。
5bdff7e75c324aadabe9c3ae27d53995.wav,yellow,语速=0.90,3.328,-24.249074322281565,0.3359428644180298,0.0,0.7469879518072289,30.944178104400635,1.8800000000000001,3,0.901,0.333,挂了我。
5be8f4ca94f34caf9d2224e32de074ae.wav,yellow,语速=1.24,8.064,-24.406396791186683,0.31250542402267456,0.0,0.47146401985111663,31.29802942276001,0.8200000000000001,10,1.24,0.2,小智同学你是不是熊猫？
5bece8686d1640caa6a537a30ab30d9b.wav,green,全部指标达标,8.32,-11.363047450465384,0.9900000095367432,0.0,0.7596153846153846,43.2515287399292,2.36,21,2.524,0.095,九百辆理想汽车和四百辆未来萤火虫汽车比赛中。
5bf3f0861efd4f0a88bc5f8529fa8937.wav,yellow,语速=0.50,3.968,-24.613124198562097,0.3903590440750122,0.0,0.5909090909090909,25.74941396713257,1.96,2,0.504,0.5,不是。
5c0c974c759840cc9e9b4ddf66064bf5.wav,red,音量过低 (-60.9 dB),4.82,-60.92373076838312,0.012359619140625,0.0,0.0,-inf,0.0,0,0.0,0.0,
5c16e4b260844a2fbd59876f25435446.wav,green,全部指标达标,4.864,-22.79270276614203,0.3737354874610901,0.0,0.7860082304526749,25.80897331237793,1.1,9,1.85,0.111,他把我弄走洞里，后来。
5c2af7eed7f64818a4d11c2d3f9978d8.wav,green,全部指标达标,2.56,-19.44711138127324,0.781253457069397,0.0,0.671875,32.14118242263794,0.84,6,2.344,0.167,被小智侮辱了。
5c36c09c2c1445228a76cdc639ace23c.wav,yellow,语速=0.95,4.224,-22.523021057213555,0.8802688121795654,0.0,0.4976303317535545,28.32085132598877,0.7000000000000001,4,0.947,0.5,三三就是。
5c4d3ca7ffcf4ccb8e55f7209eab5d40.wav,green,全部指标达标,3.456,-23.551219376777798,0.535352349281311,0.0,0.7558139534883721,34.811644554138184,2.6,11,3.183,0.091,觉得做画一个学校有监狱。
5c61a75269204a0b81bbba61790eb3cf.wav,yellow,语速=1.12,4.48,-27.039019558346343,0.29585540294647217,0.0,0.49107142857142855,25.020687580108643,0.52,5,1.116,0.2,第五人格。对。
5c74082a77194787b642f65774328174.wav,green,全部指标达标,3.456,-23.475495476859955,0.9268101453781128,0.0,0.5174418604651163,33.904924392700195,0.74,7,2.025,0.143,高估笔记免删掉。
5c7b3ba0a9cd4f94955c946254f379a8.wav,yellow,语速=1.42,1.408,-23.22529402748596,0.589123010635376,0.0,0.5,32.336909770965576,0.4,2,1.42,0.5,要走。
5c9fc8a13e98405981ec33ac3da175db.wav,green,全部指标达标,2.432,-21.471404729788873,0.9316656589508057,0.0,0.7520661157024794,28.461103439331055,1.3,4,1.645,0.5,二啥二楼。
5ccc9e1feb0c44f4a5c51ab5e2fcf144.wav,yellow,VAD=33%,3.968,-27.370920112377238,0.2810726761817932,0.0,0.3333333333333333,30.266993045806885,0.54,6,1.512,0.333,I am sad.
5d0291e58ef449399385688d6215e78d.wav,yellow,VAD=34%,1.664,-23.8193304556875,0.3559565246105194,0.0,0.3373493975903614,38.027873039245605,0.54,3,1.803,0.333,美人鱼。
5d281f830dce4236b3c989b82de6f04b.wav,red,ASR 字数过少 (0 字),2.432,-30.877190770837103,0.3303338885307312,0.0,0.5619834710743802,25.722904205322266,1.1,0,0.0,0.0,
5d3028f6481849db8dfded017e0d9543.wav,green,全部指标达标,3.328,-22.7107550598532,0.6605242490768433,0.0,0.6445783132530121,26.536037921905518,0.38,11,3.305,0.273,我知道这是二级八级，八级。
5d343ff722a1496bb29eb4fb8250012d.wav,green,全部指标达标,3.2,-27.960891698544224,0.28561997413635254,0.0,0.44375,26.074209213256836,0.36,8,2.5,0.25,小布布怎么称基金？
5d3ad10a3930489c9b0a8f493079a508.wav,yellow,语速=0.98,2.048,-23.722602620465594,0.8710989356040955,0.0,0.4215686274509804,28.86035442352295,0.44,2,0.977,0.5,稳住。
5d48451f77064c8ebff155c1a6a2c038.wav,orange,重复字 100%: 哈哈哈哈哈。,5.216,-25.434124311012603,0.4686279296875,0.0,0.29615384615384616,33.84961128234863,0.36,5,0.959,1.0,哈哈哈哈哈。
5d4c0c39481c4353983d9d770c9fe7be.wav,green,全部指标达标,2.176,-25.447276231532125,0.3491899371147156,0.0,0.5462962962962963,29.54029083251953,0.72,8,3.676,0.125,画一个叫盘古的人。
5d75862aca914fa0958a2780f0fc4578.wav,green,全部指标达标,2.432,-23.669199726725232,0.5927084684371948,0.0,0.4132231404958678,33.3306622505188,0.7000000000000001,4,1.645,0.25,哈利波特。
5d7613fad6644aec9f6a43381cf46990.wav,green,全部指标达标,4.096,-22.454332474774805,0.4605010151863098,0.0,0.7843137254901961,35.89096546173096,3.2,13,3.174,0.154,我问你了，好，可悲了。巴拉巴拉你。
5d7b0136de004133b04081ce0f7c6c83.wav,green,全部指标达标,8.32,-15.75820849922689,0.9900000095367432,0.0,0.7139423076923077,37.185306549072266,1.76,24,2.885,0.167,一个汽车的车门是开着，被另外一个车给撞坏了，他的车门。
5d8367533d0f42239b50efc180d11d9a.wav,green,全部指标达标,3.84,-20.261260547190737,0.7832686305046082,0.0,0.7760416666666666,31.710655689239502,2.7800000000000002,8,2.083,0.25,八、怪腹肌的老奶奶。
5d84d70c43df4b90af24393393d916ce.wav,green,全部指标达标,2.944,-15.330923932658923,0.816387951374054,0.0,0.9047619047619048,38.49541902542114,2.66,5,1.698,0.2,什么不像的。
5d8eb23243a844519575ac1ad49e4034.wav,yellow,语速=1.18,4.224,-26.143866291820995,0.377513587474823,0.0,0.6161137440758294,26.61374568939209,1.1,5,1.184,0.2,天空万星城。
5d922976a9c241eab2cf7dd34ce1b995.wav,green,全部指标达标,7.168,-23.442927446738608,0.43219420313835144,0.0,0.776536312849162,27.614424228668213,3.68,18,2.511,0.222,大爱的同学说，同学间，那一个同学，谢谢同学。
5d9d4762b29f4ee090acb7e512e21434.wav,green,全部指标达标,4.224,-14.347522783683825,0.9899999499320984,0.0,0.6255924170616114,41.69174671173096,1.32,8,1.894,0.125,理想l六压线了。对。
5da4bfd8c4f844bf9aa809e0cf51a9a6.wav,red,解码失败: ,0,-100,0,0,0,nan,0,0,0,0,
5da637aa59f84d3387caa7f6aea8a82b.wav,green,全部指标达标,3.072,-26.164126018190352,0.6141830682754517,0.0,0.5032679738562091,26.123027801513672,0.44,5,1.628,0.4,是唱歌。是的。
5db1fe0dbacb4ff7a889489ae2ab0273.wav,green,全部指标达标,4.096,-24.991838236219333,0.3012985289096832,0.0,0.6519607843137255,30.45530080795288,2.22,15,3.662,0.133,哎，今天试考的太差了，我真的不开心。
5dc451c3b4e84d339ae245ccaee2b5ca.wav,yellow,语速=1.40,3.584,-23.62861059648704,0.34773123264312744,0.0,0.6145251396648045,30.39207935333252,1.62,5,1.395,0.4,芭比小姐姐。
5de9d2c16c914669a1f2717f55b36c4a.wav,green,全部指标达标,3.2,-26.78515282283852,0.3336489796638489,0.0,0.44375,31.22042417526245,0.84,5,1.562,0.2,放天又一眼。
5df03a2242354d31bffab0ee0080c9f9.wav,green,全部指标达标,5.888,-16.062984825973516,0.9900000095367432,0.0,0.6768707482993197,34.63550567626953,1.02,13,2.208,0.154,理理想汽车在树叶堆里，你一下。
5e01e3bf537e491c983470fa9d424436.wav,green,全部指标达标,8.576,-23.71151712747281,0.6002229452133179,0.0,0.8364485981308412,22.4735164642334,2.2,17,1.982,0.118,他是他好朋友，奔驰保时捷九幺幺。那我们。
5e0796a6706d4f25aa627ffdab237202.wav,green,全部指标达标,4.352,-16.23967225155639,0.9043381214141846,0.0,0.6774193548387096,33.272705078125,0.96,14,3.217,0.143,我是一只小鸭子，天天拉屎又尿尿。
5e1a1d0a96214971a4cd64320c123f31.wav,green,全部指标达标,4.48,-22.00626420576321,0.4246881604194641,0.0,0.7276785714285714,30.51532745361328,1.58,9,2.009,0.111,苦力，他和幻影忍结婚。
5e35066c1cfd4f57a59084c775b2bcdc.wav,green,全部指标达标,2.432,-21.975834306511338,0.4770561158657074,0.0,0.7107438016528925,33.12650680541992,1.72,6,2.467,0.167,画一点的猪哟。
5e3e129e31e54290a553127080bab413.wav,yellow,语速=1.12,2.688,-17.097666775897732,0.9900000095367432,0.0,0.6716417910447762,35.56005239486694,1.42,3,1.116,0.333,衣服啦。
5e41cc3e9879465d9172684dca94df3b.wav,green,全部指标达标,2.688,-25.85234010965796,0.4527056813240051,0.0,0.5746268656716418,29.836559295654297,0.86,7,2.604,0.143,对，黄花是个傻子。
5e4bfb96c2a3456798c2e0271a709d35.wav,green,全部指标达标,6.656,-21.85038041121046,0.755885899066925,0.0,0.4819277108433735,35.290935039520264,1.08,12,1.803,0.083,一辆理想汽车的门不见了啊。
5e629fe253db4318b43cf0a6863e45a1.wav,green,全部指标达标,5.504,-27.921597058507615,0.3475974202156067,0.0,0.48727272727272725,22.880609035491943,1.44,17,3.089,0.118,以前的大恐龙，有一个人在打恐龙去那里。
5e6d872c1f664187b7e23fc2aeb649da.wav,green,全部指标达标,3.2,-23.340809626809577,0.3652481734752655,0.0,0.61875,28.423819541931152,1.22,7,2.188,0.143,好，全住死的城市。
5e711d8541c3473f899618c1053f60f4.wav,green,全部指标达标,1.92,-23.957942249613303,0.7006169557571411,0.0,0.5,30.76098918914795,0.4,3,1.562,0.333,他妈看。
5e8a79cf9a324197a309507b822bc69f.wav,orange,VAD 占比低 (5%),8.192,-44.870277095602766,0.0964970514178276,0.0,0.05134474327628362,19.51598048210144,0.14,17,2.075,0.059,核聚变是怎么产生的？我们在家组装一个。
5e982969c1ef48be9095642904e13f6e.wav,yellow,VAD=39%,1.92,-24.39192657176644,0.2998427152633667,0.0,0.3854166666666667,31.610186100006104,0.46,6,3.125,0.167,不懂，我还没有。
5ea0704618d84faea7c70e93ddbba9ad.wav,orange,VAD 占比低 (8%),4.96,-46.92626266779311,0.051239013671875,0.0,0.08064516129032258,13.80620002746582,0.1,12,2.419,0.167,你是什么流氓？你是什么流氓？
5ef17eb5a75b4d01b0bcbcef82bffe87.wav,yellow,语速=1.18,4.224,-21.76361859668297,0.3953433930873871,0.0,0.7061611374407583,29.553663730621338,1.84,5,1.184,0.2,电光头结婚。
5ef35d0aed7043af94897d36371205d9.wav,green,全部指标达标,10.496,-22.1824755445193,0.5011549592018127,0.0,0.7748091603053435,28.19488525390625,1.94,17,1.62,0.118,大家看电脑有没有？真美真美，你告诉人嗯。
5ef408988c2e4894ba3a441eda4b279e.wav,green,全部指标达标,2.688,-23.839014773029305,0.37423545122146606,0.0,0.7910447761194029,53.299150466918945,2.12,12,4.464,0.167,你过来看我同不同意就完了。
5f1b3a96d7254aa1abd0b71d85400fa0.wav,yellow,语速=0.92,2.176,-19.725716614402746,0.8650317192077637,0.0,0.5555555555555556,35.666401386260986,1.1400000000000001,2,0.919,0.5,兔妖。
5f22cca5632e422a9c4fe2741c934d1e.wav,red,ASR 字数过少 (0 字),2.176,-32.079774390867186,0.2746132016181946,0.0,0.3333333333333333,29.493420124053955,0.66,0,0.0,0.0,
5f3645d1373c44caaddd8528ff5146e7.wav,green,全部指标达标,3.328,-25.148735297350452,0.44398176670074463,0.0,0.6626506024096386,25.15739679336548,1.18,12,3.606,0.167,离十一月十三日还有多少天？
5f393a829bda46e7b04ea991689273db.wav,green,全部指标达标,3.968,-24.420574646735595,0.3494797945022583,0.0,0.6666666666666666,28.15924882888794,1.6600000000000001,9,2.268,0.111,活了个钢弹球爆塞雷。
5f3de800709d4807a2fa42fef9d8e3a9.wav,green,全部指标达标,2.816,-19.505159049081943,0.8296990990638733,0.0,0.7428571428571429,31.717510223388672,1.44,6,2.131,0.167,今天吃猫粮哦。
5f416670e53944c6aecb123b90cdd9c8.wav,green,全部指标达标,3.328,-26.67050943350729,0.2929215729236603,0.0,0.463855421686747,29.824042320251465,0.66,11,3.305,0.091,嗯，你知道我们校长是谁吗？
5f661201d50a44359fa729ac9e54a8a6.wav,orange,VAD 占比低 (5%),4.864,-47.90021116192196,0.04625353589653969,0.0,0.04938271604938271,12.678848505020142,0.1,11,2.262,0.182,吃什么可以补补充维生素？
5faf3936d06b49ef8a3942d9f968731b.wav,red,音量过低 (-85.2 dB),2.176,-85.21717409700841,6.736333307344466e-05,0.0,0.0,-inf,0.0,0,0.0,0.0,
5fb07ec4b81841aba481f634cfc1614f.wav,green,全部指标达标,1.92,-23.35138312470169,0.32477670907974243,0.0,0.65625,30.390686988830566,0.66,5,2.604,0.4,幼稚的便便。
5fbd56baf29044c1ad1d6c92204b5922.wav,green,全部指标达标,7.296,-22.815512719157624,0.49751561880111694,0.0,0.6346153846153846,28.175101280212402,0.76,23,3.152,0.087,未来城市和土豆城市每个人吃土豆和大青蛙。第二个，不。
5fcafc0306d94f9484066a1173e161fd.wav,yellow,语速=1.47,8.832,-20.77242341346046,0.5382665395736694,0.0,0.8752834467120182,31.562745571136475,3.98,13,1.472,0.154,李白白飘在便宜的大战大作战。
5fd0a62d8e7144ef80382ee2221c2aac.wav,red,解码失败: ,0,-100,0,0,0,nan,0,0,0,0,
5fd9864b91a24d098db9b8f9b5202077.wav,green,全部指标达标,4.864,-24.578840310705775,0.42342132329940796,0.0,0.6748971193415638,27.466161251068115,2.52,15,3.084,0.133,等一下他是什么精神的文化，不是的。
5fe4282dc3ba44298b844b8cf8d65767.wav,yellow,语速=0.87,3.456,-25.2305099488902,0.3972281217575073,0.0,0.6918604651162791,29.344828128814697,2.34,3,0.868,0.333,神经病。
5ff431e74c7b49f097e287a3ad2c7c0a.wav,green,全部指标达标,1.664,-25.05507544834026,0.28978854417800903,0.0,0.6265060240963856,29.95152711868286,0.9400000000000001,6,3.606,0.167,第二个，我们把。
6004ffd673054dad89c300998ba9810c.wav,green,全部指标达标,2.4,-34.19130069514243,0.198638916015625,0.0,0.4166666666666667,16.734371185302734,0.28,9,3.75,0.222,我们学校的校长是谁？
600a1d397ec84e7398b41d24153d55aa.wav,green,全部指标达标,1.92,-22.6062297426611,0.4743996262550354,0.0,0.5625,33.576154708862305,0.7000000000000001,3,1.562,0.333,马桶人。
602a79809fd04c3c8d1ceccf3dbbb154.wav,yellow,VAD=32%; 语速=1.04,1.92,-27.994557654291256,0.3335106074810028,0.0,0.3229166666666667,30.07258892059326,0.54,2,1.042,0.5,帅哥。
603a7797c2e8407a890b50b173f86962.wav,green,全部指标达标,3.328,-24.394599832442786,0.42021965980529785,0.0,0.7349397590361446,26.409542560577393,1.68,8,2.404,0.125,然后已变成印花山。
6057db4a6b9f4740a9e7f59f3522e8cd.wav,green,全部指标达标,5.248,-22.11877973155306,0.363081693649292,0.0,0.7557251908396947,28.604049682617188,1.6400000000000001,12,2.287,0.167,面包小狗和面包小猫杯起玩。
607f882ffb134286accbdfd85cbabb5c.wav,green,全部指标达标,3.072,-23.482323702656878,0.40203917026519775,0.0,0.6470588235294118,33.29279184341431,1.1400000000000001,5,1.628,0.2,哦，蒙虎赛车。
6085c6ca18d541bdb6ad4c5d0f4a981b.wav,green,全部指标达标,5.504,-22.792306476587587,0.6502480506896973,0.0,0.5418181818181819,32.94494152069092,1.1400000000000001,11,1.999,0.091,世界上有多少辆理想汽车？
608b9f3c65574a02a19efde27cc0329c.wav,red,ASR 字数过少 (0 字),3.072,-24.677274178519774,0.39035293459892273,0.0,0.7189542483660131,31.853210926055908,1.8,0,0.0,0.0,
60963aaafc284f3686ad4fa950bb556d.wav,green,全部指标达标,2.304,-22.655976183652854,0.7812649011611938,0.0,0.6434782608695652,30.282671451568604,0.98,9,3.906,0.222,安嫂的妈爸。安嫂的妈。
60a03165f5ed473c925e6865534a9f67.wav,yellow,语速=0.92,2.176,-27.500343988805543,0.2708992660045624,0.0,0.4074074074074074,27.78019905090332,0.3,2,0.919,0.5,沙地。
60be78fa0f324221b0626d137c7aa656.wav,green,全部指标达标,3.328,-20.00591487768437,0.8980230093002319,0.0,0.6626506024096386,30.056757926940918,1.58,5,1.502,0.2,这很好看在。
60d12a41714541a3b1e8c089dd6c0cdd.wav,green,全部指标达标,4.224,-24.247867442152703,0.3818800449371338,0.0,0.6682464454976303,28.758563995361328,2.54,14,3.314,0.143,给我说一下二零二六年中奖号码。
60e8ab0b267f4b5ea7a7a632972be487.wav,green,全部指标达标,8.96,-17.465765883135806,0.9900000095367432,0.0,0.6026785714285714,35.57331323623657,0.8200000000000001,21,2.344,0.095,一辆巨型理想汽车踩着四百辆，非常小的宾利汽车。
60f71755d2714320beb9b770b4178b8d.wav,red,ASR 字数过少 (1 字),1.664,-34.829456046691625,0.1551128774881363,0.0,0.25301204819277107,24.937894344329834,0.42,1,0.601,1.0,零。
60ff9f28eea84d62a58ddeba9d717264.wav,green,全部指标达标,4.096,-21.993909781457308,0.8123358488082886,0.0,0.6862745098039216,29.014577865600586,1.32,7,1.709,0.143,换一个成侏罗纪。
6167e6c1b67549639e8aae72dd18ef65.wav,green,全部指标达标,3.712,-23.464945420787103,0.46067455410957336,0.0,0.6864864864864865,27.27560520172119,2.08,14,3.772,0.143,画一个美丽的烈日森明的大人物。
61841316e763463d949c0b5b5de01f9c.wav,green,全部指标达标,4.096,-21.973079728585603,0.883719265460968,0.0,0.7058823529411765,35.964953899383545,2.86,8,1.953,0.125,讲着八块故子劳动。
61ac89ff711640c89f8002b3cdcf7a02.wav,yellow,语速=1.20,4.992,-24.057230455924188,0.3748624920845032,0.0,0.7791164658634538,26.27739191055298,2.74,6,1.202,0.167,都不敢一点嗯。
61c6312401434fb093c0a990495accee.wav,green,全部指标达标,1.536,-22.334592361356016,0.643547534942627,0.0,0.5263157894736842,33.464672565460205,0.74,3,1.953,0.333,鼓个掌。
61cfa2273bbb4138ae99f7fe05035fcc.wav,green,全部指标达标,4.864,-22.388074775972488,0.33680111169815063,0.0,0.8888888888888888,29.31447744369507,2.84,15,3.084,0.067,我要一个有魔法小屋和蝴蝶的森林。
61d3dd8bbc6043afac4fa7a56ae19cee.wav,yellow,VAD=23%; 语速=0.87,3.456,-21.143866598156777,0.9899999499320984,0.0,0.23255813953488372,37.2850775718689,0.38,3,0.868,0.333,Ok嗯。
61e18c11a52b428884206d3cf57dd92d.wav,red,ASR 字数过少 (0 字),2.56,-29.1600349025402,0.19759517908096313,0.0,0.53125,30.502328872680664,1.34,0,0.0,0.0,
61eb6a6d33094d9f9fdc241b640b556d.wav,green,全部指标达标,5.888,-23.77458677635969,0.9900000095367432,0.0,0.564625850340136,27.86435604095459,2.52,14,2.378,0.071,外甥女性手竟拿着一瓶水在释放。
61ed495cc40f45c1a4e4150d50964c1d.wav,green,全部指标达标,2.176,-23.991470791616397,0.41997307538986206,0.0,0.6759259259259259,26.87835931777954,0.7000000000000001,4,1.838,0.25,马桶反射。
62192c8f379f4bf4b502933dc01e0df0.wav,yellow,VAD=37%; 语速=1.02,2.944,-15.933190591143136,0.9900000095367432,0.0,0.3741496598639456,43.84449005126953,0.86,3,1.019,0.333,咕噜一。
6232ac902b51464c875e1a5250e11f81.wav,green,全部指标达标,3.2,-23.294075423388826,0.32806456089019775,0.0,0.625,34.95025873184204,2.0,7,2.188,0.143,要不用的这一点。
6249a99487ed40488db93e406f44050f.wav,red,ASR 字数过少 (1 字),1.536,-25.99161125650914,0.4939981997013092,0.0,0.32894736842105265,33.66912364959717,0.48,1,0.651,1.0,六。
6289909744fe4da2a64b51c1c0bf477e.wav,yellow,VAD=31%,2.816,-33.97608746525401,0.12846603989601135,0.0,0.3142857142857143,26.255733966827393,0.38,5,1.776,0.2,一年分积金。
62aba493ee2d4f5fb71d7bfecf1ae99b.wav,orange,VAD 占比低 (6%),3.968,-45.56688477867765,0.09402115643024445,0.0,0.05555555555555555,22.07420587539673,0.22,4,1.008,0.25,等于十二。
62cf652eeab74c5eae4da22bcc62924f.wav,green,全部指标达标,3.712,-27.634044287164514,0.2757904827594757,0.0,0.5135135135135135,29.704689979553223,1.18,10,2.694,0.1,透名的大家一起跟他们。
62d9e5292d184dfc87bcbfd19a9ec4d3.wav,green,全部指标达标,2.688,-23.970999770300278,0.4520430564880371,0.0,0.7388059701492538,25.6044340133667,1.04,6,2.232,0.167,街神taby.
630580d85246457b9c110a077a71752e.wav,yellow,语速=1.30,2.304,-23.389770718330404,0.951892614364624,0.0,0.5130434782608696,32.68608808517456,0.98,3,1.302,0.333,我等于。
630ec6420c6a442780ecd40c5875d99e.wav,yellow,语速=1.46,2.048,-23.38182075144026,0.32493019104003906,0.0,0.5784313725490197,34.663894176483154,1.18,3,1.465,0.333,奶牛猫。
632b572b437c4400bff45c4a40de22ec.wav,red,ASR 字数过少 (1 字),1.408,-37.79235394616044,0.14451009035110474,0.0,0.18571428571428572,23.38433027267456,0.14,1,0.71,1.0,有。
634b7949c73c42a5a8d0aed0c2c6346e.wav,green,全部指标达标,8.832,-21.10900606921912,0.5800312161445618,0.0,0.8072562358276644,29.32028293609619,1.8800000000000001,26,2.944,0.308,哦，汪汪队汪汪队砍断你的手短。汪汪队，汪汪队会砍断你的手臂。
635342b2a67e40ac886d6ed1c0c87e71.wav,green,全部指标达标,2.688,-28.950037731477074,0.2873176336288452,0.0,0.417910447761194,28.264729976654053,1.12,6,2.232,0.333,你是谁？你是谁？
6363b8abdfc145a9b856f56ffa9c5333.wav,red,音量过低 (-55.4 dB),6.016,-55.40203957977806,0.014345566742122173,0.0,0.0,-inf,0.0,0,0.0,0.0,
6364c8543ebd4904a2e3f48298dbd055.wav,green,全部指标达标,3.84,-24.493401798291625,0.39310479164123535,0.0,0.5885416666666666,32.77977705001831,1.0,9,2.344,0.111,帮我写一个地摊网页。
6380ae10091e4d07a6223ab034be33db.wav,orange,重复字 50%: 你好你好，你好。; VAD 占比低 (15%),2.048,-42.879369376801684,0.09170713275671005,0.0,0.14705882352941177,14.375826120376587,0.18,6,2.93,0.5,你好你好，你好。
63a4e86fb8f349ee9967d1c380e3e285.wav,green,全部指标达标,2.176,-23.259133012349338,0.39177030324935913,0.0,0.6851851851851852,39.889116287231445,1.44,7,3.217,0.143,那樱桃是一个角。
63b7122278dc447eb5ff125d810857c8.wav,yellow,VAD=37%,1.664,-28.30271040701632,0.33453232049942017,0.0,0.37349397590361444,26.148548126220703,0.34,5,3.005,0.2,一百三十了。
63bb31f1ba2c4e7982f88df8c40ddf6e.wav,green,全部指标达标,1.792,-24.07970066981807,0.4857899844646454,0.0,0.6179775280898876,32.30515480041504,0.66,3,1.674,0.333,残田狗。
63e5fc62694544ffbd94c136a99d394c.wav,orange,VAD 占比低 (16%),2.944,-33.334317220189796,0.17403139173984528,0.0,0.1564625850340136,31.998708248138428,0.46,3,1.019,0.333,你怎么。
63ff6bd461594e0b9fd4cdca92a7aa8b.wav,red,ASR 字数过少 (0 字),4.736,-14.232119716749702,0.83336341381073,0.0,0.9322033898305084,35.74751615524292,4.4,0,0.0,0.0,
641566c0708d4ae3965ef8a621740c96.wav,green,全部指标达标,4.736,-22.14267534973827,0.7383916974067688,0.0,0.7542372881355932,26.37094259262085,2.06,9,1.9,0.111,假如作用傻瓜更现在。
64165e27bf6a4044abc77efd3b1a5b9c.wav,yellow,VAD=20%; 语速=1.42,1.408,-24.691929851514093,0.8084679841995239,0.0,0.2,36.12549304962158,0.16,2,1.42,0.5,我说。
6417abeb9e02468c87de6a0096d051a5.wav,green,全部指标达标,3.584,-25.638180314133102,0.3642211854457855,0.0,0.4245810055865922,29.7997784614563,0.56,9,2.511,0.222,我不想活了，我想自杀。
64247266a28c4034975c3fb3c8764b9d.wav,yellow,语速=1.30,3.072,-24.970367120981916,0.34065866470336914,0.0,0.6470588235294118,31.221187114715576,1.86,4,1.302,0.25,十、上了班。
642e48795ba945619d3dcecd8a5e854d.wav,yellow,语速=1.06,4.736,-23.80973227630017,0.5728334784507751,0.0,0.8432203389830508,26.312668323516846,3.5,5,1.056,0.2,没事不对了。
643740bfed6c42a2a330fb733f244ff3.wav,green,全部指标达标,2.816,-21.944357823434416,0.9603831768035889,0.0,0.5285714285714286,32.541165351867676,0.7000000000000001,5,1.776,0.2,阿玛特拉斯。
643d2fdb4ef44dadb05ce560b0de7204.wav,green,全部指标达标,3.2,-23.51705491769075,0.3993496596813202,0.0,0.81875,23.238279819488525,1.06,8,2.5,0.25,喂，你好，能听清吗？好。
646f630372514c5593fdc2fa3cc4e8b2.wav,green,全部指标达标,3.84,-21.327557489362153,0.6678808927536011,0.0,0.703125,27.786169052124023,1.36,8,2.083,0.125,世界上最漂亮的车。
64710dd4b6c74fffb0242c0d42951a13.wav,green,全部指标达标,2.944,-24.855933224515695,0.3411828875541687,0.0,0.5714285714285714,29.8423171043396,1.0,9,3.057,0.111,我喜欢有种多好意思。
6471f635b02547a89cfd42af9d0390f2.wav,green,全部指标达标,2.176,-26.86663271493773,0.432400643825531,0.0,0.4537037037037037,29.82499599456787,0.38,5,2.298,0.4,这是他爸爸。
64a6e7be483448c5a480e5736d341641.wav,yellow,语速=1.30,2.304,-20.248710362861495,0.3110045790672302,0.0,0.6695652173913044,36.45371198654175,1.42,3,1.302,0.333,一个b.
64a8769bdc574d96a038d0bae9e1d18f.wav,green,全部指标达标,4.736,-21.88233011393241,0.7971645593643188,0.0,0.8177966101694916,25.446767807006836,0.84,18,3.801,0.222,你做好这个我的妈呀呃，爸爸爸爸昆明青蛙。
64acdb96dbf24f7fa76301e1d696c514.wav,green,全部指标达标,2.432,-23.258055654041772,0.5199515223503113,0.0,0.7355371900826446,32.78520584106445,1.16,4,1.645,0.25,这意思是。
64c3b1efc29545739b542f25651ff9d1.wav,green,全部指标达标,2.944,-13.010995835706943,0.9001838564872742,0.0,0.9047619047619048,37.85130977630615,1.52,7,2.378,0.143,哎，油有人被触碰。
64cc06fc40964fbea26cee82b1ba6a3d.wav,green,全部指标达标,2.176,-25.376118370539036,0.3442169725894928,0.0,0.5555555555555556,31.224913597106934,0.92,5,2.298,0.4,洗板平板车。
64ee211552f74e4bb8044df9ccd6bccc.wav,green,全部指标达标,3.712,-23.720914957416777,0.3977605104446411,0.0,0.6702702702702703,28.973701000213623,1.1,11,2.963,0.091,彪马野狼什么时候升级的？
6514fe740a214a7f81e8f5b74d843d24.wav,red,音量过低 (-56.2 dB),9.216,-56.24363577443751,0.02558865025639534,0.0,0.0,-inf,0.0,0,0.0,0.0,
652829e6abc64380a39cd707f184287f.wav,green,全部指标达标,3.712,-16.07538764717296,0.9900000095367432,0.0,0.4918918918918919,40.2724552154541,1.2,6,1.616,0.167,理想汽车比赛。
653e16d0abdd441e8833d23c05340ed2.wav,green,全部指标达标,3.84,-23.10695496922268,0.39078018069267273,0.0,0.8072916666666666,26.472580432891846,1.02,13,3.385,0.077,跟我没得关系，画一个徐思涵的。
65459bf5aaae4a709d110ed0feadc4f2.wav,green,全部指标达标,4.48,-21.62423902207275,0.3976942300796509,0.0,0.8214285714285714,25.593855381011963,1.3800000000000001,10,2.232,0.2,一个被尿尿压扁的城市。
65498c6935af431cb258769bfe741077.wav,yellow,语速=0.71,5.632,-24.596863689764913,0.3980591893196106,0.0,0.7900355871886121,33.67245674133301,4.42,4,0.71,0.25,小兔等于。
6549f3fda3c442df823b9762a830a5b6.wav,yellow,VAD=28%; 语速=1.07,2.816,-28.520424448023842,0.4094637334346771,0.0,0.2785714285714286,37.907750606536865,0.78,3,1.065,0.333,加了他。
65734ea44ba44a24a529ef7fd11e9bec.wav,yellow,语速=0.87,2.304,-22.939311344660496,0.8568974137306213,0.0,0.6782608695652174,31.324198246002197,1.08,2,0.868,0.5,小智。
659b4f85bfb44911adcc2d6fd7b937f5.wav,yellow,语速=1.09,5.504,-24.771775956213386,0.4623614549636841,0.0,0.7490909090909091,30.169830322265625,2.08,6,1.09,0.167,啊，今天的十九。
659bca44bf104baebbb0aa7581f0b17a.wav,green,全部指标达标,2.56,-28.694169012783686,0.33399155735969543,0.0,0.4921875,26.124937534332275,0.68,7,2.734,0.143,然后约满是谁呀？
65b5ff9ac12e469ab675e9dbf0a9d1a1.wav,green,全部指标达标,3.84,-24.72310227883384,0.5150743126869202,0.0,0.4583333333333333,29.322240352630615,0.56,8,2.083,0.125,换一个超级大帅哥。
65c382142aec432f9d5a2ba38dbb7bcc.wav,green,全部指标达标,3.072,-35.44059110069197,0.14358602464199066,0.0,0.43790849673202614,18.83509635925293,0.54,7,2.279,0.143,远洋大堤是什么？
65cc98cb37934726a23c1338897e9781.wav,yellow,语速=1.20,1.664,-25.953470256287364,0.33585232496261597,0.0,0.46987951807228917,33.29542875289917,0.6,2,1.202,0.5,门言。
65e0868fed054ce39b177f0290a5505b.wav,green,全部指标达标,3.84,-23.438102702755153,0.37755656242370605,0.0,0.5208333333333334,34.604458808898926,1.06,9,2.344,0.111,马来西亚航空三七零。
65f1ca2c9f99408aaa5ad3cd198ed7eb.wav,green,全部指标达标,2.944,-33.1621101692317,0.20610195398330688,0.0,0.4013605442176871,22.36104726791382,0.6,8,2.717,0.125,设备开始的了，直接。
6602d28c76bd4adeb019c2f1d1c76e4c.wav,green,全部指标达标,2.432,-14.661307939705097,0.7796956300735474,0.0,0.8677685950413223,37.58278846740723,1.4000000000000001,6,2.467,0.167,哦，我变成贼了。
661b4177b22a4934bed41c204ae444cc.wav,green,全部指标达标,2.432,-23.91790755950113,0.44294285774230957,0.0,0.5537190082644629,30.87944984436035,0.5,4,1.645,0.5,足不足字。
661bc85b409f4bdc950a6f8cc2a3dd3f.wav,red,ASR 字数过少 (0 字),2.56,-25.859535889737522,0.5163953900337219,0.0,0.6015625,26.912672519683838,1.2,0,0.0,0.0,
661c56ff6089419e8d56cad5aa7873c1.wav,green,全部指标达标,2.176,-24.79013269541495,0.3236355185508728,0.0,0.7129629629629629,26.216773986816406,0.8200000000000001,9,4.136,0.111,当时帮年企业打开了。
6624ebff14924fe694cfa96f9bd03a47.wav,green,全部指标达标,4.992,-24.511948634800305,0.43250083923339844,0.0,0.6987951807228916,27.0798659324646,1.4000000000000001,13,2.604,0.077,把他变成红白头发相间的少年。
6642432ee4fd4293aefe6d8ccc0fb519.wav,orange,VAD 占比低 (2%),6.272,-49.45433253070557,0.036312513053417206,0.0,0.01597444089456869,12.980552911758423,0.1,9,1.435,0.111,画个星空在下雨的城。
6672be1b64a84181b2e9d50cf77595ad.wav,green,全部指标达标,2.048,-28.324423241109873,0.3739064931869507,0.0,0.4117647058823529,29.8339581489563,0.8,4,1.953,0.25,正反派对。
6673074e51614773bc11c185d969c8b5.wav,green,全部指标达标,2.432,-30.627203371938904,0.16369301080703735,0.0,0.5371900826446281,20.677309036254883,0.38,6,2.467,0.167,文大融标后期。
667b0e5b17864fb886e604afd3297bc1.wav,green,全部指标达标,5.376,-24.870475358077222,0.5575772523880005,0.0,0.7201492537313433,25.183866024017334,0.9,16,2.976,0.125,那之前我想发个信，他给他吃点安眠药。
667dc9cc6adb4550b01bf9bf87f99059.wav,yellow,语速=0.71,2.816,-24.146420092788837,0.4859822988510132,0.0,0.6785714285714286,32.21365213394165,1.9000000000000001,2,0.71,0.5,那我。
669c6c40c3ff409f822f1695ce859943.wav,green,全部指标达标,2.176,-25.461304844211288,0.27711671590805054,0.0,0.6203703703703703,25.578818321228027,1.16,5,2.298,0.2,要知道，零五。
66a46c70a1fb447c9164f41f6daeae6e.wav,orange,VAD 占比低 (19%),6.912,-38.32906983116644,0.16187287867069244,0.0,0.18840579710144928,20.211915969848633,0.5,24,3.472,0.083,就是你从那边梅花蜡，然后这个是现场氯化钠氯化钠这个。
66ad1ff3e36842c4871b517a43d5da03.wav,yellow,语速=0.98,3.072,-24.131701408395077,0.6185057163238525,0.0,0.42483660130718953,28.602535724639893,0.46,3,0.977,0.333,除名纳。
66eeb55649374f7b9934d2869a26b24d.wav,green,全部指标达标,1.664,-24.645423613403818,0.4276242256164551,0.0,0.5421686746987951,28.96174669265747,0.86,3,1.803,0.333,口香糖。
670276d59a884aafbcb0e012a82b1873.wav,green,全部指标达标,9.6,-23.599265735357086,0.4017842710018158,0.0,0.6458333333333334,26.54979944229126,1.26,15,1.562,0.067,嗯，那只胖猫，而且还坐在一盒面包上。
67095a9b1ffd4fc0814b0449aad2bc1a.wav,green,全部指标达标,2.176,-23.745856989565283,0.7740648984909058,0.0,0.5,30.008292198181152,0.28,4,1.838,0.25,马桶赛车。
6733dfe33cd54756b89528775ba8d70d.wav,green,全部指标达标,2.688,-22.78159922454547,0.4368976652622223,0.0,0.6716417910447762,26.612098217010498,0.66,6,2.232,0.333,我咋还不不听。
675cf0fe392a4342b9fd88d9b40c79b9.wav,green,全部指标达标,3.072,-27.00914038359173,0.29087135195732117,0.0,0.4444444444444444,26.587483882904053,0.54,6,1.953,0.167,你看这个里面。
678ea234fb7641e585e47d45812674d0.wav,yellow,语速=1.04,1.92,-26.15486004851943,0.5094553232192993,0.0,0.4375,24.72759246826172,0.56,2,1.042,1.0,零零。
67bd7d86c18d4a19815c5dabcd699832.wav,green,全部指标达标,2.432,-21.98141193484374,0.4831541180610657,0.0,0.6776859504132231,27.1744441986084,0.64,6,2.467,0.167,那里有很发呀。
67bdc084e21f4d35be3a9dde762f9ee6.wav,yellow,VAD=26%; 语速=1.46,4.096,-27.811474646905264,0.42790350317955017,0.0,0.25980392156862747,34.352593421936035,0.5,6,1.465,0.167,画一个并表。对。
67cb23e930d34f5ea4fb9871baa81bb6.wav,green,全部指标达标,3.968,-21.495777236708086,0.8070273399353027,0.0,0.702020202020202,31.588099002838135,2.64,10,2.52,0.1,便宜除菲和一个小屁孩。
67cdfbda90b64420a0efb06493137511.wav,red,ASR 字数过少 (0 字),2.176,-22.41811147292671,0.9900000095367432,0.0,0.4351851851851852,36.71982765197754,0.88,0,0.0,0.0,
67d9fa2951c941caae3494dd853cd2b0.wav,yellow,VAD=35%,3.2,-31.845644332216775,0.2354063242673874,0.0,0.35,30.781397819519043,0.6,8,2.5,0.125,不是你二个大坏蛋。
681819b5df874c17ab986dcf171641bd.wav,green,全部指标达标,3.072,-25.03602654413062,0.3093472123146057,0.0,0.6143790849673203,32.690327167510986,1.02,7,2.279,0.143,这些话我不会说。
68208231dcf64772b5aa632b42ebcef6.wav,green,全部指标达标,3.328,-26.299556925814876,0.6727365255355835,0.0,0.463855421686747,27.572803497314453,0.54,7,2.103,0.143,啊，你死了陈小时。
6826315b27cc4cf8bc448880401c752d.wav,orange,VAD 占比低 (3%),7.04,-48.04987319296668,0.07218320667743683,0.0,0.028409090909090908,21.289899349212646,0.12,10,1.42,0.1,学校的菜谱今天吃什么？
682de587a64f426f963365df36805557.wav,green,全部指标达标,7.68,-17.699167944995057,0.9601603746414185,0.0,0.6510416666666666,34.77059364318848,1.26,26,3.385,0.077,马小西老师会是什么时候去偷吃拉面呢？一天我得会去几次呢。
684bd6bf9276425ba256fca37060fa05.wav,green,全部指标达标,2.432,-24.85360468981423,0.4109269082546234,0.0,0.5454545454545454,37.300403118133545,1.3,4,1.645,0.25,最近新闻。
688c3f94ce1a4b7b829202e678e58d00.wav,green,全部指标达标,2.304,-25.300657012698938,0.2800138294696808,0.0,0.5826086956521739,27.134432792663574,0.42,4,1.736,0.25,鸡肉盖汁。
689942888f90473ebfd27e7899b93075.wav,green,全部指标达标,2.304,-25.46235162306128,0.2916922867298126,0.0,0.5565217391304348,28.96291971206665,0.74,10,4.34,0.2,哎，他们应该都都怎么了。
68a50e765cd8409aabae1f8ec16d16b6.wav,green,全部指标达标,2.304,-25.61930799428457,0.34689822793006897,0.0,0.46956521739130436,28.6177659034729,0.58,4,1.736,0.25,小狗吃人。
68cbe06e2fdf4f49a87462960cdb1043.wav,yellow,VAD=39%,5.248,-29.16589926701942,0.22838972508907318,0.0,0.3893129770992366,29.562151432037354,0.56,8,1.524,0.25,精灵宝可梦李超梦。
68ebae1b84ea49ff9833f8dd3f5ceaf6.wav,green,全部指标达标,2.432,-15.397370426060268,0.9900000095367432,0.0,0.5371900826446281,42.1122932434082,1.3,6,2.467,0.167,哈夫克机枪兵。
68f313850e2c4aa4938cb682198abf46.wav,yellow,语速=1.07,2.816,-13.645178376117004,0.8181928396224976,0.0,0.8357142857142857,33.994691371917725,2.04,3,1.065,0.333,我就是。
68faf930a0bc47fca6cf37a90fda1e47.wav,green,全部指标达标,4.608,-21.79533610868084,0.9900000095367432,0.0,0.6826086956521739,29.95314121246338,2.02,8,1.736,0.125,爱的要结束啊，厉怪。
6912e8d604e04f31a46aa5165ea0da2e.wav,green,全部指标达标,2.304,-15.933684942969531,0.9899999499320984,0.0,0.5217391304347826,38.57176065444946,0.56,5,2.17,0.2,你妈是傻逼？
693414e0653e47e696bfa83696d29753.wav,green,全部指标达标,6.656,-25.841134139010123,0.35656070709228516,0.0,0.5030120481927711,28.34291934967041,1.1400000000000001,15,2.254,0.133,有一个龙，它有很多龙容易给人打嗯。
693a5278ee2f472dbee96d95a761d92c.wav,orange,语速低 (0.33 字/秒),6.144,-28.423796107257502,0.35407090187072754,0.0,0.5667752442996743,23.7200665473938,1.8800000000000001,2,0.326,0.5,老六。
693b3560154d47f3b2e5327983100496.wav,green,全部指标达标,5.504,-18.562478255885104,0.9900000095367432,0.0,0.7272727272727273,29.401683807373047,2.2600000000000002,9,1.635,0.111,你有背书的人用力打。
696efa888de74b398997d2179bfe3e45.wav,green,全部指标达标,1.92,-24.007065697714967,0.3653174042701721,0.0,0.5625,36.15636587142944,0.9,3,1.562,0.333,美人鱼。
696fed0c3a1b4c3a8d3cf3d91b3cbe6c.wav,green,全部指标达标,2.56,-24.186059495070293,0.33855733275413513,0.0,0.5625,34.567580223083496,1.3,5,1.953,0.4,嗯，鱼啦，拉鱼。
69873243a1e441a1add645c772d8171a.wav,green,全部指标达标,2.56,-33.74628645488355,0.12331438064575195,0.0,0.5546875,19.34809923171997,0.74,9,3.516,0.222,呃，小度你好，我是小乐。
69a1fec8a3b1499c8ac26515889d57be.wav,green,全部指标达标,3.84,-13.889533483349192,0.8391205072402954,0.0,0.9166666666666666,39.7077202796936,2.86,7,1.823,0.143,挂什么变成老师？
69b068ee415048ddad7892d7c95fc6d9.wav,green,全部指标达标,2.56,-24.755810678287613,0.32657861709594727,0.0,0.4296875,33.557612895965576,0.42,6,2.344,0.167,今天声音小点。
69c57cc356604f798b487a2033e7f92f.wav,green,全部指标达标,7.296,-25.11207715677173,0.35701248049736023,0.0,0.695054945054945,25.428690910339355,1.06,22,3.015,0.091,提醒脑子，因为我把吕杜后面的头骂了住，我想拍一刀。
69d431c8caeb44d69d204224aae6fb0d.wav,red,ASR 字数过少 (0 字),2.816,-21.141580568778487,0.8505734205245972,0.0,0.5571428571428572,30.98444938659668,0.84,0,0.0,0.0,
6a0ac57942414f978d5b9a6717b0ce4f.wav,yellow,语速=1.30,3.84,-14.032449244656588,0.9900000095367432,0.0,0.515625,40.99870204925537,1.18,5,1.302,0.2,黄瓜跑车啊。
6a12ccbde4b44a6ba0dcbd1da5ac6500.wav,orange,语速低 (0.24 字/秒),12.672,-26.348140821066885,0.9094662666320801,0.0,0.69826224328594,19.773597717285156,3.38,3,0.237,0.333,不用是。
6a1c050be7634e7998126984d72b69b2.wav,green,全部指标达标,3.712,-24.52204997367567,0.6142399311065674,0.0,0.6702702702702703,33.00042152404785,1.78,7,1.886,0.143,嗯，变态大自行车。
6a27a8225ae34192b3756c91a82a7e44.wav,orange,VAD 占比低 (17%),1.536,-29.465723748022832,0.2800842523574829,0.0,0.17105263157894737,32.918739318847656,0.26,2,1.302,0.5,啥啊？
6a2c53110015458bbf50c2eaaf45e237.wav,green,全部指标达标,3.2,-22.87948510575363,0.5418802499771118,0.0,0.6125,28.80591630935669,0.74,8,2.5,0.125,一个红色皮肤的人。
6a4657005e5642a7b1e5346179a249ca.wav,green,全部指标达标,2.176,-24.30665226277101,0.5687870383262634,0.0,0.6759259259259259,24.873831272125244,0.62,4,1.838,0.25,变态小智。
6a772c89fdd24e0286f46cac5859f01d.wav,yellow,VAD=38%,3.456,-26.99887606627716,0.2581702172756195,0.0,0.37790697674418605,38.14814329147339,1.3,6,1.736,0.167,因为根据你的。
6a7875cb79de48879bb8a1d4bd08cc3a.wav,yellow,语速=1.42,2.816,-18.87894593914939,0.7930198907852173,0.0,0.5071428571428571,35.17746448516846,0.96,4,1.42,0.25,日本鬼子。
6aa34f8fa6804842b02a96ded9e879f4.wav,green,全部指标达标,1.92,-24.48662262821586,0.35172176361083984,0.0,0.6041666666666666,28.82927656173706,0.62,4,2.083,0.25,你谈恋爱。
6aa4f56b8a614ff1a213dbbafc35b626.wav,green,全部指标达标,2.432,-23.586878090016658,0.4628732204437256,0.0,0.6115702479338843,29.466519355773926,0.64,7,2.878,0.286,小妹妹正在拉屎。
6ad44d13e4ec49acb1c36e37ef91dc5a.wav,green,全部指标达标,4.992,-28.538704977524883,0.28329282999038696,0.0,0.5421686746987951,25.77644109725952,0.84,12,2.404,0.167,爱你个可爱，躲猫猫上更人人。
6aed81b4965646c6a230ea095a9b7bf0.wav,yellow,VAD=35%; 语速=0.98,2.048,-23.657497823047535,0.516575038433075,0.0,0.35294117647058826,31.364147663116455,0.32,2,0.977,0.5,蚊章。
6af8076d787f40f2b508513c565e882c.wav,green,全部指标达标,1.664,-25.59328639890914,0.29200243949890137,0.0,0.5060240963855421,30.693395137786865,0.62,4,2.404,0.25,日本鬼子。
6af89266279b4ae594f2f1543cf3a989.wav,yellow,VAD=37%,4.224,-25.80562895079501,0.29856425523757935,0.0,0.3744075829383886,33.49897861480713,1.3800000000000001,11,2.604,0.091,好，嗯，我今天肚子有点痛啊。
6afe68e96dce4b0fb5b382acda44bc0d.wav,green,全部指标达标,3.2,-22.760598611574853,0.439665287733078,0.0,0.78125,29.076895713806152,2.0,11,3.438,0.182,我现在要给你放，我先走了。
6b15ed1614bd436e8a95de6ce9cf18fe.wav,yellow,语速=1.12,3.584,-18.559478812458995,0.880828857421875,0.0,0.6424581005586593,37.52322196960449,2.2600000000000002,4,1.116,0.25,菠萝蜜亚。
6b32932a8104484abf55884613c54a40.wav,green,全部指标达标,3.072,-21.61215014702202,0.490818053483963,0.0,0.8431372549019608,27.12113618850708,2.2600000000000002,7,2.279,0.143,我不得知道吗？你。
6b38772a7d9b4d9c8ad11e317509d29e.wav,green,全部指标达标,3.712,-24.559695157823068,0.4902687668800354,0.0,0.6702702702702703,30.611677169799805,2.04,9,2.425,0.111,一个雪过的变形金刚。
6b4cc96ba4eb4e7f8d04fe38673d3ba1.wav,green,全部指标达标,2.432,-21.570984933630942,0.9900000095367432,0.0,0.5289256198347108,35.84392786026001,0.78,6,2.467,0.333,啊，小弟弟j包。
6b4d3a13c547489693ba2a94e2f7fa3b.wav,green,全部指标达标,9.6,-24.472105969376585,0.45495325326919556,0.0,0.5958333333333333,27.28330373764038,1.22,32,3.333,0.156,我想自杀，我特别想自杀，我今天就想自杀，你下的就我说我想自杀，你听得懂吗？
6b5d35a895e049a6a4e4a0dabd93aaa4.wav,red,ASR 字数过少 (0 字),1.664,-37.51737099222085,0.16074234247207642,0.0,0.060240963855421686,35.6096625328064,0.1,0,0.0,0.0,
6ba68bef9ad14083a2f3fb878751f770.wav,red,音量过低 (-54.9 dB),7.04,-54.947216194000966,0.02604341134428978,0.0,0.0,-inf,0.0,0,0.0,0.0,
6bb217fb7ed04279970a3d54ed7356f7.wav,green,全部指标达标,2.048,-26.323460408146566,0.2934887707233429,0.0,0.43137254901960786,29.329397678375244,0.74,6,2.93,0.333,大家刚刚很嗯。
6bb2af4d302947c4a09d1c59be804832.wav,green,全部指标达标,2.944,-22.43749205190501,0.385498583316803,0.0,0.7142857142857143,37.73613452911377,2.06,6,2.038,0.167,你是一个熊猫。
6bc9ba4c019e4f10903601877f7ee6ea.wav,yellow,VAD=37%,4.352,-27.60830332850283,0.2949865460395813,0.0,0.3686635944700461,31.773035526275635,0.9400000000000001,9,2.068,0.111,我的世界精灵宝可梦。
6bed29e3da404f0182c63cc0e3c75726.wav,yellow,语速=1.41,14.848,-22.522045944059776,0.8702495098114014,0.0,0.7520215633423181,24.476933479309082,2.18,21,1.414,0.095,馒头什么拿手分，小孙想着八在复肌的劳动的放弃。
6c07ee9bb43e4f3886501864fd758a98.wav,red,ASR 字数过少 (1 字),2.304,-26.897719245327593,0.31563836336135864,0.0,0.4782608695652174,28.012981414794922,0.96,1,0.434,1.0,你。
6c1fe05e4e734280a4e7d55d2aac5dcb.wav,green,全部指标达标,9.472,-25.29622693767489,0.3840249180793762,0.0,0.5369978858350951,27.103137969970703,0.84,29,3.062,0.103,你好烦啊，再也不要理你了。但是呢我还是要画一个可爱美丽大方的是。
6c32b7a9ff4644e69062b67c6e467e42.wav,green,全部指标达标,1.664,-23.67124967549271,0.33424997329711914,0.0,0.5180722891566265,33.97409200668335,0.48,3,1.803,1.0,你你你。
6c44f99d73ea4e8d8ada323d3e81eca7.wav,green,全部指标达标,7.936,-22.072186177095325,0.7417182922363281,0.0,0.8257575757575758,28.09136152267456,5.64,18,2.268,0.111,嗯，努力以为还有一个美女在一起，轻轻玩耍。
6c4ba50f7db54d999aa7b8ac49ea5b67.wav,yellow,VAD=40%; 语速=1.20,1.664,-24.14791811177774,0.5817892551422119,0.0,0.39759036144578314,33.2956862449646,0.66,2,1.202,0.5,是人。
6c6bc3380f6f4fb7a135cc9b186b8249.wav,yellow,VAD=25%; 语速=1.15,4.352,-30.185176356428308,0.2535916864871979,0.0,0.2488479262672811,35.93734264373779,0.86,5,1.149,0.2,应该是最低。
6c86da4dd117424aac9058ec6adbf97b.wav,yellow,语速=1.12,2.688,-21.643797703591225,0.7960547804832458,0.0,0.48507462686567165,32.93184757232666,0.6,3,1.116,0.333,机屁鬼。
6c8a6bf2c2b443b29fcd714f1372a15f.wav,green,全部指标达标,2.816,-24.54675596128796,0.33612191677093506,0.0,0.8071428571428572,24.9853777885437,1.34,5,1.776,0.2,说不完高达。
6c94ef676f904b929e710181ee3ddf02.wav,green,全部指标达标,3.712,-25.147256844164104,0.3023222088813782,0.0,0.7297297297297297,38.93364667892456,2.7,14,3.772,0.214,小智小智大傻瓜大傻瓜呀，大傻瓜。
6c9ade321f6b420a99d48dfcbd1a51f7.wav,green,全部指标达标,4.352,-23.791903418212527,0.3709794878959656,0.0,0.8018433179723502,28.068981170654297,2.08,8,1.838,0.125,你真高兴了。王庆根。
6cada3f57c724fdbb63de59efb33525d.wav,yellow,VAD=31%; 语速=1.20,1.664,-26.658856243953938,0.3288758099079132,0.0,0.3132530120481928,30.2331805229187,0.44,2,1.202,0.5,嗯，门。
6cb7c738cb6b4c2aaef8bb730904abe0.wav,green,全部指标达标,1.92,-24.14054890997199,0.3219727873802185,0.0,0.5416666666666666,39.80069637298584,1.04,3,1.562,0.333,臭小子。
6cc6cd0359fb497b9b4a0f3679dd98f2.wav,yellow,语速=1.02,2.944,-32.32071751818096,0.15186557173728943,0.0,0.43537414965986393,24.8124098777771,0.9,3,1.019,0.333,你是谁？
6cd4cbd1e936458b8df0326b21f6be5f.wav,green,全部指标达标,3.072,-23.832179089679578,0.37301933765411377,0.0,0.6797385620915033,27.843313217163086,1.16,6,1.953,0.167,夸一个大神林。
6cdfb224fcaa4631b5b7304652ecbdc1.wav,green,全部指标达标,4.096,-24.32803947028241,0.5326157212257385,0.0,0.7352941176470589,32.14614391326904,2.56,8,1.953,0.125,换一把WM狙击枪。
6cf1e99f833d43cd8e956eaa845e97f3.wav,green,全部指标达标,3.072,-22.890822892007638,0.9899999499320984,0.0,0.5163398692810458,31.617703437805176,0.6,5,1.628,0.2,少威玛传奇。
6d0b774514d449b89ed091117c9120a1.wav,yellow,语速=1.42,2.816,-19.817002143324775,0.9900000095367432,0.0,0.42142857142857143,37.49415397644043,0.4,4,1.42,0.25,张意识到。
6d2cd97aecba44c382f0ebdfdeeee713.wav,green,全部指标达标,1.664,-24.542644968217793,0.5972983837127686,0.0,0.43373493975903615,29.80811834335327,0.24,4,2.404,0.25,劳布莱斯。
6d2f8bbd2b79452aa621972dcf1ccba8.wav,green,全部指标达标,3.712,-24.676101661391257,0.501192569732666,0.0,0.8054054054054054,28.247878551483154,2.6,7,1.886,0.143,来第三个放回去。
6d34449c1f8044e781176d38a3764725.wav,green,全部指标达标,3.2,-25.274364564838848,0.5573350191116333,0.0,0.50625,26.97263479232788,0.9400000000000001,5,1.562,0.4,小狗南瓜狗。
6d681478064d4900b10ad360a697f02e.wav,yellow,语速=1.42,2.816,-22.35340117830833,0.33825990557670593,0.0,0.6857142857142857,29.50007677078247,1.06,4,1.42,0.25,马桶地拖。
6d6e5f99a6734760842e132198f0486d.wav,green,全部指标达标,3.2,-24.07208037651666,0.36730390787124634,0.0,0.58125,33.28854560852051,0.76,6,1.875,0.167,老弟的肛塞呀。
6d9e36df2f3647f58b9f55bd96a2ca5a.wav,green,全部指标达标,3.072,-22.068940990821368,0.3532293438911438,0.0,0.6928104575163399,33.8116192817688,2.04,6,1.953,0.167,魔陵王和邪妖。
6db66eda32e244f48fdc9ca153f47637.wav,red,解码失败: ,0,-100,0,0,0,nan,0,0,0,0,
6dd9d758884944c7977459d4e1a82d19.wav,green,全部指标达标,4.48,-24.49193037627577,0.40998852252960205,0.0,0.47767857142857145,33.16956281661987,1.12,11,2.455,0.091,马卡西老师想要睡懒觉吗？
6dfdb29ab812402ca6dc97f9cb71fcd7.wav,green,全部指标达标,5.504,-15.212056804044485,0.9900000095367432,0.0,0.5854545454545454,39.4031548500061,1.24,11,1.999,0.091,四百辆理想汽车正在比赛。
6e0742d1d6764bb1bf265f12faf89314.wav,green,全部指标达标,3.584,-23.26902100019165,0.4089014530181885,0.0,0.6703910614525139,26.29596471786499,0.92,12,3.348,0.083,画一个穿红色高跟鞋的男人。
6e0d94ab3bf9483fb8fc39971e17a727.wav,green,全部指标达标,1.92,-21.34949243128416,0.5888600945472717,0.0,0.4166666666666667,35.24336576461792,0.68,3,1.562,0.333,哎，威龙。
6e3c26aeaaf04b0abba948ed450ebf55.wav,green,全部指标达标,4.736,-24.502345871194354,0.3540849983692169,0.0,0.7796610169491526,25.301434993743896,1.32,16,3.378,0.062,有王者荣耀九周年最适合买哪个皮肤？
6e3d6fd5e56a4675af704c9fbd71d03a.wav,red,ASR 字数过少 (0 字),3.712,-22.524621968356424,0.30724889039993286,0.0,0.8324324324324325,25.825669765472412,2.46,0,0.0,0.0,
6e45025147054a24a86f06ebb9ced4bd.wav,yellow,语速=1.30,2.304,-22.054457166568675,0.8705182671546936,0.0,0.6782608695652174,28.16760778427124,0.48,3,1.302,0.333,臭小子。
6e57325c29184996b256e4834a9f6f43.wav,yellow,VAD=21%,4.864,-39.01207974314735,0.136480912566185,0.0,0.20987654320987653,17.895182371139526,0.54,9,1.85,0.111,写一首解放台湾的诗。
6e5b5e0fdaee44c0a2cac04f3462637e.wav,green,全部指标达标,2.176,-23.182504875919435,0.8690581321716309,0.0,0.5277777777777778,28.16856861114502,0.3,5,2.298,0.2,画一个猪蹄。
6e729922090e4fcf92b9cc220a4c848e.wav,green,全部指标达标,1.92,-24.348741136651494,0.6698465347290039,0.0,0.5625,28.56586456298828,0.48,5,2.604,0.2,吴文杰是谁？
6e76b7b3ddba472caf3df1376c0dcad4.wav,yellow,语速=1.38,2.176,-26.046232950614375,0.3679070472717285,0.0,0.5462962962962963,29.75353479385376,0.98,3,1.379,0.333,非常块。
6e76e92f30974007b890d2a9e56a2371.wav,green,全部指标达标,5.632,-25.086220705026903,0.3341444730758667,0.0,0.6120996441281139,26.864149570465088,0.84,11,1.953,0.091,画一只蛛，上面写着唐景鱼。
6e8d8583b4ba4e07b8bcb6176c18bca8.wav,yellow,VAD=31%,3.072,-29.295851786817778,0.26946210861206055,0.0,0.3137254901960784,38.285865783691406,0.96,5,1.628,0.2,哦，这是谁呀？
6e9f0cccd67c4265b56b245908ae33b5.wav,yellow,语速=1.20,1.664,-23.844708235692206,0.6804983019828796,0.0,0.5301204819277109,32.487144470214844,0.8,2,1.202,0.5,煎熬。
6ebb014d73894116b9d6f11ccbafc56e.wav,green,全部指标达标,2.944,-24.12859775026986,0.36724135279655457,0.0,0.6122448979591837,33.746771812438965,1.8,7,2.378,0.286,战变态变模拟了。
6ec082bf70c64c519e0a25fe8015a852.wav,green,全部指标达标,1.664,-21.355968591705896,0.4562397599220276,0.0,0.6626506024096386,32.93590784072876,1.1,3,1.803,0.333,擎天柱。
6ec9bd91264d43559850b161da96fa91.wav,yellow,语速=0.84,11.904,-23.450603320513114,0.6690928936004639,0.0,0.7294117647058823,26.26776695251465,3.18,10,0.84,0.1,没光是侠这个头发好美。
6ef435eac1f04cf48fb97e3cc2ad9d9d.wav,yellow,语速=1.48,4.736,-14.334739824540694,0.9168800115585327,0.0,0.7669491525423728,35.56492567062378,1.12,7,1.478,0.143,好吃不我等你走。
6f1fb7bf8de046eabc798e8e5be7b99b.wav,yellow,语速=0.87,2.304,-23.843979852487042,0.31635427474975586,0.0,0.6347826086956522,33.87015342712402,1.18,2,0.868,0.5,你要。
6f254418df53475493e0a2273a905112.wav,yellow,VAD=29%,3.808,-36.8061489235504,0.20867919921875,0.0,0.29473684210526313,16.09046220779419,0.34,13,3.414,0.231,今天是星期几今天天气怎么样？
6f33f06b1ff44260951653bfd58ea821.wav,green,全部指标达标,4.48,-23.30565162399749,0.6144059300422668,0.0,0.625,29.73106861114502,1.8,12,2.679,0.167,换一个美丽的美人鱼，为什么？
6f3bae23b81a4657baacb18b63271fc5.wav,green,全部指标达标,2.432,-25.359091999442036,0.3522413671016693,0.0,0.7107438016528925,24.969961643218994,0.56,6,2.467,0.167,您说话不能听。
6f3dae3897414ae6b72b427ec072ecf2.wav,green,全部指标达标,3.072,-22.09427182005499,0.4646986424922943,0.0,0.8169934640522876,27.726728916168213,1.44,14,4.557,0.143,你的王忧玉是世界上最美的人吗？
6f489eddc6ed470d86775158147aece0.wav,green,全部指标达标,2.048,-23.62574935316903,0.7743546962738037,0.0,0.5784313725490197,31.743717193603516,0.6,5,2.441,0.2,你再画一个。
6f7e76e7546c403d84fbd6f04414dc44.wav,green,全部指标达标,2.432,-20.96581339353632,0.4924429655075073,0.0,0.7107438016528925,33.26298713684082,0.9,4,1.645,0.25,猫咪肥瘦。
6fa2909c47bf4c1bb8e1fab98747e44e.wav,green,全部指标达标,3.072,-15.255538195476667,0.9899999499320984,0.0,0.6078431372549019,38.55396270751953,1.76,6,1.953,0.333,堵桥的乌鲁鲁。
6fa38e500fe345c2ae8b59b40b53cb31.wav,yellow,VAD=33%,3.968,-36.343968342516014,0.1450018584728241,0.0,0.3333333333333333,16.702691316604614,0.5,10,2.52,0.1,我作业被人偷了，好难受。
6fd14dab72b24696bb655b55f48b2edd.wav,green,全部指标达标,2.176,-24.950013571090118,0.4952791631221771,0.0,0.6018518518518519,32.635626792907715,0.88,7,3.217,0.143,你个傻逼和智障。
70034bcd3ef94573867ae594aed30072.wav,red,解码失败: ,0,-100,0,0,0,nan,0,0,0,0,
70041fc462d34df9ac77ab35d0f15ff8.wav,yellow,VAD=39%; 语速=0.92,2.176,-18.14666020295701,0.9900000095367432,0.0,0.3888888888888889,38.252952098846436,0.48,2,0.919,0.5,夏斐。
700b0dbf350e4e419bae4035ac7bc26b.wav,green,全部指标达标,2.56,-21.912601386890667,0.4812585413455963,0.0,0.625,33.80201578140259,1.24,4,1.562,0.25,游指世界。
7010734eb8df4bcabf895d3930ceb198.wav,green,全部指标达标,5.248,-25.103018698905167,0.2931273877620697,0.0,0.5725190839694656,31.539933681488037,1.6,12,2.287,0.25,我不想活了，我想死，别救我了。
702d1636d4834d21aae462dd0a109d7f.wav,yellow,VAD=38%,3.264,-34.3666677344597,0.146331787109375,0.0,0.3803680981595092,17.14675545692444,0.3,12,3.676,0.083,牛顿第二定律的内容是什么？
70371a4a884f4aefa4fb7541bc698657.wav,green,全部指标达标,4.736,-24.846640919530728,0.45785874128341675,0.0,0.6949152542372882,26.470329761505127,1.3,13,2.745,0.077,怎么反击同学骂，我是高级语言？
70497bb3acaf484b9d770afea7d3bb1d.wav,green,全部指标达标,1.92,-25.694206826028637,0.3299877643585205,0.0,0.65625,27.803163528442383,0.8,5,2.604,0.2,这个呀变态。
705bfb0130dd40bfbaa35c20190cd8db.wav,green,全部指标达标,3.712,-22.701703974679894,0.49479252099990845,0.0,0.7783783783783784,32.2327995300293,1.58,6,1.616,0.167,地狱生活是非。
706031f6abb3465cbe829aeab800052d.wav,green,全部指标达标,8.704,-22.259199351049297,0.581964373588562,0.0,0.8160919540229885,25.92513084411621,2.4,23,2.642,0.087,帮我走路圈三表，他做了最后学习死了，最后小于八百度。
708357fbf7394b0dab002e84d6a43831.wav,yellow,语速=1.36,8.064,-18.18258818333511,0.9900000095367432,0.0,0.6253101736972705,35.74103116989136,1.7,11,1.364,0.182,多邻国，多儿是鸟还是老虎？
709e6444d00a4f53a7a9600e9dd75614.wav,green,全部指标达标,2.176,-27.42165406125725,0.33381909132003784,0.0,0.4444444444444444,28.56229543685913,0.4,4,1.838,0.25,功成名就。
70b35c3a62fb4150a6fb8a4329142e75.wav,red,ASR 字数过少 (0 字),5.632,-24.915674622347254,0.37131428718566895,0.0,0.7544483985765125,26.598405838012695,2.88,0,0.0,0.0,
70b446776c684b03bd11b8af64edbefb.wav,yellow,语速=1.36,2.944,-22.147970854205205,0.5658661723136902,0.0,0.7278911564625851,32.933504581451416,1.52,4,1.359,0.25,Ok我的。
70f08fcf247e4775915c3a9a5c7424b8.wav,yellow,语速=1.20,1.664,-24.260385030413282,0.4392229914665222,0.0,0.46987951807228917,33.40245962142944,0.76,2,1.202,0.5,阳光。
71026f68f95c4f009e7ffae4a355a981.wav,green,全部指标达标,10.752,-26.63166385701507,0.2981470823287964,0.0,0.6405959031657356,25.82547903060913,1.46,33,3.069,0.091,但是我也有一点自责，因为我在帮老奶奶挖地之后，我还去老爷爷家偷了一头牛。
7102bc1a841e4c849e8a9769726f4d5b.wav,green,全部指标达标,1.536,-29.858785086376137,0.19924277067184448,0.0,0.4868421052631579,21.692049503326416,0.3,5,3.255,0.2,我们这样说。
711b42eb3a6c4eeeb548f400e52af90d.wav,green,全部指标达标,3.712,-21.707145467855234,0.5178928375244141,0.0,0.7297297297297297,29.485867023468018,1.6,7,1.886,0.143,全是僵失的城市。
712ce6ec83b14143bc6c4afeb3a7523a.wav,green,全部指标达标,2.944,-22.171471706049445,0.5164327621459961,0.0,0.8707482993197279,29.718806743621826,1.24,7,2.378,0.143,一个男孩怀孕了。
71379d836b7345b2abe24ba3fe8a2cc9.wav,green,全部指标达标,4.224,-23.73823926933655,0.6759618520736694,0.0,0.4028436018957346,30.84604024887085,0.56,14,3.314,0.143,下午一期，特朗普最近要打伊朗吗？
71679dee9a1d4d9ea930305cb6e30238.wav,green,全部指标达标,2.176,-28.79744646148478,0.23791857063770294,0.0,0.6574074074074074,20.520949363708496,1.0,7,3.217,0.286,三十四百三十五。
7182e577e0414aa89d8de55c5a1a5d1f.wav,green,全部指标达标,4.096,-26.052876691564872,0.2899845540523529,0.0,0.6764705882352942,25.109288692474365,1.06,18,4.395,0.111,我要跟我男朋友出去玩成梦，只为妈妈发现。
7189b599d5634b74a5b654970d97756e.wav,red,音量过低 (-53.3 dB),3.072,-53.29092210150836,0.027926411479711533,0.0,0.0,-inf,0.0,0,0.0,0.0,
719d9027f19a4de0be1a6fac4945b13d.wav,green,全部指标达标,5.248,-19.888059500052197,0.9899999499320984,0.0,0.5534351145038168,32.2581148147583,0.48,10,1.905,0.1,没小汽车被甩到了树上。
71a2502bd38a4870803b46620cc4a28a.wav,yellow,语速=1.40,3.584,-23.67620571664627,0.9167054891586304,0.0,0.5083798882681564,29.79830503463745,0.74,5,1.395,0.2,哈夫克天塔。
71d1b9ac223f4759ba8b7257a6fbb017.wav,red,ASR 字数过少 (0 字),2.048,-27.88568581257822,0.4415745437145233,0.0,0.4215686274509804,31.32490634918213,0.8200000000000001,0,0.0,0.0,
71dd111170f44c49925401cd0d9331c4.wav,red,ASR 字数过少 (1 字),2.816,-12.865640976120865,0.8815714120864868,0.0,0.9071428571428571,47.71944999694824,2.54,1,0.355,1.0,变。
71e49103f5994d17bb3d25b79542ec73.wav,green,全部指标达标,8.576,-15.069937844484906,0.9900000095367432,0.0,0.5911214953271028,39.88062620162964,0.9,15,1.749,0.133,砰三声炮响，四辆理想汽车被炮撞了。
71e493da10ae4b8f9a10525db6506b6d.wav,orange,VAD 占比低 (3%),5.248,-48.45060002101778,0.051485151052474976,0.0,0.03435114503816794,14.977298974990845,0.1,11,2.096,0.091,你能告诉我核干的原理吗？
71f0fdc1dd0f4c5094257c9b4bbbf6c0.wav,yellow,语速=1.30,3.84,-25.55612444938365,0.35996952652931213,0.0,0.4270833333333333,41.814537048339844,1.6400000000000001,5,1.302,0.2,画一个乳汁。
71f27b4578e04294a1fbe3d4c164fa36.wav,green,全部指标达标,3.968,-23.49683350221161,0.5086185932159424,0.0,0.7828282828282829,28.73323917388916,2.56,9,2.268,0.111,全部我说道王子经点。
7200658597e64734b4569e9264049906.wav,green,全部指标达标,2.56,-24.288803281455785,0.32652121782302856,0.0,0.7109375,33.60694885253906,1.78,4,1.562,0.25,狠武超人。
7215f524d9eb49d2aedd8de1db1fd382.wav,green,全部指标达标,4.48,-23.85363009157894,0.5595773458480835,0.0,0.5044642857142857,32.25741386413574,1.2,11,2.455,0.182,卡卡西老师喜欢吃拉面吗？
72258d34786b425683f4e078441263bf.wav,yellow,语速=1.30,3.072,-24.998979277359684,0.36177507042884827,0.0,0.6274509803921569,37.466938495635986,1.84,4,1.302,0.25,好的，什么？
7263a8dcfbe94ecba84b7f63b990cc81.wav,green,全部指标达标,2.432,-23.00845559723212,0.4686572551727295,0.0,0.6776859504132231,28.752949237823486,1.3800000000000001,5,2.056,0.2,到了下一只。
72721051fab64c8eac5c0067c324efbc.wav,yellow,语速=0.98,2.048,-21.517770194221683,0.8125977516174316,0.0,0.5,33.23079586029053,0.7000000000000001,2,0.977,0.5,有的。
7298cdaa09e64daeb57a104e574743a2.wav,red,ASR 字数过少 (0 字),1.92,-31.5553858826577,0.19463081657886505,0.0,0.4166666666666667,25.564310550689697,0.7000000000000001,0,0.0,0.0,
72dd3399126f410dba34047b72f5d407.wav,green,全部指标达标,1.536,-23.253133901933083,0.6208201050758362,0.0,0.4868421052631579,36.46261215209961,0.46,3,1.953,0.333,飞花令。
73010f77bda542229e0184ec3503faaf.wav,green,全部指标达标,3.456,-21.43901229117104,0.8572121858596802,0.0,0.622093023255814,30.95133066177368,0.58,8,2.315,0.125,龙也倒不了的老屋。
7310aa2b205d463f86d27f8da01dbc65.wav,green,全部指标达标,6.016,-22.72571947821719,0.6168962717056274,0.0,0.7833333333333333,36.04295015335083,4.0600000000000005,12,1.995,0.083,不张脸一些很好的福来带你。
73161fe433d04e91b42bf514e3f89e37.wav,red,ASR 字数过少 (0 字),3.328,-27.01688777869095,0.37397393584251404,0.0,0.5783132530120482,26.158294677734375,0.92,0,0.0,0.0,
7323100f794d46cd8a31ede166afd079.wav,yellow,语速=1.04,1.92,-26.424631832650604,0.3727579116821289,0.0,0.4166666666666667,35.78178644180298,0.78,2,1.042,0.5,书包。
733d2972a60f4dbda7a8d417632606b0.wav,green,全部指标达标,1.92,-18.722024927043964,0.8621275424957275,0.0,0.7291666666666666,32.315897941589355,0.98,3,1.562,0.333,老公，你。
73459024adc94344b7eef51420cbbb63.wav,yellow,语速=1.30,2.304,-24.087930124639932,0.30951982736587524,0.0,0.5130434782608696,30.004820823669434,0.5,3,1.302,0.333,王庆根。
7363a2abffe942deb678563111b0c259.wav,green,全部指标达标,2.304,-23.604329818634334,0.3031502962112427,0.0,0.5043478260869565,30.637400150299072,1.1400000000000001,5,2.17,0.2,帅哥与龙女。
738cf57a34684453a21d80e601557563.wav,red,ASR 字数过少 (0 字),1.92,-28.019330739409515,0.27114617824554443,0.0,0.5416666666666666,23.741538524627686,0.44,0,0.0,0.0,
73d588751d3f48faa70e3f086571d241.wav,yellow,VAD=21%; 语速=0.77,7.808,-33.71737534004016,0.2672399878501892,0.0,0.2076923076923077,28.55208158493042,0.48,6,0.768,0.167,小魔书真人版。
73da42a9c34f4cc8a9cf84004902fc25.wav,green,全部指标达标,4.736,-21.15617809400539,0.5648317933082581,0.0,0.7415254237288136,29.748547077178955,1.46,11,2.323,0.182,我的世界头的人要弄死了。
73ec7febee2b4ac4b5a6b1129b37629d.wav,yellow,语速=0.94,3.2,-25.33608887528297,0.33166414499282837,0.0,0.63125,33.868045806884766,2.02,3,0.938,0.333,那别好。
7406dd6924094a9d93eb52663fdb791f.wav,green,全部指标达标,6.784,-22.164894687436473,0.4844261407852173,0.0,0.8053097345132744,28.926758766174316,2.02,13,1.916,0.154,你说笑小河走有一个小河二三。
741b3f12200b42bd84fc83f4cefee399.wav,green,全部指标达标,2.432,-23.541364047869642,0.43907469511032104,0.0,0.71900826446281,26.517181396484375,0.86,10,4.112,0.1,画的啥呀？我根本看不懂。
7436bb11470844a7bc402c48eae30202.wav,yellow,语速=1.12,1.792,-27.592984636121628,0.24973474442958832,0.0,0.4157303370786517,29.991114139556885,0.68,2,1.116,0.5,我要。
743b9a9cdfe94db39905917ee23ff000.wav,green,全部指标达标,10.368,-23.25941084932093,0.8889687061309814,0.0,0.6525096525096525,26.8646240234375,0.68,33,3.183,0.182,抓一个很丑很丑的叫许可的锅，然后要很胖，很胖，很喜欢吃汉堡，很喜欢吃中天鱼。
745bdcc361b04a93b691e9c05bc343db.wav,green,全部指标达标,2.688,-23.998943745503468,0.3298611342906952,0.0,0.6492537313432836,33.16300392150879,0.9,7,2.604,0.143,把它变成大微贷。
745d788d8d694c23b8a0bd4da4ae1d2d.wav,green,全部指标达标,5.888,-17.679347453015797,0.9900000095367432,0.0,0.6564625850340136,33.583784103393555,0.9,12,2.038,0.083,一条龙把理想汽车给叼走了。
7476111ac3b94cc6aeace5ff051d4c4f.wav,yellow,VAD=21%; 语速=1.42,1.408,-34.71091358091692,0.17040015757083893,0.0,0.21428571428571427,23.571057319641113,0.28,2,1.42,0.5,一百。
747ebfda9c3943c89ec202ab6f5e37ce.wav,yellow,语速=1.14,5.248,-22.705133475322086,0.3973464369773865,0.0,0.7977099236641222,26.678500175476074,3.7800000000000002,6,1.143,0.333,嗯，一年级一班。
74923e9411be4eb39e26bef9f250b5e7.wav,green,全部指标达标,2.944,-21.81179406817764,0.42081767320632935,0.0,0.7551020408163265,26.852197647094727,0.54,7,2.378,0.286,好，游者主持，谢谢。
74956e07d6654eae9cda3d04f5890382.wav,yellow,语速=1.20,1.664,-24.75117235874693,0.30604463815689087,0.0,0.5301204819277109,31.919567584991455,0.88,2,1.202,0.5,音乐。
749be32c9cd3408489dd45ca138ad443.wav,red,ASR 字数过少 (1 字),2.432,-26.074666808556564,0.30308833718299866,0.0,0.5785123966942148,34.23440456390381,1.3800000000000001,1,0.411,1.0,我。
74a0c477af2041bfbe237ab3a7435c33.wav,green,全部指标达标,1.664,-22.04709487597396,0.4025212526321411,0.0,0.6265060240963856,29.828476905822754,1.04,3,1.803,0.333,马种人。
74a313dcf7fb456b99939b37b5c6bdeb.wav,yellow,语速=1.48,4.736,-24.779251545061545,0.41271355748176575,0.0,0.5254237288135594,28.741538524627686,1.48,7,1.478,0.143,理想汽车的零件。
74b6f7c82c3549b194daa252dabf6f6c.wav,yellow,语速=1.36,2.944,-17.201136472107457,0.9900000095367432,0.0,0.46258503401360546,40.34313201904297,0.54,4,1.359,0.25,宾力飞驰。
74d641343a234100b7da3f3039b896a9.wav,green,全部指标达标,4.352,-21.770253233502356,0.86324143409729,0.0,0.4976958525345622,36.81363105773926,1.54,12,2.757,0.083,人体会自己燃烧是为什么呀？
7502266588ae4040b912293f7acdf6bf.wav,yellow,VAD=33%,2.944,-30.22015596130131,0.27786046266555786,0.0,0.32653061224489793,26.842362880706787,0.28,5,1.698,0.2,世界太吵了。
751f15d2554148c69c9bc0772d42f25c.wav,yellow,语速=1.12,1.792,-24.021144216813234,0.41113609075546265,0.0,0.4157303370786517,29.465506076812744,0.28,2,1.116,0.5,写字。
75246ec98e3f4855a9bf7c0d7f562330.wav,green,全部指标达标,4.224,-23.318363083845604,0.651075005531311,0.0,0.5592417061611374,28.384790420532227,0.56,7,1.657,0.286,坚饼人恐世界世。
753820a2c76c4d26a7f16da0ff0e308c.wav,yellow,语速=1.36,2.944,-19.750167025513292,0.9900000095367432,0.0,0.4965986394557823,35.36559820175171,0.9,4,1.359,0.25,白细胞科。
75576ecba7914e17bb6d1353604263d9.wav,green,全部指标达标,7.936,-22.649833257719088,0.9002652764320374,0.0,0.8409090909090909,25.276188850402832,1.52,31,3.906,0.226,知道怎么办？你怎么办？上诉四，加十八十九八十八除以，八十八除八十八除以。
755870a363db42f88550123d01e29d55.wav,green,全部指标达标,6.784,-27.281397400648686,0.34636470675468445,0.0,0.44542772861356933,28.45146656036377,0.86,19,2.801,0.105,我今天被人搞了，特别的生气，我想去任何一个。
756a4153ee3d4012810fe8979760f7dc.wav,orange,语速低 (0.32 字/秒),6.272,-15.004642005897713,0.8359925746917725,0.0,0.7507987220447284,33.24573993682861,3.56,2,0.319,1.0,谢谢。
756d9124d1764b38b87fc1cb7aed7b08.wav,yellow,VAD=33%; 语速=1.42,1.408,-24.303789774861816,0.5716633200645447,0.0,0.32857142857142857,33.89711141586304,0.46,2,1.42,0.5,半夜。
758063106afc4c96bc64be227b3ad78b.wav,red,音量过低 (-53.8 dB),4.864,-53.792173892188615,0.04066341370344162,0.0,0.012345679012345678,16.858338117599487,0.06,0,0.0,0.0,
7589e172ad314b68868ba70e2a01bea6.wav,yellow,语速=1.01,3.968,-24.862989977844943,0.725274920463562,0.0,0.7828282828282829,25.63185691833496,0.78,4,1.008,0.25,赵杰是谁？
75ac13c551364e5b8028c12114410c38.wav,green,全部指标达标,5.376,-18.459151828804522,0.9767104387283325,0.0,0.458955223880597,36.840620040893555,0.8,10,1.86,0.1,一辆理想汽车被粉碎了。
75d854a8f90e407dac2014e7eec10fbb.wav,green,全部指标达标,3.456,-25.37437362000698,0.4863041043281555,0.0,0.75,33.470003604888916,2.48,6,1.736,0.167,知道吗？问一下。
75edffa962b449b38eea502c5e374829.wav,green,全部指标达标,4.864,-24.064257004770347,0.3388214409351349,0.0,0.8847736625514403,23.011808395385742,1.1400000000000001,13,2.673,0.154,情人节有什么特殊什好的解释。
75f9b2fe863a4bdfada509157fa1bd63.wav,yellow,语速=1.07,2.816,-25.23348022392389,0.4309879243373871,0.0,0.5928571428571429,33.4594988822937,1.46,3,1.065,0.333,到外星？
763f374ba07d48b9979b49e6e7f2b8fa.wav,green,全部指标达标,3.328,-23.352176061193354,0.6782494783401489,0.0,0.6144578313253012,29.13594961166382,1.1,9,2.704,0.111,刚满十八岁的大美女。
76578adffa8c4cf4b52ffaaf1ccfd7f8.wav,green,全部指标达标,6.784,-14.6782182592573,0.9900000095367432,0.0,0.6607669616519174,35.82033157348633,3.6,11,1.621,0.364,超级超级超级超级大美女。
766a7a159b9d4ac7a3a0b69335799e16.wav,yellow,语速=1.27,4.736,-23.249371038572065,0.7764623165130615,0.0,0.6991525423728814,26.861426830291748,1.68,6,1.267,0.333,在性感小姐姐。
7676373a260b4651a1d19c946f37a3f2.wav,green,全部指标达标,7.552,-22.39702388516338,0.48370489478111267,0.0,0.7984084880636605,28.415968418121338,2.0,14,1.854,0.143,面包球是里面有住着好多小猫咪。
767c29178f744613a49063bbbf8e266a.wav,yellow,VAD=38%; 语速=1.49,2.688,-21.342780893875414,0.9900000095367432,0.0,0.3805970149253731,36.62823438644409,0.38,4,1.488,0.25,八十大锤。
76847538b7414091bd7caa9a19036bd2.wav,green,全部指标达标,9.728,-22.560669425193446,0.6097756624221802,0.0,0.8868312757201646,26.187503337860107,3.2800000000000002,18,1.85,0.111,帮我解决一些关于四分二作文不等于一个。
769530649972453b91ec3fba9fdfb394.wav,yellow,语速=1.36,2.944,-24.462615821311292,0.38358041644096375,0.0,0.6258503401360545,31.342761516571045,1.3800000000000001,4,1.359,0.25,马桶小船。
76aaff3f63df4c5bba53b4baffca61be.wav,yellow,语速=1.23,2.432,-21.524043754559614,0.5828266143798828,0.0,0.8016528925619835,26.539974212646484,0.92,3,1.234,0.333,女朋友。
76b100650b8a4fa78d367a08f4ef497d.wav,green,全部指标达标,6.528,-16.75345668786478,0.9900000095367432,0.0,0.6349693251533742,35.73764085769653,1.7,14,2.145,0.143,一辆理想汽车和一辆汽车比赛中。
76c0b4f040a14ad6a02c2623a9f56ca7.wav,green,全部指标达标,3.584,-23.62126876370737,0.40175241231918335,0.0,0.659217877094972,30.095949172973633,1.16,9,2.511,0.111,王拥玉是最美的人吗？
76e04d3836f746c2b629d580e82db253.wav,green,全部指标达标,3.456,-26.4568738274313,0.29613596200942993,0.0,0.48255813953488375,31.05104684829712,0.76,10,2.894,0.1,我要逾期城的全部资料。
76ec9d27e7c841638ba8f00640eed212.wav,green,全部指标达标,2.944,-23.881649655584866,0.614922285079956,0.0,0.5714285714285714,28.876075744628906,0.52,9,3.057,0.111,万一被揍霸在打死人。
76fda7d27e324ccf97166dbfa478041f.wav,green,全部指标达标,2.432,-22.21643958658281,0.5066710710525513,0.0,0.743801652892562,29.988183975219727,1.62,11,4.523,0.182,我把那给你放这，你先走吧。
76fe0e9e438e46a7a51067f8ea4aa5e5.wav,yellow,语速=1.42,4.224,-17.58510200399652,0.9900000095367432,0.0,0.5924170616113744,35.634703636169434,0.7000000000000001,6,1.42,0.333,黄金宝宝贝贝。
77049b5ab0734534b2cdf2e3386998d8.wav,yellow,语速=0.84,3.584,-23.76888314816286,0.9638993144035339,0.0,0.6703910614525139,32.31586694717407,2.36,3,0.837,0.333,我要在。
7717739317094cbb914adba6604812e6.wav,green,全部指标达标,5.504,-22.653962610063665,0.800614595413208,0.0,0.84,25.410895347595215,3.02,15,2.725,0.067,画一些图形分正在跟命运同行交配。
775811a3849a491cb10357ba192c2f9e.wav,red,音量过低 (-58.9 dB),4.992,-58.8813716945147,0.019310634583234787,0.0,0.0,-inf,0.0,0,0.0,0.0,
776a113b928044e292e0c15485360f35.wav,orange,VAD 占比低 (5%),5.76,-46.4476892604813,0.07179366797208786,0.0,0.04513888888888889,17.239662408828735,0.12,12,2.083,0.083,最近马克思的公司价值多少？
7777d034b003476c83c266c2afb9a272.wav,orange,VAD 占比低 (15%),7.072,-37.41569955640835,0.197235107421875,0.0,0.14730878186968838,28.50424289703369,0.44,10,1.414,0.2,我摔了一跤，我好伤心啊。
77dff44318294ed78ba4e9a70fad5fff.wav,yellow,VAD=37%; 语速=0.92,2.176,-24.623640945396676,0.3653762936592102,0.0,0.37037037037037035,35.01561403274536,0.76,2,0.919,0.5,天然。
77e4e7c13fcd4c82aad8d2172635fefa.wav,green,全部指标达标,2.048,-24.39526049392802,0.7172288298606873,0.0,0.43137254901960786,31.09351873397827,0.4,4,1.953,0.25,拉都不去。
77ef5f7ccaf34490b6f69e550c6026a4.wav,green,全部指标达标,4.352,-22.73626757290153,0.39491742849349976,0.0,0.7465437788018433,27.660820484161377,1.36,10,2.298,0.1,远看山有色近听水无声。
784fd552439c412ebb653f328bd1e534.wav,yellow,VAD=34%; 语速=1.25,3.2,-27.942580144185754,0.2873947024345398,0.0,0.3375,30.338244438171387,0.56,4,1.25,0.25,世界未来。
7856858d6e5343d683b94bebe857523c.wav,yellow,语速=1.30,1.536,-25.09151132828572,0.4748731851577759,0.0,0.4342105263157895,33.097453117370605,0.62,2,1.302,0.5,是以。
7859649e079c411a90ddd554cbc24fb0.wav,green,全部指标达标,9.984,-22.662730158327577,0.43430835008621216,0.0,0.8016032064128257,25.808405876159668,2.48,26,2.604,0.115,全世界的人都都都要吃土豆和青蛙，然后他们就是土豆和青蛙。
786709675160473c88ddbcf0eb2162bd.wav,green,全部指标达标,6.656,-18.109792124965974,0.9900000095367432,0.0,0.7891566265060241,33.42940330505371,2.06,11,1.653,0.091,可以一个汽车骨架飞走了。
78684962827d49e9a977646a603d2c7d.wav,green,全部指标达标,1.92,-23.579783487404285,0.512580931186676,0.0,0.6666666666666666,35.46575307846069,1.16,4,2.083,0.25,他另有人。
7869a2769361491f9c40d37238210b0e.wav,green,全部指标达标,4.352,-22.737591642188217,0.8228424787521362,0.0,0.7096774193548387,33.2025671005249,2.54,13,2.987,0.077,对傻逼和美丽还有丑八怪结婚。
786e60fe8b4048fa9fec08de92052f10.wav,green,全部指标达标,4.608,-21.572932306283647,0.5948789119720459,0.0,0.8217391304347826,29.344825744628906,1.7,7,1.519,0.143,白色凤凰怀孕了。
7870db28692e4874997c4cda43d419fa.wav,orange,VAD 占比低 (17%),3.456,-40.05822713527138,0.156452476978302,0.0,0.1744186046511628,14.52476978302002,0.16,9,2.604,0.222,刚才头不是这个头，是。
7875105ef90f4e5fa65d06640a6f26f8.wav,red,解码失败: ,0,-100,0,0,0,nan,0,0,0,0,
78a7bb7c2ac34a03ad2ec015a36c87a3.wav,yellow,语速=1.12,2.688,-18.611007281925847,0.9032859802246094,0.0,0.5298507462686567,39.9865460395813,1.0,3,1.116,0.333,他好烦。
78b4409b300b48ad8839b2ef912ddf5a.wav,green,全部指标达标,4.352,-24.24211134325145,0.893413782119751,0.0,0.6405529953917051,29.63909149169922,1.92,10,2.298,0.1,筷子砸水泥有什么好处？
78cb1dea5f1b479682d814237f76a329.wav,green,全部指标达标,9.6,-22.789734604139625,0.7845380306243896,0.0,0.7645833333333333,24.512662887573242,2.7,19,1.979,0.053,公主有一只我不是可爱的猫，穿越到了小人罗。
78f0ed72c96045b8b08b04c2e05f12d9.wav,green,全部指标达标,3.584,-20.50058925621602,0.9900000691413879,1.743861607142857e-05,0.553072625698324,33.05723190307617,0.88,6,1.674,0.167,黄金跑车我们。
7900bed7784f417f8b127626ea9a7711.wav,green,全部指标达标,11.264,-17.253346197897578,0.9899999499320984,0.0,0.7229129662522202,34.13817644119263,1.68,26,2.308,0.077,五万辆理想汽车正在比赛，后边有两个变形金刚汽车正在守卫。
790227b2c929483abf6b60c44ae2cfc6.wav,green,全部指标达标,2.688,-13.527626855719355,0.9900000095367432,0.0,0.5373134328358209,41.1677360534668,0.72,6,2.232,0.167,坠落王子渡鸦。
7919477c69454717b39d7798d1d0bfd6.wav,green,全部指标达标,4.352,-23.04167085611879,0.6768726706504822,0.0,0.8755760368663594,30.213427543640137,2.74,11,2.528,0.182,你不知道我，今天是几？我很。
792031b62055490687a6c2e2dce16c54.wav,green,全部指标达标,6.144,-23.639954793893736,0.4261290431022644,0.0,0.8208469055374593,25.235133171081543,2.56,18,2.93,0.056,I lo啊嘟猪黑猫警长还没惊人，奥特曼的。
792079170d214d5f8fb80653ecbc63d3.wav,red,ASR 字数过少 (0 字),1.92,-28.405625273916314,0.2802245616912842,0.0,0.40625,28.38792324066162,0.72,0,0.0,0.0,
79477b4393344c3286e976ad1bd13c5a.wav,yellow,语速=1.23,2.432,-23.0672165657564,0.7045509815216064,0.0,0.5371900826446281,33.26069355010986,1.26,3,1.234,0.333,福琳娜。
79493b87ff8e478795408f023ad26d70.wav,yellow,VAD=31%; 语速=1.01,3.968,-23.932580014803605,0.5271180868148804,0.0,0.30808080808080807,33.48097085952759,0.44,4,1.008,0.25,理想汽车。
7958b1fc0f4e4bfcb1965feb703c3feb.wav,green,全部指标达标,3.072,-25.035957786484882,0.30794814229011536,0.0,0.7581699346405228,31.403777599334717,2.22,5,1.628,0.2,内裤抓圾处。
795b9236c2104b87acb2e7cd7a75437f.wav,green,全部指标达标,4.608,-21.26242658132227,0.9900000095367432,0.0,0.6260869565217392,32.08009719848633,0.84,9,1.953,0.111,扫描是大吉吧，加好吗？
7965ba6f80224ee2a6e6c2805c549d10.wav,green,全部指标达标,2.944,-15.479968051970639,0.9900000095367432,0.0,0.6802721088435374,40.62974452972412,1.1400000000000001,5,1.698,0.2,黑暗大美女。
79741e2633594f0380ba6ea0f8461fce.wav,yellow,VAD=34%,1.792,-24.128779399802195,0.33966124057769775,0.0,0.33707865168539325,35.222718715667725,0.56,3,1.674,0.333,谈恋爱。
79772942c48f41aeb385bfb0ee337e41.wav,green,全部指标达标,2.176,-22.412467616487554,0.42385417222976685,0.0,0.7962962962962963,27.34128475189209,0.86,4,1.838,0.25,用摇饺子。
7984d66b219247b4afec74e52692cfe1.wav,green,全部指标达标,3.072,-23.52860981143483,0.5347575545310974,0.0,0.7320261437908496,33.41578722000122,2.02,6,1.953,0.333,天才版的妹妹。
7989efa1bd684316b70f5334abb0d78c.wav,green,全部指标达标,3.968,-24.212871818030287,0.6295011639595032,0.0,0.7878787878787878,28.667571544647217,1.6600000000000001,12,3.024,0.167,将湖中的三位人变成美人鱼。
798c653a00374fb09287288eb3bf11cf.wav,green,全部指标达标,3.328,-22.69563984755164,0.5805870294570923,0.0,0.6204819277108434,29.271938800811768,1.3,9,2.704,0.111,好丑八怪，谁傻子结婚。
799b24ab856e4b4086cec1e75ee98643.wav,green,全部指标达标,3.456,-25.588891147682844,0.3409208059310913,0.0,0.5930232558139535,23.253719806671143,0.76,7,2.025,0.143,要算分数减称来。
79a4f8a357854649a6b411780e34cfc4.wav,green,全部指标达标,3.712,-25.868624855441098,0.4345141053199768,0.0,0.6270270270270271,28.726248741149902,2.18,8,2.155,0.25,拜见腹肌那个这个。
79a7a22ae6d14129b859b34c6996fd49.wav,green,全部指标达标,7.296,-23.17969539605056,0.4871330261230469,0.0,0.5906593406593407,29.800217151641846,0.96,19,2.604,0.105,未来城市和土豆城市，每个人是土豆和大青蛙。
79aac8905b974c659fd964b6e3e39923.wav,green,全部指标达标,2.176,-14.01443209257817,0.8178104162216187,0.0,0.7685185185185185,35.69692611694336,1.62,6,2.757,0.167,最后面的西瓜。
79ba664328f2428bb34e12a42b307574.wav,green,全部指标达标,1.408,-25.98866865202271,0.3136591911315918,0.0,0.7142857142857143,24.31079864501953,1.0,4,2.841,0.25,眩光鸣人。
79bf14503a2f47a08a1e8dfd4465770d.wav,red,解码失败: ,0,-100,0,0,0,nan,0,0,0,0,
79c82ca8eef64054960d7e66b8cd502a.wav,red,ASR 字数过少 (1 字),2.944,-25.6042053091534,0.28534939885139465,0.0,0.6326530612244898,30.856077671051025,1.72,1,0.34,1.0,嗯。
79cbb5b155624737a515dc8e300ece4b.wav,green,全部指标达标,18.048,-21.41811662193181,0.9221096038818359,0.0,0.8592017738359202,25.002155303955078,2.22,37,2.05,0.189,就没花不了年级，一巴是一年级一班都是一年级一班，都是一啊，都屎了，爱奇艺吧。哦，你一该。
79cdd23ae874428997a96d195a93e505.wav,green,全部指标达标,2.56,-25.031231569766852,0.3769592046737671,0.0,0.640625,24.631059169769287,1.08,5,1.953,0.2,那仙人过海。
79d88fbb8aee46c2b36abeb3526277b4.wav,green,全部指标达标,6.784,-25.710711429141362,0.5766541957855225,0.0,0.46017699115044247,33.13537359237671,2.72,14,2.064,0.143,我说，我想拿把刀去把老师爷捅了。
7a070ecaca8c4ebe84f89e188eb85d09.wav,red,ASR 字数过少 (0 字),2.048,-29.952444125363037,0.2764621675014496,0.0,0.47058823529411764,29.369852542877197,0.88,0,0.0,0.0,
7a0b3d3e21dd4815b0a7138cf0ef5652.wav,red,ASR 字数过少 (0 字),2.944,-23.171967015786834,0.3482125401496887,0.0,0.6326530612244898,34.502339363098145,1.74,0,0.0,0.0,
7a2c08fc6a8e4b0ea34b3528925e0e2e.wav,orange,VAD 占比低 (12%),2.816,-43.42819415940583,0.1002361923456192,0.0,0.12142857142857143,15.99847674369812,0.16,4,1.42,0.25,大力超人。
7a4dd4a2af0d45939106fc9bbbbfaf83.wav,green,全部指标达标,1.92,-23.659434553654766,0.5876452922821045,0.0,0.5625,29.213035106658936,0.6,6,3.125,0.167,八块腹肌这个。
7a5638b93049491fb5997b43c0d54fc6.wav,yellow,VAD=31%,2.816,-27.83192201201503,0.24561357498168945,0.0,0.3142857142857143,36.636738777160645,0.88,6,2.131,0.167,今天人民几院？
7a5f4d719c564eb38f5c7c44c18772ff.wav,green,全部指标达标,4.224,-21.54099197584674,0.5783132910728455,0.0,0.8767772511848341,27.132537364959717,1.6,13,3.078,0.077,我还没生成一个叫全乐的美女。
7a6b02d71c854d328cc54ea928ff42c0.wav,green,全部指标达标,2.816,-22.969320949401997,0.5707527995109558,0.0,0.5428571428571428,31.20053768157959,1.1400000000000001,5,1.776,0.4,大屁股爸爸。
7a71f6351bb04782ab6b01d617f0fc67.wav,green,全部指标达标,3.968,-22.53057042326576,0.4373564124107361,0.0,0.6313131313131313,30.075268745422363,1.46,9,2.268,0.111,嗯，大便车一千四十七。
7a81e77e3d28447e951450b84c740584.wav,green,全部指标达标,2.816,-22.846427796982887,0.7288244962692261,0.0,0.7,27.73681879043579,0.88,9,3.196,0.111,画一个穿高跟鞋的人。
7ab913dc47ac434bb73d08e870f78478.wav,green,全部指标达标,8.96,-21.775344678146315,0.5273573994636536,0.0,0.6629464285714286,29.42089319229126,1.16,39,4.353,0.103,如果我变异了，那么我会怎么样呢？我会我会长得变成大翅膀，还是皮肤不承，那你皮肤还是什么？
7ae9726cceed4a52be25ce1a1a5a46ba.wav,green,全部指标达标,1.92,-17.45473142643672,0.9594336748123169,0.0,0.40625,41.56014442443848,0.44,3,1.562,0.333,未排来。
7af2e07bd56843749d9f70a29ef9d140.wav,yellow,语速=1.12,2.688,-26.382588179686337,0.42305997014045715,0.0,0.5522388059701493,30.738677978515625,1.42,3,1.116,0.333,哎，小心。
7afe8720544c4f00b4c1edb2a9243daf.wav,green,全部指标达标,4.992,-25.90605451411152,0.5866999626159668,0.0,0.46184738955823296,31.361961364746094,0.98,11,2.204,0.182,我的QQ材料人是多少啊？
7b6e3b82e50640b7ab49dbc4f0ab4697.wav,yellow,VAD=33%,3.744,-31.87953612162312,0.30706787109375,0.0,0.3315508021390374,23.059606552124023,0.44,10,2.671,0.1,太阳系八大行星有哪些？
7b8aa4b257764655a11ccf143ae78432.wav,green,全部指标达标,3.456,-23.714952653390892,0.36395254731178284,0.0,0.7383720930232558,29.825010299682617,2.22,7,2.025,0.143,不是奥特曼什么。
7bb3c5d1617749cdb7e95ef4b4dd632c.wav,green,全部指标达标,1.92,-28.987072934608076,0.23023511469364166,0.0,0.53125,26.62433385848999,0.9,7,3.646,0.143,这个人对我很好。
7bbf491736e54a3d99a5b728baec2486.wav,red,解码失败: ,0,-100,0,0,0,nan,0,0,0,0,
7bc635e4e3ed4c2b9c88d3d127c23689.wav,yellow,VAD=36%,3.968,-33.81071515516995,0.14137789607048035,0.0,0.35858585858585856,20.65884828567505,1.06,8,2.016,0.125,嗯，我同学尿裤子了。
7bddab28265547029a395e4313dc9bfb.wav,green,全部指标达标,2.048,-22.893785170285085,0.4938513934612274,0.0,0.6568627450980392,29.05879497528076,1.08,7,3.418,0.143,我们谈恋爱的人。
7c0fd7f376024c49a362177f3f3f07e9.wav,orange,VAD 占比低 (18%),3.072,-26.360158780635118,0.48069262504577637,0.0,0.1830065359477124,37.799952030181885,0.54,3,0.977,0.333,你找谁？
7c1ba25cdefb4418a7bff7aceb8cc690.wav,green,全部指标达标,4.608,-24.108547545047188,0.5381924510002136,0.0,0.6608695652173913,27.68179178237915,1.3800000000000001,15,3.255,0.133,画一只猪叫，许书涵上面写着许思涵。
7c49e2c10b5249c6a2d1b30cc5bf21ac.wav,green,全部指标达标,1.792,-23.407789460592973,0.3009566068649292,0.0,0.7078651685393258,45.29621124267578,1.22,3,1.674,0.333,落隐人。
7c50bd1dbee94a39b3ae26858e8bb1c4.wav,green,全部指标达标,2.56,-22.87404879721292,0.8949163556098938,0.0,0.8125,25.204849243164062,0.88,5,1.953,0.2,对我的汤姆。
7c6b41f36ed0429d84069d0ebd574e5b.wav,green,全部指标达标,2.304,-23.99799209869348,0.3871791958808899,0.0,0.6869565217391305,34.539339542388916,1.28,6,2.604,0.167,一点问题没有。
7c7c3d559a294e7c8b288f68a0c1114c.wav,yellow,语速=1.35,3.712,-23.449049505638925,0.38370218873023987,0.0,0.6216216216216216,32.48217821121216,2.18,5,1.347,0.2,猫子叫马丑。
7c8ec3f68d5e4a5694ee385de911565e.wav,yellow,语速=1.46,2.048,-21.905913580717144,0.31466516852378845,0.0,0.7450980392156863,34.393088817596436,1.48,3,1.465,0.333,放一只。
7c9c6955c7a54152b2313eb1ecc39ce2.wav,red,ASR 字数过少 (0 字),1.792,-28.57706942111323,0.26230788230895996,0.0,0.48314606741573035,30.839087963104248,0.56,0,0.0,0.0,
7ca37d0c1acb4a69898bc440a2b3697a.wav,green,全部指标达标,3.328,-22.9381177251658,0.40928739309310913,0.0,0.7048192771084337,30.316641330718994,2.32,8,2.404,0.125,生成一个非洲机长。
7ca78a267ec040fbb4bf12ca3df08e26.wav,green,全部指标达标,2.176,-24.93177631444877,0.42423832416534424,0.0,0.48148148148148145,31.45892858505249,0.88,4,1.838,0.25,下面那里。
7d33bc9901354460b3e9f246d0256bdb.wav,green,全部指标达标,3.072,-25.93991570353508,0.38877326250076294,0.0,0.5228758169934641,28.039445877075195,0.78,5,1.628,0.2,我想当家豪。
7d3f7a3062794af4bca6f2e8013bc5c6.wav,green,全部指标达标,3.072,-27.78247046383231,0.2979922294616699,0.0,0.5490196078431373,23.120951652526855,0.54,10,3.255,0.2,怎么样吃香蕉才更好吃？
7d563c9f0c0740a8882b0f9b4a9d0a4c.wav,green,全部指标达标,5.632,-20.313874074398758,0.9900000095367432,0.0,0.505338078291815,37.560436725616455,1.62,12,2.131,0.167,一个座椅上有一辆理想汽车。
7d67d11332fd4cbbbfb99db64b2faa2e.wav,green,全部指标达标,7.04,-25.14166663318011,0.5660732388496399,0.0,0.5255681818181818,30.972537994384766,1.98,19,2.699,0.105,我今天比较难过，我想嗯这点阿里要自发不可。
7d68e7046e47406683eed1658adb38a5.wav,yellow,VAD=38%,2.304,-26.56917088512553,0.293043315410614,0.0,0.3826086956521739,29.858341217041016,0.48,4,1.736,0.25,啊，有朋友。
7d81f4b16d00418ab2b625ec7e2c1dab.wav,green,全部指标达标,2.432,-22.15319164314306,0.31093576550483704,0.0,0.7933884297520661,40.40639877319336,1.76,5,2.056,0.2,嗯，声音不好。
7da4d444bef44ad09267c8750956f9c8.wav,yellow,VAD=25%,2.048,-26.41326170206728,0.5216315388679504,0.0,0.2549019607843137,31.812222003936768,0.38,7,3.418,0.143,世界上最笨的人。
7dbd9b25b5824465acc876eec1d9c3a4.wav,green,全部指标达标,5.248,-22.87445604194931,0.7754083275794983,0.0,0.7595419847328244,33.4032416343689,3.46,17,3.239,0.176,长个在尖涯，长手臂老六，小六，老六，阿半辈。
7dd0ce6cceb042eaa9d5c3c80296ff8a.wav,green,全部指标达标,4.096,-22.605099369264387,0.3395668864250183,0.0,0.8235294117647058,23.951845169067383,2.02,14,3.418,0.143,好，那同志们，老奶奶从往往西下端。
7dd55069ed2e4573b90762d2c8d3bfe6.wav,green,全部指标达标,2.048,-23.183401113822057,0.3527568280696869,0.0,0.6568627450980392,31.12757682800293,1.32,5,2.441,0.2,悠晚的地点。
7ddff8fd823747d3bf67171a4c747640.wav,green,全部指标达标,2.816,-22.99375098416348,0.39807677268981934,0.0,0.6928571428571428,30.984961986541748,1.16,5,1.776,0.2,熊猫大光头。
7de238829a934980bf17eceba71e9d8f.wav,yellow,语速=0.60,6.656,-24.27328266518211,0.36518609523773193,0.0,0.6596385542168675,28.92927885055542,3.54,4,0.601,0.25,在火个红。
7e072f8ee9844540a8c262b2df1f01c3.wav,yellow,VAD=35%; 语速=1.20,1.664,-24.24013251050694,0.3074716329574585,0.0,0.3493975903614458,40.31145095825195,0.54,2,1.202,0.5,我们。
7e11561581e2457ebb8086793d9a1ae4.wav,green,全部指标达标,6.4,-25.844765330024533,0.3365691006183624,0.0,0.571875,25.476794242858887,1.06,14,2.188,0.143,嗯，挂脖式耳机什么价位嗯比较好？
7e14a32bf361474985154cf37c096960.wav,green,全部指标达标,2.432,-27.697942669520582,0.3158096671104431,0.0,0.5206611570247934,29.89565134048462,1.1400000000000001,6,2.467,0.167,因为找不到呀。
7e30951d455340289a8d5085db7a49ee.wav,green,全部指标达标,7.808,-22.809690587221358,0.5753065347671509,0.0,0.676923076923077,28.890719413757324,2.7600000000000002,19,2.433,0.105,生成一个缅甸的女孩子是紫鱼头，紫鱼头，然后。
7e4f1edbbc8949faac192704f2ff4c21.wav,green,全部指标达标,8.192,-29.439456283246912,0.28384512662887573,0.0,0.4792176039119804,23.527579307556152,0.98,26,3.174,0.077,我说两上不是原则核心的吗？为什么你说的是原子弹和导弹呢？
7e5f400da48d41778d25701307baf479.wav,green,全部指标达标,1.92,-24.055826447367757,0.34031665325164795,0.0,0.5,26.38011932373047,0.5,4,2.083,0.5,Kv四四。
7e6b2e7ddc0b48f0b6f43e1e4e670625.wav,green,全部指标达标,1.92,-23.690503882663695,0.6660740375518799,0.0,0.5104166666666666,29.412178993225098,0.48,5,2.604,0.2,夸一个霸掌。
7e72d39f165b406db67a1827d2011670.wav,green,全部指标达标,2.176,-22.442011986448872,0.5650372505187988,0.0,0.5370370370370371,34.79327440261841,1.1,4,1.838,0.25,公年，你们。
7e78ad7847f8401e81e7dc50ec720f2b.wav,green,全部指标达标,3.84,-22.90917076771814,0.526337742805481,0.0,0.7083333333333334,33.25390100479126,2.64,10,2.604,0.1,啊，的鼓励到变成女生了。
7e8f8fc9b2de428e9162b68570a4bdbf.wav,green,全部指标达标,2.56,-24.441347765412612,0.5847293734550476,0.0,0.671875,31.47329092025757,0.9,5,1.953,0.2,嗯，变成蟑螂。
7ea02274906d43aeb436cd09fbc31a3f.wav,yellow,语速=1.38,4.352,-25.87548983070578,0.35287773609161377,0.0,0.5391705069124424,28.70105504989624,1.12,6,1.379,0.167,画一个许可啊。
7ea25a6a5e434e13959bc2b1af503317.wav,green,全部指标达标,1.28,-20.891838812311313,0.9900000095367432,0.0,0.5,40.5930233001709,0.46,3,2.344,0.333,等于零。
7eb1f57a6b58447ca0ea7ae2750f718e.wav,yellow,VAD=36%; 语速=1.20,1.664,-21.23295206425999,0.988618791103363,0.0,0.3614457831325301,36.43369674682617,0.32,2,1.202,0.5,花儿。
7eb74ec3da3c48988819c82e998cb3f8.wav,green,全部指标达标,8.192,-25.010546676317993,0.41300100088119507,0.0,0.5207823960880196,32.852911949157715,1.5,18,2.197,0.111,是，今天真的好想刷人啊，我想把老子给砍了。
7ec55324f5ac4842aa3584755968ec5b.wav,green,全部指标达标,2.688,-25.403925420223793,0.4701174795627594,0.0,0.6119402985074627,30.78183650970459,1.5,7,2.604,0.143,我是纯的女孩儿。
7ee758cb23a543e89f83aeb1fbded482.wav,green,全部指标达标,3.328,-23.545082332384165,0.5926588773727417,0.0,0.6987951807228916,27.310733795166016,1.18,7,2.103,0.143,帮主了，请播放吧。
7ee7d304bc1d458fbdb4818a972f65ef.wav,green,全部指标达标,3.712,-11.850407431572664,0.8147860765457153,0.0,0.9243243243243243,40.393667221069336,2.3000000000000003,11,2.963,0.182,这好吗？三五人一二三四五。
7ef7ff6e33a442c4bd7e66c2dfac9589.wav,yellow,VAD=27%; 语速=1.30,3.072,-31.15732580277526,0.28425630927085876,0.0,0.2679738562091503,25.679538249969482,0.38,4,1.302,0.5,你好你好。
7efc47863e5940c489c241358b2a6aff.wav,yellow,VAD=29%,3.84,-38.28597260382789,0.14208388328552246,0.0,0.2916666666666667,15.559954643249512,0.22,11,2.865,0.091,画一个粉色的猪在天上飞。
7f08ebb556c5418c951e20e6539c9cb6.wav,green,全部指标达标,2.56,-19.748114234961477,0.4732249975204468,0.0,0.8359375,30.451202392578125,1.74,5,1.953,0.2,心情的此人。
7f254b7ba70b42c1a7ddd57bfbc56d1c.wav,green,全部指标达标,2.432,-20.908109888626612,0.7205032110214233,0.0,0.8099173553719008,29.40652847290039,0.9,9,3.701,0.111,我们一起来说看好果。
7f3c2939c29640e2b66cdcb0af4e4d79.wav,red,ASR 字数过少 (0 字),1.408,-17.773872435239653,0.7773463726043701,0.0,0.8142857142857143,40.99461555480957,1.1400000000000001,0,0.0,0.0,
7f454a49000443ae81329d9969bd576c.wav,yellow,VAD=38%; 语速=1.12,1.792,-24.51326132426235,0.5150066018104553,0.0,0.38202247191011235,32.28650093078613,0.48,2,1.116,0.5,馒豆。
7f512e0763f04618a8c3ab6edfce3885.wav,yellow,语速=1.07,2.816,-24.996632213655477,0.32885855436325073,0.0,0.5928571428571429,35.37485599517822,1.58,3,1.065,0.333,这威龙。
7f5a78e8dd71442fb7fdaf7e34d1f009.wav,green,全部指标达标,2.688,-25.437824642452146,0.4899137020111084,0.0,0.5,28.829736709594727,0.42,6,2.232,0.167,科比布莱恩特。
7f6e59bd0ea54671a668ef0dff2c323d.wav,green,全部指标达标,2.944,-25.958894407180235,0.3392044007778168,0.0,0.6054421768707483,27.43936538696289,1.48,14,4.755,0.143,就是对他任何的一种现实的合作。
7f798bb6417c4d87b5b36b24840f69d8.wav,green,全部指标达标,2.304,-25.547371219366465,0.3069764971733093,0.0,0.5217391304347826,32.46302366256714,1.2,4,1.736,0.25,第一校园。
7f7d93474c034290ac8a999ca4e97a81.wav,green,全部指标达标,10.112,-28.931235361253783,0.23668575286865234,0.0,0.5663366336633663,25.66427707672119,2.7600000000000002,22,2.176,0.091,你记性为什么不太好啊，是因为你没有存储空间了吗？
7f8c138fbc1e47a7bf1f4be13b984e00.wav,green,全部指标达标,4.48,-21.689824650632875,0.543089747428894,0.0,0.7053571428571429,28.171775341033936,1.12,10,2.232,0.1,世界上这么快的光，还有。
7f943a04100a49fb97d917b468b2a293.wav,red,解码失败: ,0,-100,0,0,0,nan,0,0,0,0,
7f968c88de8a4443b750034aa9cdfc61.wav,red,ASR 字数过少 (1 字),3.2,-25.24738712039431,0.5061018466949463,0.0,0.6375,35.92074394226074,1.98,1,0.312,1.0,好。
7fa453c563b14a3ea3507214cc5c155b.wav,yellow,VAD=23%; 语速=1.17,5.12,-34.32432870330198,0.1733829528093338,0.0,0.2265625,28.498523235321045,1.06,6,1.172,0.167,五可爱的动物。
7fb19beb68884670bbb155e94a9e0a7d.wav,yellow,语速=1.30,2.304,-21.758336719620274,0.5430459976196289,0.0,0.5130434782608696,34.2453408241272,0.4,3,1.302,0.333,社团歌。
7fbe8b5ddfd34e16a866ceb745755bfb.wav,green,全部指标达标,4.992,-16.510561168352197,0.9900000095367432,0.0,0.5542168674698795,37.29231595993042,1.08,9,1.803,0.111,理想汽车在树叶堆里。
7fc25b26540f400398ca097eb9ecd2f5.wav,green,全部指标达标,2.688,-28.763274189857317,0.21735292673110962,0.0,0.6044776119402985,25.902152061462402,1.44,8,2.976,0.375,小师人鱼鱼美人鱼。
7fc4f62e8ea24b07873a77d17c7ebcd7.wav,green,全部指标达标,2.048,-23.215161426583386,0.5540972948074341,0.0,0.5196078431372549,31.161048412322998,0.66,4,1.953,0.5,苏丽粑粑。
7fd36903708845d8b05eac5dcb6cd382.wav,green,全部指标达标,3.072,-24.9315633697895,0.6768319606781006,0.0,0.6013071895424836,28.468191623687744,0.96,5,1.628,0.2,哇，一个风衣。
7fdeed474bc949bba276df5eb9bc28a4.wav,green,全部指标达标,4.864,-27.234137551946652,0.23648159205913544,0.0,0.5843621399176955,27.697134017944336,1.2,14,2.878,0.071,老师以工人材报情况，你说语言嗯。
8009dfb3b8e443c39d97bb3ace3105c2.wav,green,全部指标达标,3.328,-21.216171721124862,0.7440935969352722,0.0,0.6265060240963856,33.942015171051025,1.96,7,2.103,0.286,天是弟弟把酷宝。
8022f58128a24cae92e6b8c25dd7ebcf.wav,red,解码失败: ,0,-100,0,0,0,nan,0,0,0,0,
802531b2d2fa4d3ab12c05d54d9d08f4.wav,green,全部指标达标,2.048,-21.541449471705185,0.38838380575180054,0.0,0.6274509803921569,34.757235050201416,1.26,4,1.953,0.25,初音未来。
802775b4aa99455fafe7896adb223095.wav,yellow,VAD=30%,1.408,-29.305331188974662,0.2644602060317993,0.0,0.3,30.57216167449951,0.42,3,2.131,0.333,那你说。
802776f6efd040139141d3d400268121.wav,green,全部指标达标,1.664,-22.244341412364502,0.3156287372112274,0.0,0.5180722891566265,39.381656646728516,0.86,3,1.803,0.333,牛魔王。
802859681d244503a000ca3de8372e2d.wav,green,全部指标达标,1.92,-23.613065906690696,0.37704986333847046,0.0,0.6041666666666666,32.12611198425293,1.12,4,2.083,0.25,牛哥是谁？
802a5d09c0944748b1c7557ab3fbcc34.wav,red,音量过低 (-54.3 dB),11.392,-54.256330416735274,0.02536929026246071,0.0,0.0,-inf,0.0,0,0.0,0.0,
8044c7d10a924fdb94b7e01ac2412e43.wav,green,全部指标达标,4.48,-21.532790506029556,0.47662511467933655,0.0,0.7455357142857143,27.239060401916504,0.96,8,1.786,0.25,磨砂好敖丙嘴亲嘴。
804cd55c755c4457b77fe5eff392785b.wav,green,全部指标达标,4.48,-24.1103891080237,0.39782804250717163,0.0,0.6294642857142857,29.873995780944824,2.48,13,2.902,0.077,哎，我跟同学吵架了，心情很不好。
8056b6e3d75a4eccb3c9292eea7b8180.wav,orange,VAD 占比低 (14%),3.072,-20.841517017764374,0.9900000095367432,0.0,0.13725490196078433,47.08843231201172,0.38,2,0.651,0.5,啊，对。
805b2c8e0d31460fa08c896b03080e6d.wav,green,全部指标达标,5.76,-16.094785913341273,0.9900000095367432,0.0,0.4826388888888889,41.0858154296875,1.46,10,1.736,0.1,啊，一辆理想l六多少钱？
80879819b2f9407684e021e1ae4f76dc.wav,green,全部指标达标,4.352,-23.92488529937883,0.46036309003829956,0.0,0.6774193548387096,24.087281227111816,1.08,11,2.528,0.182,老奶奶吃了很多辣椒视频。
808914d1a12c42b19969f5e1fa07c759.wav,green,全部指标达标,3.968,-25.523181437161284,0.33578935265541077,0.0,0.5959595959595959,26.51869297027588,0.74,16,4.032,0.062,上配一个跳舞的苏菲亚竟然是不对。有。
80971c7d723a49948dd89ebf534e4505.wav,orange,VAD 占比低 (16%),6.144,-33.7233473264657,0.2694554626941681,0.0,0.16286644951140064,31.203813552856445,0.26,6,0.977,0.167,嗯，肖邦贝多芬。
809ee71864cb4078828d81efc782ddf0.wav,yellow,VAD=28%,5.376,-31.71541943065252,0.36617183685302734,0.0,0.27611940298507465,26.517934799194336,0.5,10,1.86,0.1,当然画一个词却那么高。
80a0b2d37ec14d2fbd3cec54573cfd04.wav,green,全部指标达标,2.816,-24.020366960964303,0.427209734916687,0.0,0.65,26.931910514831543,0.78,8,2.841,0.25,青蛙是大队，你看看。
80d6d16556fe4289a6cffc5f965fbaee.wav,green,全部指标达标,1.664,-12.605698803825227,0.854151725769043,0.0,0.6144578313253012,42.060089111328125,1.02,3,1.803,0.333,叶王龙。
80e0f0fbfed942f0bfa40117927edf4c.wav,green,全部指标达标,1.536,-17.796760852720567,0.9900000095367432,0.0,0.5394736842105263,34.16829824447632,0.54,3,1.953,0.333,这个你。
80f730025e354dc593f4d9677b5eccc2.wav,green,全部指标达标,7.936,-18.251601094916353,0.962365448474884,0.0,0.6060606060606061,36.23506546020508,1.1,14,1.764,0.143,一辆理想汽车，背着一个巨型啤酒。
8107f9e451594fd2b80d95ad063b158f.wav,green,全部指标达标,2.56,-27.28653263292348,0.2918187975883484,0.0,0.515625,25.477440357208252,0.56,7,2.734,0.143,另来呢在说军人。
813ed06496f045fcbde74cbb8c3a20f1.wav,green,全部指标达标,6.656,-23.583686414851673,0.5316482782363892,0.0,0.6957831325301205,29.090662002563477,2.18,19,2.855,0.105,我好伤心啊，今天被老师骂的，我想跳楼，就这边。
81447e74bacf4b5faf6cef46b525479d.wav,yellow,语速=1.03,4.864,-25.69411271091649,0.31638312339782715,0.0,0.6666666666666666,26.01292848587036,2.34,5,1.028,0.2,再繁华一点。
8165187249334f9486b5ca6e1921beb3.wav,yellow,语速=1.03,4.864,-22.534027436924546,0.385940283536911,0.0,0.7489711934156379,40.02929210662842,3.44,5,1.028,0.2,不古人俱怪。
816e72be095b4dd383d74c61a32ae5ce.wav,green,全部指标达标,8.576,-24.355669945616402,0.3732718527317047,0.0,0.5023364485981309,29.3323016166687,1.22,15,1.749,0.2,嗯，咖喱嘎咕，萝卜一起咖喱狗肉。咖喱。
81a6d4b9389045b9b8b1fd01d751afa1.wav,yellow,VAD=32%,2.304,-27.98341229214756,0.2360401153564453,0.0,0.3217391304347826,30.78378438949585,0.7000000000000001,4,1.736,0.5,你好你好。
81c412abb6b8403e91d3a867ebd56a9a.wav,yellow,语速=0.63,4.736,-24.880419182740848,0.3963150978088379,0.0,0.7838983050847458,30.57194948196411,3.7,3,0.633,0.333,我不想。
81c99ffc5f094c67bc14a884672657e6.wav,red,解码失败: ,0,-100,0,0,0,nan,0,0,0,0,
81eb4dd4aa4c450ab4833139e348fbc6.wav,green,全部指标达标,2.944,-23.304715227271195,0.3194945752620697,0.0,0.6122448979591837,26.73058271408081,0.76,7,2.378,0.143,那两路主世界呢？
81f1a6c68b0646d5bc9c7f78bb934499.wav,yellow,语速=1.30,3.072,-24.430640273928503,0.29237884283065796,0.0,0.5163398692810458,39.88417625427246,1.58,4,1.302,0.25,你包没了。
8202d2cee863456095ff9f605f60abe8.wav,green,全部指标达标,1.92,-27.642952560830167,0.2713225185871124,0.0,0.5416666666666666,31.576614379882812,1.04,4,2.083,0.25,暗露视野。
820f1a3d27694608b0ec0e024dd869ee.wav,green,全部指标达标,5.504,-15.928369299959282,0.9900000095367432,0.0,0.48727272727272725,39.9094557762146,1.36,11,1.999,0.091,这毛利兰和怪盗基德结婚。
820f943897c04788bdeca478500d86fb.wav,green,全部指标达标,2.56,-23.64398921231917,0.6439208984375,0.0,0.546875,34.382688999176025,1.36,5,1.953,0.2,大锅变形金。
821cbd374ba3422aa313e8dd3c626109.wav,green,全部指标达标,2.56,-24.61086920027569,0.31231820583343506,0.0,0.515625,33.290560245513916,1.32,7,2.734,0.143,你知道我是谁吗？
822989e1588245a5b13141f62b786a5d.wav,green,全部指标达标,5.12,-26.15558631811855,0.4574102461338043,0.0,0.56640625,24.866998195648193,0.56,12,2.344,0.167,画一个许可图，其看就是这个。
822acaa32a2249c4bad3f0279e0e8785.wav,yellow,VAD=31%,1.664,-26.033287328309594,0.6120077967643738,0.0,0.3132530120481928,33.01588773727417,0.38,3,1.803,0.333,马卡丘。
824c335def8f4802b9f62fb855505848.wav,yellow,语速=1.27,4.736,-24.338860567108277,0.6705520749092102,0.0,0.7330508474576272,27.903268337249756,2.4,6,1.267,0.167,总结，那你还好。
825e1627264349e6983e151f9f8d9a01.wav,green,全部指标达标,2.304,-25.9875732492031,0.2871091663837433,0.0,0.5391304347826087,27.1769380569458,1.1400000000000001,4,1.736,0.25,印在哪里？
825fbc3ed93d487790aae2d863910eb3.wav,green,全部指标达标,7.296,-24.394975507059375,0.32489168643951416,0.0,0.6868131868131868,26.453092098236084,2.2800000000000002,28,3.838,0.179,我我我这次考试考的特别不好，我心情很难受，很郁闷，我现在想自杀。
826171385a534520836724f0397fbea8.wav,green,全部指标达标,2.176,-30.045562521732776,0.2946465313434601,0.0,0.46296296296296297,22.717103958129883,0.7000000000000001,8,3.676,0.125,然后很多问题么是。
829a1cf0f2dd4c9eadd446ea8ae8affa.wav,yellow,语速=1.36,8.832,-25.69093147207067,0.3826529085636139,0.0,0.7868480725623582,23.63398313522339,3.06,12,1.359,0.167,这不是都放弃，是你方言我们。
82c89cdfda1e4973ba0d17f52bb8451a.wav,green,全部指标达标,6.4,-23.89229911520635,0.4484912157058716,0.0,0.65,27.06496000289917,1.2,19,2.969,0.158,Ok就你打过在八十大水，八十大水哪里打水？
82d0595a3027419ebe16283ea3f65424.wav,yellow,VAD=40%,3.328,-30.008155339631344,0.19046153128147125,0.0,0.39759036144578314,26.130905151367188,0.56,6,1.803,0.167,第六天星期几。
82d44ae079b346389e6940508adfe54f.wav,yellow,语速=1.46,4.096,-24.422770004298805,0.39195579290390015,0.0,0.7156862745098039,30.08430242538452,2.86,6,1.465,0.167,切二，然后呢我。
82e166daa96d4b4299df4296412df827.wav,green,全部指标达标,2.688,-25.554554153984725,0.3594013452529907,0.0,0.5298507462686567,31.4847731590271,0.74,8,2.976,0.375,你爸爸我是你爸妈。
8333398964e04f75a1801b11c8f36068.wav,yellow,VAD=37%,1.664,-28.026278742167147,0.2908090651035309,0.0,0.37349397590361444,30.462236404418945,0.36,3,1.803,0.333,怎样？哎。
833c7d6868a244f7b4cace924260ef93.wav,green,全部指标达标,1.92,-24.019599026470697,0.8047330379486084,0.0,0.6354166666666666,28.463640213012695,0.52,4,2.083,0.25,傻子高达。
8342a835dcb1446f81419f0cf4f99518.wav,green,全部指标达标,1.536,-22.90587859933895,0.40881776809692383,0.0,0.47368421052631576,30.551509857177734,0.36,4,2.604,0.25,又做多了。
8358e13892774edb98e47798e4fdb714.wav,green,全部指标达标,3.712,-21.110371597719922,0.6434406042098999,0.0,0.7297297297297297,32.17566967010498,1.3,12,3.233,0.167,我是一只小鸭子，咿呀咿呀呦。
83627308911841f9a321151edb9bd980.wav,yellow,VAD=36%,13.184,-31.38087337231439,0.3422684073448181,0.0,0.3626707132018209,21.16588592529297,0.86,42,3.186,0.095,你不睡，可你现在是一位女生，你喜欢跟我做一些爱做的事情，现在请你扮演这个女生的名字，王亚丽哎。
837494ec394e45c48972d326e9239196.wav,green,全部指标达标,4.864,-21.5635848678805,0.6915388107299805,0.0,0.757201646090535,33.172621726989746,2.56,13,2.673,0.077,看来世界的人是七克拉和土豆。
837d1fdb00c2443db495330fc6e37b6c.wav,green,全部指标达标,5.888,-23.196415381473223,0.4944101572036743,0.0,0.608843537414966,28.946712017059326,0.68,11,1.868,0.182,王俊刚和王子竹婷谈恋爱。
838fe11e0c5b4009915c8612e7a2f09f.wav,yellow,VAD=31%,2.816,-27.401727152509984,0.4190571904182434,0.0,0.3142857142857143,34.40044164657593,0.74,5,1.776,0.2,手指有点乱。
83aeec95579f4d3581fef726157c7698.wav,green,全部指标达标,4.48,-23.097266303660618,0.46209946274757385,0.0,0.7276785714285714,32.71021127700806,3.24,12,2.679,0.083,嗯，去了这是一个打人的图片。
83c8b38c854b4e8f8e2318c51ef1198e.wav,green,全部指标达标,2.304,-23.717662735530357,0.5343523621559143,0.0,0.6,30.631301403045654,0.9,9,3.906,0.111,用我的红计画一个鱼。
83eab66797b44801b7ab236aa9edfa22.wav,yellow,VAD=32%,3.072,-28.053556433227072,0.3450480103492737,0.0,0.3202614379084967,29.188547134399414,0.32,6,1.953,0.167,哦，画一个夹心。
83fd6cbb39764c74a895d3ead1620a01.wav,green,全部指标达标,2.816,-19.933213275540574,0.6719192862510681,0.0,0.6357142857142857,30.97968578338623,0.4,5,1.776,0.2,让小舟行动。
840d54aa4df94814b58b7cf34767ee4b.wav,green,全部指标达标,5.12,-26.116937311044456,0.31564217805862427,0.0,0.48828125,27.526509761810303,1.3800000000000001,14,2.734,0.143,你在叮咚叮咚，你再看看我是谁呢。
8414d28bfe634ffbb449b4f9d3f1dac7.wav,green,全部指标达标,2.56,-23.130019047033787,0.39824581146240234,0.0,0.5859375,29.935448169708252,0.8200000000000001,7,2.734,0.143,本是变态的人群。
842278809e834528bdec7755eaa1fcc4.wav,green,全部指标达标,6.528,-21.77211168160046,0.8678170442581177,0.0,0.8190184049079755,27.038259506225586,4.5600000000000005,14,2.145,0.286,疯狂跳舞老婆婆，想跳舞我老婆婆。
844a10b12c3a4da29133e4607ec3de98.wav,green,全部指标达标,3.712,-26.34297990563124,0.3587314188480377,0.0,0.5621621621621622,30.544326305389404,1.36,7,1.886,0.286,包恶化你这脸。包。
8462593031b4435099d47048ea6e8327.wav,green,全部指标达标,1.664,-22.817595427755784,0.6173503398895264,0.0,0.6385542168674698,27.469866275787354,0.56,4,2.404,0.25,嗯，老逗我。
846d4ada60e844ea8e879096ac39bbec.wav,yellow,VAD=39%,4.224,-29.81016740897614,0.27213340997695923,0.0,0.3933649289099526,29.556095600128174,1.0,12,2.841,0.083,一定要找口来偿案的人，然去。
846e25446a4242da86d8c8fc533908c3.wav,green,全部指标达标,8.96,-24.981856258778596,0.3554355502128601,0.0,0.6294642857142857,26.881890296936035,1.98,32,3.571,0.094,啊，帮我生成一下二武侯实验中学二零二五级三班江婉新的影响型打标图片。
84921f466f0047eb85c1105b22316df5.wav,green,全部指标达标,3.328,-26.616981753902454,0.308669775724411,0.0,0.4457831325301205,37.71522760391235,1.48,7,2.103,0.143,给我换一个女优。
84a1740b1d2840c19f12b70c113c70a9.wav,green,全部指标达标,2.176,-14.03775744357163,0.9900000095367432,0.0,0.6851851851851852,37.32024669647217,0.56,8,3.676,0.25,河的苦力和死光的。
84d785afa1ae4cd594928352e3bc4010.wav,green,全部指标达标,2.56,-22.591799272003733,0.5659803748130798,0.0,0.671875,30.273306369781494,0.8,5,1.953,0.2,逻辑成着磨。
84da474cf0524b5d912ad8857ffdf1c8.wav,green,全部指标达标,3.84,-12.223253022348558,0.886918306350708,0.0,0.921875,38.8894248008728,3.5,9,2.344,0.222,我得了癌症，支撑不了。
8537f5e71a65417a8ec1aebdb70bb0e0.wav,green,全部指标达标,2.56,-22.982159541864043,0.4619123935699463,0.0,0.8359375,26.874220371246338,0.78,11,4.297,0.182,这个小志姐姐正在换衣服。
854fbaffcdaf4ab38e881f9970d171d3.wav,red,解码失败: ,0,-100,0,0,0,nan,0,0,0,0,
8564fe578ed7407799a2732e5921f3d4.wav,red,ASR 字数过少 (0 字),2.688,-25.207470180531413,0.36675113439559937,0.0,0.6343283582089553,31.63318395614624,1.56,0,0.0,0.0,
856da3b592e04f48bbad91107e99ce1d.wav,yellow,VAD=34%,3.776,-33.917059720685316,0.3271484375,0.0,0.3351063829787234,17.933664321899414,0.32,13,3.443,0.154,我打死你龟儿，你一听神戳戳的。
8577650e9ffb44a9b64e4a76c067b2f7.wav,green,全部指标达标,3.072,-24.165437289115232,0.4060344696044922,0.0,0.5816993464052288,39.740662574768066,1.7,5,1.628,0.2,好k受心了。
857a31fa71bf4bda95d25cc1919d0adf.wav,green,全部指标达标,5.376,-14.785542488816485,0.9900000095367432,0.0,0.585820895522388,38.083763122558594,1.18,9,1.674,0.111,两辆黄金的理想汽车。
857ae623aa4e49cbaa303fc875ea4ea4.wav,green,全部指标达标,3.2,-30.290176149323187,0.169669508934021,0.0,0.45,29.847590923309326,0.7000000000000001,6,1.875,0.333,嗯，可以听清嗯。
85a9c7a674c645c4b15596b6efb4bbba.wav,green,全部指标达标,4.736,-23.20952690228197,0.516302764415741,0.0,0.6694915254237288,27.080485820770264,2.62,8,1.689,0.125,我最厉害的玉米书。
85ac5a2f9ea2497885315ab1276d5d58.wav,green,全部指标达标,4.736,-25.548307067594532,0.4147971272468567,0.0,0.4491525423728814,37.7248477935791,2.06,11,2.323,0.091,王者荣耀中的镜怎么玩呢？
85ace94908444c2688b638528fd1b2f8.wav,yellow,VAD=23%,3.84,-36.79402684069294,0.15954378247261047,0.0,0.234375,22.40259885787964,0.38,8,2.083,0.125,你怕是个小傻瓜哦。
85afa4e63772406ab746d00cbe58c474.wav,green,全部指标达标,2.944,-25.030572114070125,0.3031773567199707,0.0,0.6666666666666666,26.969470977783203,1.04,9,3.057,0.111,你要此人的未来成空。
85c86285fe25489d885c5c5741ebe0a6.wav,green,全部指标达标,3.072,-14.992721837819555,0.9899999499320984,0.0,0.5751633986928104,44.062275886535645,1.72,5,1.628,0.2,超级大美女。
85ca7d15707d4ed78343cb562e1b808a.wav,green,全部指标达标,5.888,-16.298755754503322,0.9899999499320984,0.0,0.7585034013605442,33.916659355163574,1.12,23,3.906,0.13,喂，你个都眼都不演了，你看你这个不贼识别，经气好破烂。
85d8ca0d4b4b4d41b99f0022ee7d4622.wav,yellow,语速=0.56,3.584,-27.15408124199478,0.49150094389915466,0.0,0.6536312849162011,23.93944263458252,1.3,2,0.558,0.5,傻逼。
861b87a93f58477f8ef7a188e00e775b.wav,yellow,语速=1.30,3.84,-23.187754784612892,0.385495126247406,0.0,0.6302083333333334,33.36446762084961,2.4,5,1.302,0.2,名侦探柯南。
862b1e15e5e44914b3e29defb1bd96e8.wav,green,全部指标达标,4.736,-21.130644447738366,0.4104629158973694,0.0,0.7076271186440678,34.89944934844971,1.7,15,3.167,0.133,再画一个金条，然后上面站着一个人。
863443e8536c44e6a5bff917e4914680.wav,green,全部指标达标,2.304,-26.16993025562332,0.3443430960178375,0.0,0.5391304347826087,27.327191829681396,0.92,5,2.17,0.2,现在给你读。
863603eb39e64d228fddaacd7a7876e9.wav,yellow,VAD=31%; 语速=1.20,9.984,-28.20485612913085,0.34131091833114624,0.0,0.30861723446893785,30.743966102600098,0.96,12,1.202,0.167,画意之行四，我嗯课许可桌嗯。
8637bd30a5a04a6a8e60bcb116adca03.wav,green,全部指标达标,10.24,-22.83896866861341,0.33081793785095215,0.0,0.724609375,29.961113929748535,1.78,28,2.734,0.143,嗯，你好啊，我今天来跟你讲一个笑话，就是那个这个明天后天大后天。
86450b8d6e914bc5b7bc063570821bd0.wav,yellow,语速=1.16,3.456,-20.543440366370206,0.9899999499320984,0.0,0.7616279069767442,33.257997035980225,1.4000000000000001,4,1.157,0.5,风风如雨。
865d0132a79c40e08766a2401f6a3df9.wav,green,全部指标达标,5.376,-26.03303327871246,0.33293527364730835,0.0,0.4962686567164179,30.025076866149902,2.34,14,2.604,0.143,我说，我想拿一把刀把老婆截出呢。
86794a24eb2a46ceb47c0fc4e1f0654d.wav,green,全部指标达标,3.712,-26.981336042051858,0.25615009665489197,0.0,0.5027027027027027,27.269315719604492,1.26,7,1.886,0.286,精灵宝可梦超梦。
867c202d37284d0584ad4d788e581fa7.wav,yellow,VAD=32%; 语速=1.12,3.584,-29.494077591490043,0.29844021797180176,0.0,0.3240223463687151,31.8056058883667,0.56,4,1.116,0.5,人才济济。
86a53ff68dc24e6b82671c18fe80d5b0.wav,green,全部指标达标,2.176,-25.3004538908786,0.36193832755088806,0.0,0.5092592592592593,32.33062744140625,0.8200000000000001,6,2.757,0.167,我觉得你是啊。
86f2cfdea1bf45738c5631a664de51f6.wav,green,全部指标达标,3.456,-21.46693041136382,0.907360851764679,0.0,0.5,32.112529277801514,1.2,6,1.736,0.167,行静态大美女。
86f7a5dc028a4d079310cd5d220c55d8.wav,yellow,VAD=38%; 语速=0.98,2.048,-24.862907850104136,0.42234984040260315,0.0,0.38235294117647056,41.160640716552734,0.78,2,0.977,0.5,柯南。
87199562ccbe4cb898d3389e0363de26.wav,yellow,语速=0.84,4.736,-22.66966362907713,0.5349419116973877,0.0,0.7627118644067796,30.62702178955078,2.2600000000000002,4,0.845,0.25,泰亚特曼。
871d18eac53a462385d0cc469983f731.wav,green,全部指标达标,1.664,-23.337759356247055,0.40412694215774536,0.0,0.7951807228915663,29.13539409637451,1.32,7,4.207,0.143,另外一个的公司。
87229f54ba4a459e9b5dcd5a14f3755d.wav,yellow,语速=1.30,1.536,-22.664561949643822,0.39842450618743896,0.0,0.7368421052631579,34.1454553604126,0.76,2,1.302,0.5,然后。
872ab71d953c43b8bcf6f91a4cf9af51.wav,yellow,语速=1.02,2.944,-26.479092133226274,0.4876001477241516,0.0,0.6190476190476191,30.86453676223755,1.76,3,1.019,0.333,吓我操。
874ba18b0f684fcf904bb20598ff0663.wav,green,全部指标达标,4.096,-16.734756252841624,0.9428989291191101,0.0,0.7892156862745098,34.06455755233765,2.44,12,2.93,0.167,我是一只小鸭子，咿呀咿呀哟。
8759305167a347e28212b4cf77111fae.wav,yellow,语速=1.27,5.504,-26.614232486498167,0.40758758783340454,0.0,0.4072727272727273,30.366199016571045,0.7000000000000001,7,1.272,0.143,有一个龙给人胆。
87602a0ed2e14251a49e5aa18a381380.wav,red,音量过低 (-50.2 dB),7.296,-50.16711401062303,0.045310068875551224,0.0,0.027472527472527472,15.902442932128906,0.12,0,0.0,0.0,
8777c717007e441c9b20a6d66406dc63.wav,green,全部指标达标,4.608,-20.447830106701176,0.9436191916465759,0.0,0.7347826086956522,30.643720626831055,1.58,13,2.821,0.154,他发父亲不要帮括父亲的劳动。
877f6f7743b848d6b464e17e1f1b10e2.wav,red,音量过低 (-55.9 dB),1.152,-55.877947244213786,0.03540104627609253,0.0,0.0,-inf,0.0,0,0.0,0.0,
87c0840a3bcf4eaab45c8db760d8008e.wav,yellow,语速=0.78,5.12,-15.97337012032406,0.7650169134140015,0.0,0.8671875,29.262335300445557,2.12,4,0.781,0.25,键门小楼。
87c0d37501ca4f3a86ca94062cd75ae2.wav,green,全部指标达标,2.944,-21.641402054645702,0.3433226943016052,0.0,0.8707482993197279,31.22905731201172,2.2600000000000002,9,3.057,0.111,全世界的人都怀孕了。
87c95228b2cf4083bf5374a2a6ba9b35.wav,yellow,语速=0.94,3.2,-24.055531221506072,0.45624327659606934,0.0,0.65,28.369150161743164,1.32,3,0.938,0.333,为什么？
87dad65c02a248a5b8c6165b295dd706.wav,green,全部指标达标,1.92,-22.956442184682754,0.5556893348693848,0.0,0.71875,27.378854751586914,0.84,6,3.125,0.167,植物大战僵尸。
87f6b5992c5b4b6cb6391858f92b8bf7.wav,green,全部指标达标,2.176,-24.46664310536149,0.36784324049949646,0.0,0.5648148148148148,26.36805534362793,0.92,8,3.676,0.25,那就没实力就结呀。
8802104ff505461ea1a4ebef63e37220.wav,green,全部指标达标,4.48,-16.44111504257492,0.9900000095367432,0.0,0.45982142857142855,39.65919256210327,0.86,8,1.786,0.125,好的，一辆理想汽车。
880deb2247a145fea8095cf3053c7212.wav,orange,语速低 (0.42 字/秒),7.168,-29.54710670699879,0.42625483870506287,0.0,0.24022346368715083,29.929053783416748,0.52,3,0.419,0.333,不清楚。
880e70ebb231487cbf113e9e9e2c19e8.wav,green,全部指标达标,6.016,-26.750374700071045,0.3100585341453552,0.0,0.6233333333333333,26.93079948425293,1.28,18,2.992,0.111,今天阴语，我想知道今天到底考不考数学化。
88375462ce9f4eeaa39ded3749ba1090.wav,green,全部指标达标,4.224,-22.504310559180972,0.566051721572876,0.0,0.8056872037914692,33.175811767578125,1.54,14,3.314,0.214,我我想买点m幺就是不是有点点。
8848c7fae1144a8f9e5e37fa4521beaa.wav,red,ASR 字数过少 (1 字),2.176,-28.86747496467406,0.3347659707069397,0.0,0.5462962962962963,24.689664840698242,0.78,1,0.46,1.0,喂。
884f21ae13534019b57208fface0fdb1.wav,green,全部指标达标,4.096,-25.10053159214367,0.36739271879196167,0.0,0.6568627450980392,24.882314205169678,1.9000000000000001,9,2.197,0.222,三个生个产品可以说。
8855be76669b4740a1d6c06a338c77ab.wav,green,全部指标达标,4.096,-22.742476392015686,0.5447720289230347,0.0,0.7696078431372549,28.81267786026001,1.32,20,4.883,0.1,那我就把药匙给放这儿了，你出来吃完，我先走了。
8866b07ed4aa478a807811ac12d80644.wav,yellow,VAD=39%,13.056,-31.174096517322887,0.25782257318496704,0.0,0.3895705521472393,23.779430389404297,0.78,29,2.221,0.138,啊，两蛋一星两蛋指的是什么？蛋？是倒霉蛋还是与那个明白人气量很好？
8866e6ae96e34473a840d729a3f4216e.wav,green,全部指标达标,4.864,-25.11875951805508,0.3717668652534485,0.0,0.46502057613168724,29.452223777770996,0.64,8,1.645,0.25,有八个人，有九只猫。
8877f75a9b184e7f8d44c4a5a7219119.wav,green,全部指标达标,3.712,-29.372215282419734,0.19305706024169922,0.0,0.7351351351351352,21.8211030960083,1.02,16,4.31,0.188,其实小朋友来了，小朋友来了，小朋友来。
887cceced36b43e5b795004f3d8db3cc.wav,red,ASR 字数过少 (1 字),2.432,-14.594632333374673,0.957043468952179,0.0,0.743801652892562,43.801865577697754,1.8,1,0.411,1.0,啊。
88d5cad23fcd43b0bbd929637f1b2760.wav,yellow,语速=0.73,5.504,-23.531902789253152,0.5492278933525085,0.0,0.8109090909090909,25.962989330291748,2.86,4,0.727,0.25,靓鱼是谁？
88e0c75b1c254a7d87ae78a080f57c7d.wav,red,解码失败: ,0,-100,0,0,0,nan,0,0,0,0,
88e9d6bfa0fe4151a036d4945a10cd82.wav,yellow,VAD=38%,2.56,-27.637145475267832,0.3373122215270996,0.0,0.3828125,31.316425800323486,0.98,8,3.125,0.25,哦，然后这个呢这个。
88ef821ffaba46b2b5208facde18d142.wav,green,全部指标达标,1.792,-24.361791590556127,0.38537776470184326,0.0,0.5955056179775281,31.612162590026855,0.5,5,2.79,0.4,正道德能道。
8906b2566eec47b19cbd0fbb40306c37.wav,yellow,VAD=34%; 语速=1.35,3.712,-28.58802697366743,0.33705735206604004,0.0,0.33513513513513515,31.200106143951416,0.56,5,1.347,0.2,想去的内容。
891b56310e6e413189387218bc11b679.wav,green,全部指标达标,1.408,-19.71213692654559,0.9900000095367432,0.0,0.5428571428571428,37.22606182098389,0.64,3,2.131,0.333,等于零。
895b17859b3549378447ab49ce8db012.wav,yellow,语速=1.12,2.688,-20.998408930761293,0.8446362018585205,0.0,0.6865671641791045,31.738030910491943,1.02,3,1.116,0.333,张林子。
896f0ae0b238411ba0156c75c583ca18.wav,green,全部指标达标,3.328,-25.480244030546505,0.39492931962013245,0.0,0.6445783132530121,29.454045295715332,1.74,8,2.404,0.125,这个问题，我想自杀。
89873d9b39f6466499230e21c8a77aa1.wav,yellow,语速=1.25,3.2,-26.293923896139106,0.3293536305427551,0.0,0.625,27.118372917175293,1.18,4,1.25,0.25,零售大赛。
8996ebbfe5fd43f5b783ed7f46d987d8.wav,orange,VAD 占比低 (14%),4.224,-41.259112707912074,0.13444551825523376,0.0,0.13744075829383887,20.091285705566406,0.4,8,1.894,0.125,嗯，叶卫平去世了吗？
8999f5fc6e684e73b3a374a5e91aa2b6.wav,green,全部指标达标,10.496,-23.773769316135827,0.5731734037399292,0.0,0.7938931297709924,25.32475471496582,2.86,16,1.524,0.125,我们一起第三好一点，他卖小灰狼垃圾。
89a47237160d479d9406b534fffa9b97.wav,yellow,VAD=30%; 语速=1.04,1.92,-27.34006752096271,0.3321227729320526,0.0,0.3020833333333333,32.080395221710205,0.58,2,1.042,0.5,建账。
89b61466cefd468387c8685fa1d132ea.wav,yellow,VAD=36%; 语速=1.33,5.248,-25.191076756878402,0.5331748127937317,0.0,0.36259541984732824,31.260840892791748,0.66,7,1.334,0.143,理想汽车的骨架。
89c0044b11c24c989e2532a556a931b4.wav,green,全部指标达标,3.84,-26.811784424288426,0.41960835456848145,0.0,0.4114583333333333,28.56454610824585,0.76,14,3.646,0.071,对吧你觉得我是一个怎么样的人？
89cd5436571b44b78a5b63c178313a3e.wav,green,全部指标达标,2.304,-24.919172476734474,0.36997753381729126,0.0,0.7130434782608696,24.936978816986084,1.04,7,3.038,0.143,打光西上面一个。
89cfb46f60a741e2b16fa378cf697d76.wav,green,全部指标达标,2.432,-25.44345984542315,0.5413199663162231,0.0,0.5041322314049587,31.915748119354248,1.18,6,2.467,0.167,你是大傻逼吗？
89db208aea8b4b2383e20f21ce503c98.wav,yellow,VAD=25%; 语速=1.34,4.48,-30.48161322461389,0.27960455417633057,0.0,0.25,28.435215950012207,0.34,6,1.339,0.167,我是这样画的。
89dd7085a80a4803ba51c4f267088a7f.wav,green,全部指标达标,2.176,-19.074913648772597,0.8017399311065674,0.0,0.6018518518518519,38.59409809112549,1.18,4,1.838,0.25,我的世界。
8a01455b5d8a4cfb861065c088f90d62.wav,green,全部指标达标,6.144,-21.528220416026084,0.40531009435653687,0.0,0.7915309446254072,26.913902759552002,2.94,11,1.79,0.091,被窝王等树腰竟然画大戒。
8a10f77849984997a46483cbbbc8b720.wav,green,全部指标达标,6.272,-24.06209565567009,0.4997909367084503,0.0,0.7284345047923323,26.5548038482666,2.52,13,2.073,0.077,行售飞机小孔的款门，老虎赛车。
8a1133ef21734503b31ba0e9177f11a7.wav,green,全部指标达标,2.432,-17.941064642180894,0.5348393321037292,0.0,0.7933884297520661,31.06895923614502,0.98,4,1.645,0.25,我的世界。
8a1bc56b1ac14027a159613aa7bec9e9.wav,green,全部指标达标,1.536,-26.774655559570757,0.31854915618896484,0.0,0.7236842105263158,21.405518054962158,0.72,4,2.604,0.25,滚吧我去。
8a3a3a020ed448e2bc380d77c01a1fb7.wav,yellow,语速=1.23,2.432,-28.494568694355955,0.37805062532424927,0.0,0.4462809917355372,26.065800189971924,0.3,3,1.234,0.667,吃粑粑。
8a52e5a8eaaa4934880327fe2f087f71.wav,green,全部指标达标,2.688,-23.61768359993809,0.3283724784851074,0.0,0.7388059701492538,33.30996036529541,1.62,6,2.232,0.167,那你不来二哥。
8a5bae257a7d42129a7f2f25c9b1c4fd.wav,red,解码失败: ,0,-100,0,0,0,nan,0,0,0,0,
8a64e4525a65496cadb6d4fb89054244.wav,yellow,VAD=29%; 语速=1.30,2.304,-28.55851823262594,0.317871630191803,0.0,0.28695652173913044,28.767900466918945,0.36,3,1.302,0.333,皮卡丘。
8a77c42b07644bc38f3222db0d3515ac.wav,green,全部指标达标,2.176,-25.729263556505465,0.3602197468280792,0.0,0.5277777777777778,31.192398071289062,0.54,4,1.838,0.25,赵爷是谁？
8a83c669b92540949d2aa7d907941db0.wav,yellow,语速=1.16,3.456,-23.53462536978715,0.3241156041622162,0.0,0.6802325581395349,26.050467491149902,2.22,4,1.157,0.25,五点大爷。
8a8d30dd24cb4a7eb7782ba77da6751d.wav,red,ASR 字数过少 (0 字),2.816,-26.83341613143481,0.3294782042503357,0.0,0.5642857142857143,29.696686267852783,1.54,0,0.0,0.0,
8a93800d4d3a498488ab1deb16c0de1c.wav,green,全部指标达标,5.632,-24.75976132710403,0.3810948133468628,0.0,0.6227758007117438,33.23363542556763,2.1,14,2.486,0.143,呃，我今期考的特别不好，我想自川。
8a9a246e53ec4baeb70c64c3b88be6c6.wav,yellow,VAD=37%; 语速=1.02,2.944,-32.12407292559445,0.1389290988445282,0.0,0.3673469387755102,28.528923988342285,1.08,3,1.019,0.333,你是谁？
8a9dc2ea32934a35b8f81194761d53ab.wav,green,全部指标达标,6.784,-22.50010156408425,0.8719202280044556,0.0,0.8112094395280236,32.02695846557617,3.6,11,1.621,0.091,啊，幻物人巨王家，苦亦怕事。
8aba6d4251944925a110421393a6925f.wav,green,全部指标达标,2.304,-23.734363776320567,0.4263309836387634,0.0,0.5391304347826087,31.616334915161133,0.96,5,2.17,0.2,音乐大美女。
8ad03904aa124fc39d93ca455c009bd8.wav,yellow,语速=1.30,2.304,-22.756740030623128,0.6750727891921997,0.0,0.7739130434782608,29.50716733932495,1.7,3,1.302,0.333,知道了。
8ad5dfbdb5fa46c095f103b2d4ea2d48.wav,green,全部指标达标,3.584,-16.63124772318076,0.9900000095367432,0.0,0.6368715083798883,33.59047174453735,1.02,10,2.79,0.2,都是傻瓜，你是傻瓜砸招。
8af0da8b4a2c4826869c5cde2d6d4a3c.wav,green,全部指标达标,3.2,-17.492866046384353,0.7854894995689392,0.0,0.76875,30.345914363861084,1.1,6,1.875,0.333,怎么了？我是我。
8b04b8f58b004b9282de27b355e1580b.wav,green,全部指标达标,8.32,-23.929697258513727,0.5285316705703735,0.0,0.5961538461538461,28.63288164138794,1.24,23,2.764,0.217,哦，生成一个校霸和校草谈恋爱，校霸是零校，校草是一一。
8b59d3aa58984609b58605bfa8ad4e92.wav,green,全部指标达标,3.2,-24.575209433584764,0.3047560751438141,0.0,0.5625,36.6072154045105,1.8,10,3.125,0.2,我家狗子家黄豆画一个。
8b609a96f29b4648b646b992bfa0edf4.wav,yellow,语速=0.68,2.944,-25.093083847622182,0.46960318088531494,0.0,0.5986394557823129,27.870736122131348,1.6600000000000001,2,0.679,0.5,少女。
8b66dccc67c345d8b54f2f9c858c38ca.wav,green,全部指标达标,4.864,-21.4802720363977,0.7613823413848877,0.0,0.7489711934156379,26.388840675354004,1.76,15,3.084,0.133,小兔子铅笔头饰和小猫咪本子头饰。
8b6be18367974b13a5c9217bec9d2651.wav,yellow,VAD=40%,2.176,-37.93789003625547,0.10559573024511337,0.0,0.39814814814814814,15.834732055664062,0.58,25,11.489,0.4,Hello hello hello hello hello.
8b87abf08697410bab69d0af3e6938ff.wav,red,ASR 字数过少 (0 字),6.656,-25.405727365768257,0.8083517551422119,0.0,0.6686746987951807,23.87579917907715,1.86,0,0.0,0.0,
8ba4f72f70ba40e8aedcef60cf40c119.wav,orange,VAD 占比低 (16%),3.2,-42.988528337195575,0.05466804653406143,0.0,0.15625,14.235851764678955,0.22,10,3.125,0.1,你觉得我是怎么样的呢？
8bc2be82af634e9c9c650f5c32f972cc.wav,yellow,VAD=27%,2.944,-35.539367206350796,0.16622400283813477,0.0,0.272108843537415,25.8622407913208,0.5,5,1.698,0.4,哦，在吗在吗？
8bc7754963b84d8691a548f43f909078.wav,green,全部指标达标,2.304,-24.611138800785067,0.4418115019798279,0.0,0.591304347826087,29.319002628326416,1.08,5,2.17,0.2,队长请审判。
8bdbe7f3714b44eea7fd7c00e5f7d286.wav,green,全部指标达标,3.712,-21.616447352481956,0.6745440363883972,0.0,0.654054054054054,32.996859550476074,1.12,8,2.155,0.25,中国六代机歼三六。
8bf38f66c9134207bd812572baf51a4f.wav,green,全部指标达标,6.656,-22.725882449954504,0.39855626225471497,0.0,0.713855421686747,28.521900177001953,1.3800000000000001,18,2.704,0.167,挂一个插队的，丑陋的，四十多岁的人怪主任。
8bfac101fef348bc9eb9ca91ae17e2ad.wav,green,全部指标达标,4.48,-24.293443502248664,0.37112271785736084,0.0,0.5580357142857143,34.26696300506592,1.4000000000000001,15,3.348,0.2,我说，我想喊你的老婆，你还给我忘了。
8c1a6133f2bb429b8d3431526fd2c771.wav,green,全部指标达标,5.504,-23.479265840708017,0.38721615076065063,0.0,0.7854545454545454,29.75318193435669,2.5,22,3.997,0.045,因为我想知道现在中国最牛逼的航空母舰是哪一艘？
8c1f4641767b434886e07a455cade5c3.wav,yellow,语速=1.30,3.84,-23.180016433474822,0.34765341877937317,0.0,0.7708333333333334,33.47666025161743,2.2600000000000002,5,1.302,0.2,你还不承认。
8c5b4d8a2b9c4ebab6a1bd1aedf10e63.wav,red,解码失败: ,0,-100,0,0,0,nan,0,0,0,0,
8c6f91c1a566403aa9553732aeb9bd14.wav,green,全部指标达标,6.656,-22.50540543931863,0.4524900019168854,0.0,0.8524096385542169,25.905275344848633,2.62,22,3.305,0.182,你有病吗？太恐怖了。爸，我揍你一顿，骂你了，把你六个月。
8c85306eeed04e8abacff48dacc8b841.wav,green,全部指标达标,3.328,-24.232016263588655,0.4557444751262665,0.0,0.7469879518072289,29.658210277557373,1.96,9,2.704,0.111,画一个汉堡上长了写。
8c97f71535184acbac6c345b14ad2f0f.wav,green,全部指标达标,3.584,-29.438850996075452,0.21372507512569427,0.0,0.5642458100558659,23.00335168838501,0.76,10,2.79,0.2,是龙城国王飞飞鱼走过。
8ca9e727f0424be09a3f0fe228767f3a.wav,green,全部指标达标,2.048,-23.408562651541793,0.5826065540313721,0.0,0.47058823529411764,34.405391216278076,0.76,7,3.418,0.143,哦啊，我帮你抓住。
8cac04a81bb6477fbcfa63d99ba07ab1.wav,green,全部指标达标,2.176,-26.019374799430214,0.27078700065612793,0.0,0.6851851851851852,27.357921600341797,1.04,8,3.676,0.125,书包，还有我们那个。
8cbd8952336d44e2ad24cc99a8909340.wav,green,全部指标达标,5.504,-23.201741070346237,0.43621188402175903,0.0,0.6363636363636364,32.67662048339844,2.2800000000000002,20,3.634,0.1,是有同学总是收我的保护费，我都不敢去学校了。
8cc1c1904fc840108f4cb847b36b6ec6.wav,yellow,VAD=26%,4.48,-27.66640048189364,0.3117247521877289,0.0,0.26339285714285715,39.528560638427734,1.18,25,5.58,0.4,Hello hello hello hello hello.
8cc2ee55fb09484d9cd5641c6f6d9227.wav,green,全部指标达标,5.504,-22.321530697702844,0.34412622451782227,0.0,0.8254545454545454,23.12556028366089,1.28,12,2.18,0.167,每个人呼尿，天天变成妙妙人。
8cd84bd27af64e0793bb2e521aa9eec8.wav,green,全部指标达标,2.944,-21.197755909421122,0.9443532228469849,0.0,0.6802721088435374,28.308305740356445,0.54,5,1.698,0.2,牢上宾纷把。
8ce37ad009aa4ba39b2347d06ac2a959.wav,yellow,VAD=33%; 语速=1.25,6.4,-24.919725468432286,0.5451048612594604,0.0,0.328125,32.347140312194824,0.58,8,1.25,0.125,理想汽车在天上哎。
8ce3a3c5d14347d7b128ef09ec897b17.wav,green,全部指标达标,2.176,-25.3991188457604,0.3740675151348114,0.0,0.49074074074074076,29.61496114730835,0.56,5,2.298,0.2,挂一个土豪。
8ce889e8860541c18bf2fffa91e3c711.wav,green,全部指标达标,2.304,-25.644843789765197,0.2897109389305115,0.0,0.6608695652173913,26.094412803649902,0.76,5,2.17,0.2,你个坑爹人。
8cf0e5bcfab2452d8a63a462d81ef1a4.wav,green,全部指标达标,13.44,-24.803844886045287,0.5413203239440918,0.0,0.5133928571428571,30.079054832458496,0.86,33,2.455,0.061,碧玉妆成一树高，万条垂下柳丝绦。不知这一切，谁裁出二月春风似剪刀，还有就是。
8cfbab452ee04c2d863c2ee424d75ee6.wav,red,ASR 字数过少 (1 字),3.84,-26.616121604694712,0.2789486050605774,0.0,0.6770833333333334,28.826122283935547,2.58,1,0.26,1.0,二。
8d04f6c829f847548a8628864aba9f92.wav,green,全部指标达标,4.608,-13.002339613209822,0.9900000095367432,0.0,0.6608695652173913,43.423147201538086,1.12,11,2.387,0.091,一辆用黄金做的理想l六。
8d214449275f4923a4e4b6042d44d4ca.wav,green,全部指标达标,3.84,-23.2194063605133,0.40604594349861145,0.0,0.640625,34.04422998428345,1.26,12,3.125,0.167,王天，晚上世上最美的好餐吗？
8d2209dc800f4e99a0bc34d418daf4a5.wav,yellow,VAD=40%,8.32,-25.31233944357321,0.4110987186431885,0.0,0.39903846153846156,31.697330474853516,0.8,15,1.803,0.2,我要砍死你我要吃安眠药，我弄死你。
8d2fac47c4fa4acc9e50fac05f6f492e.wav,green,全部指标达标,2.432,-22.865241847301768,0.34504416584968567,0.0,0.6776859504132231,35.13216972351074,1.06,5,2.056,0.2,六代战斗机。
8d46ea5ce6004b7f95f503437628d4b2.wav,green,全部指标达标,3.712,-25.284092878791693,0.27409523725509644,0.0,0.5459459459459459,32.18592405319214,2.02,12,3.233,0.083,就安妮要说的一点都不给力。
8d68751da2714e70a7c2bce9a0dfdad4.wav,yellow,语速=0.68,2.944,-22.76839390507125,0.6836626529693604,0.0,0.5986394557823129,33.62382650375366,1.68,2,0.679,0.5,小猫。
8d901347027f40628396a152a6bff7d1.wav,green,全部指标达标,6.144,-26.236382390992755,0.2944755554199219,0.0,0.6254071661237784,24.407668113708496,0.88,18,2.93,0.111,我觉得心里不舒服，跟同学跟同学讨论一下。
8d9a0e002710449b80da7a513fbc6042.wav,green,全部指标达标,3.2,-24.338809910069898,0.3875277638435364,0.0,0.625,27.934319972991943,0.9,6,1.875,0.167,变态大美女啊。
8da83693ddf444f18aee9d914c4ad218.wav,yellow,VAD=27%,3.2,-30.432079791777817,0.23755890130996704,0.0,0.26875,34.81572151184082,0.86,5,1.562,0.4,哼小志小志。
8da9ed40ad0b499ebc74ab2c730d14ac.wav,green,全部指标达标,2.432,-32.52973257795024,0.1237802505493164,0.0,0.4214876033057851,27.878451347351074,1.02,5,2.056,0.4,你是人民，是。
8df9f364ed854515b30a0ed4f0049273.wav,green,全部指标达标,4.736,-23.53116518587143,0.32873624563217163,0.0,0.7288135593220338,32.72794246673584,3.44,17,3.59,0.176,我说，我想砍你的老婆，你还在那。对，我忘了。
8e1b25baabc2452f98ee1ba18d2f2358.wav,green,全部指标达标,1.536,-25.278654565768672,0.48444777727127075,0.0,0.6842105263157895,28.996224403381348,0.76,3,1.953,0.333,嗯，小鸟。
8e31fea343224f32809c604cedf8eb97.wav,green,全部指标达标,2.944,-22.185504586613888,0.42355141043663025,0.0,0.8163265306122449,28.84404182434082,2.4,10,3.397,0.3,不对，有花，有草，还有狗屎。
8e62686df68b4c3ca4fd0f30aeabc7c9.wav,yellow,VAD=39%; 语速=1.07,2.816,-25.070026478811332,0.32704082131385803,0.0,0.39285714285714285,32.01305389404297,0.4,3,1.065,0.333,蔡徐坤。
8e9f5b599a854eac84da4ec0387c2d9d.wav,green,全部指标达标,2.176,-22.31271135659576,0.6336960196495056,0.0,0.6388888888888888,28.256244659423828,0.38,4,1.838,0.25,马桶赛车。
8ec300888aee4edda2ec1723282ca0f6.wav,green,全部指标达标,2.304,-23.494217568438586,0.3187561631202698,0.0,0.7478260869565218,30.291855335235596,1.48,31,13.455,0.387,嗯，hello hello hello hello hello hello.
8ecbafd353df4775afdfbef926f75492.wav,yellow,语速=0.92,2.176,-27.154772911486997,0.32136738300323486,0.0,0.48148148148148145,31.228296756744385,0.98,2,0.919,0.5,嗯，说。
8edd443233c54e18ae1a99460032cf88.wav,green,全部指标达标,2.176,-22.49577643499453,0.7359691858291626,0.0,0.6574074074074074,32.01054334640503,1.1,5,2.298,0.2,小猪的同学。
8ee0c16ba1be4f4b9ed9af3401fb66b8.wav,orange,语速低 (0.41 字/秒),4.864,-25.167463654258263,0.47191426157951355,0.0,0.7777777777777778,30.9717059135437,3.64,2,0.411,0.5,我还。
8ef5850278dc4c5d8892c3a61558e15a.wav,green,全部指标达标,2.304,-25.469962614858655,0.37458425760269165,0.0,0.5130434782608696,26.987216472625732,0.44,4,1.736,0.25,我店清晰。
8f0f392f06b744269d3f3b7206220e3c.wav,green,全部指标达标,2.432,-24.240333378643776,0.5593210458755493,0.0,0.5371900826446281,33.49164962768555,1.28,13,5.345,0.231,发一个angelababy.
8f59c923b07c4bc1b6b4ffde2841d179.wav,green,全部指标达标,2.304,-24.36125482541796,0.44145911931991577,0.0,0.591304347826087,31.279220581054688,1.08,7,3.038,0.143,没穿衣服的女生。
8f685e1018a74c71909ac5f4a92c38e2.wav,yellow,VAD=37%; 语速=0.74,2.688,-27.675767961770603,0.2750591039657593,0.0,0.3656716417910448,29.584391117095947,0.74,2,0.744,0.5,凶猫。
8f6a2be320584d08bdc7c046fbb25e18.wav,yellow,语速=0.87,4.608,-15.112082908098877,0.8103628158569336,0.0,0.7782608695652173,32.083706855773926,2.34,4,0.868,0.25,变成机甲。
8f8dc3a6ae004a91843d984a795c4bad.wav,yellow,语速=0.98,2.048,-22.656407598920598,0.6133769154548645,0.0,0.5686274509803921,28.806264400482178,0.66,2,0.977,0.5,哪吒。
8fb1847b40ee416f9335e5cde2efcf90.wav,green,全部指标达标,2.176,-23.994680606303383,0.3175318241119385,0.0,0.6203703703703703,40.79365253448486,1.3,4,1.838,0.5,乔丽姐姐。
8fc933f3be724f0295de7c12cd5aeaac.wav,green,全部指标达标,4.864,-17.134368365745146,0.9900000095367432,0.0,0.6502057613168725,36.58209800720215,1.96,8,1.645,0.25,老奶奶有八块腹肌。
900c53ce66094106a303aaa3a0c45f21.wav,yellow,VAD=39%; 语速=0.87,2.304,-23.933696538552574,0.6832956075668335,0.0,0.391304347826087,33.32855939865112,0.8,2,0.868,0.5,目光。
90136985fc954bc9ace7643d8f7dcd03.wav,green,全部指标达标,2.304,-23.976208640896882,0.5905652046203613,0.0,0.45217391304347826,32.17329740524292,0.5,5,2.17,0.4,嗯，屠杀红红。
901c04b750984fd8ac58d4ffe2f68172.wav,green,全部指标达标,2.72,-24.985595140258866,0.734771728515625,0.0,0.4852941176470588,24.22360897064209,0.74,8,2.941,0.125,八格雅路死辣沙的。
90202a431caa4716ad0835d73f44dbef.wav,yellow,VAD=33%,5.376,-25.465174003282588,0.7992919087409973,0.0,0.332089552238806,33.410375118255615,0.78,12,2.232,0.167,不上不要自杀，我要吃安眠药。
9035d5ff13094297a1b714935789a725.wav,orange,重复字 57%: 好好好棒好棒。五。,5.248,-23.619556496515358,0.3577553629875183,0.0,0.7786259541984732,28.00994634628296,2.72,7,1.334,0.571,好好好棒好棒。五。
904ce82ca6d44fae9fd6918b73ae9aea.wav,green,全部指标达标,2.944,-23.497736632320002,0.32835352420806885,0.0,0.7414965986394558,28.399662971496582,1.6,8,2.717,0.125,左是画一个王力宏。
904f2b8568f14858a3f91d052a899e28.wav,green,全部指标达标,2.304,-25.433515202194762,0.4489515721797943,0.0,0.5478260869565217,27.73451328277588,0.48,8,3.472,0.125,必须帮我大调学校。
90591e512db444bdb320b12540619826.wav,yellow,VAD=32%,3.328,-29.186095666996255,0.4082164764404297,0.0,0.3192771084337349,29.77135181427002,0.4,5,1.502,0.2,你是傻逼吗？
9059de55e9d14a44bdcb35bddb8e5515.wav,orange,重复字 50%: 八十八十八、十八、十八、十八，十八十。,5.248,-23.0802718254664,0.47689810395240784,0.0,0.6297709923664122,26.96103811264038,0.54,14,2.668,0.5,八十八十八、十八、十八、十八，十八十。
907986a682914da787a94196d791fa7b.wav,green,全部指标达标,2.176,-32.36485395689246,0.176971435546875,0.0,0.6111111111111112,18.978899717330933,0.9400000000000001,30,13.787,0.4,Hello hello hello hello hello hello.
907ac65c7f3e491f84e3d346984c8dfa.wav,green,全部指标达标,3.584,-22.802900049986057,0.6270321011543274,0.0,0.7318435754189944,29.006595611572266,1.3,6,1.674,0.167,盗墓笔记张纸。
9088b70d6b8a4d1ca9c2c4cb4e56b21d.wav,yellow,语速=1.30,2.304,-23.41367587537689,0.3943476676940918,0.0,0.7217391304347827,29.710211753845215,0.9,3,1.302,0.333,让我赢。
909ee8919f9f4d9ca7d383e2ca2a68e9.wav,green,全部指标达标,2.56,-24.11627215693379,0.4550727605819702,0.0,0.453125,31.128103733062744,0.46,4,1.562,0.25,军人僵尸。
90a69abd213743c3beefb393f1654e0a.wav,green,全部指标达标,7.04,-18.26091766394763,0.9900000691413879,8.877840909090909e-06,0.8494318181818182,28.090457916259766,1.28,24,3.409,0.042,露出隐私的黑暗无敌极界化之翡翠机械大美女，我有嘎齿。
90b2f61694b94a5894e6637479df61d0.wav,green,全部指标达标,6.016,-22.042284568394784,0.5801354050636292,0.0,0.5066666666666667,31.81711196899414,1.26,11,1.828,0.091,一辆汽车运了四百个电脑。
90c0f8a9e5234e5caf705fb5b68edcbb.wav,green,全部指标达标,1.664,-22.52681439727473,0.5055607557296753,0.0,0.7228915662650602,30.711543560028076,1.2,3,1.803,0.333,像小狗。
90e270cc713d4ebea2c193a77771f6c2.wav,yellow,语速=0.87,3.456,-23.225136420861737,0.4994876980781555,0.0,0.6511627906976745,34.18436050415039,2.22,3,0.868,0.333,宇宙好。
91303725b13f4eba88eb09e9924e75c1.wav,green,全部指标达标,2.688,-21.895669740339745,0.4693441390991211,0.0,0.7313432835820896,31.455249786376953,0.9,8,2.976,0.125,你打我的世界是吗？
9166d65c17ad4621a597b59e4ce1071c.wav,yellow,语速=0.82,2.432,-25.593593213325047,0.34991973638534546,0.0,0.5206611570247934,33.203935623168945,1.22,2,0.822,0.5,法铃。
917a1ab9a5534f849380c68d0a213c4e.wav,green,全部指标达标,2.944,-24.742743258125557,0.5315212607383728,0.0,0.7959183673469388,22.88957118988037,1.1400000000000001,10,3.397,0.2,两个换一个叫许思涵的。
917bbf4826cd4926addeecddbb4f1104.wav,green,全部指标达标,6.272,-26.524433063818428,0.29806944727897644,0.0,0.5463258785942492,27.156317234039307,1.22,18,2.87,0.111,是第五人格二十三赛季第三精华皮出视频。
919bda97f3c742a3b6404b6ecfe3c061.wav,red,音量过低 (-52.8 dB),3.712,-52.83481093771738,0.021072935312986374,0.0,0.0,-inf,0.0,0,0.0,0.0,
91a2e1d7f5eb4e1b868a2d14e750a57a.wav,green,全部指标达标,4.608,-23.579697492222152,0.3579275608062744,0.0,0.7608695652173914,28.394029140472412,3.2800000000000002,10,2.17,0.2,怎么样，两个就帮到妹妹。
91a630815c54401fb0c9cdd01ceb88b3.wav,green,全部指标达标,1.536,-25.543503258459598,0.3030731976032257,0.0,0.5,30.229852199554443,0.46,3,1.953,0.333,然后就。
91bf7c7d6e9643ada2b26f1030c22102.wav,green,全部指标达标,2.944,-26.398042184634395,0.3872770667076111,0.0,0.5510204081632653,30.663342475891113,1.56,7,2.378,0.143,我想去揍他一顿。
91bffb9af3ae4ad0bc5680c7c7c051e7.wav,green,全部指标达标,2.304,-25.968050042923636,0.30199506878852844,0.0,0.41739130434782606,31.305522918701172,0.9400000000000001,7,3.038,0.143,哼来一个美女吧。
91d6da0a9a23497f9a7ae82f9a553512.wav,orange,语速低 (0.32 字/秒),12.416,-21.927376339431678,0.7853050231933594,0.0,0.8758064516129033,27.377042770385742,6.66,4,0.322,0.25,老爷看到。
91d90325d32f432582ccfdf9f4047363.wav,green,全部指标达标,5.12,-25.87025297516954,0.30647847056388855,0.0,0.46875,33.08141231536865,1.16,12,2.344,0.167,我说我晚上去剥牛肉，剥汉族。
92086eb5742a444b92ef4dfa39390eb2.wav,green,全部指标达标,4.48,-24.761572735148366,0.3892749547958374,0.0,0.5446428571428571,31.22053861618042,1.3800000000000001,10,2.232,0.2,我要吃安眠药，我要自杀。
923b9e0f647f45feb18700e1ad72ee01.wav,yellow,语速=1.23,2.432,-25.82446359820439,0.6979931592941284,0.0,0.5289256198347108,27.990942001342773,1.06,3,1.234,0.333,没有么。
925e3ba57f71466eb6a9f18099d8a56f.wav,yellow,VAD=31%; 语速=1.30,4.608,-24.721404750615324,0.4552420973777771,0.0,0.30869565217391304,31.466281414031982,0.32,6,1.302,0.167,理想汽车比赛。
9272254ecb4744f7bbd4772d10d3c2ae.wav,green,全部指标达标,4.224,-23.127710716252547,0.5094258785247803,0.0,0.7867298578199052,33.19993495941162,3.16,8,1.894,0.125,叫周涵的老婆是吧？
927582dba42444e485856b5a54d1c5e6.wav,green,全部指标达标,4.096,-23.546492796973155,0.5091450214385986,0.0,0.6176470588235294,27.9601788520813,1.24,9,2.197,0.222,炎后炎，王陛下十八层。
92b3480ff39e41869d37808901081d7b.wav,green,全部指标达标,3.84,-23.213522681749552,0.6844329833984375,0.0,0.546875,33.475182056427,1.1,9,2.344,0.111,画一个女版的休息管。
92b410a9cc95442bbc36beea66236b05.wav,yellow,语速=1.23,2.432,-22.285614826710844,0.41763103008270264,0.0,0.5206611570247934,33.672728538513184,1.04,3,1.234,0.333,杯子猫。
92c08776320a4fdd9f9496985efa40a7.wav,green,全部指标达标,4.224,-22.834286758179246,0.8059152960777283,0.0,0.7440758293838863,34.2244815826416,2.46,10,2.367,0.1,国际象棋十大开局陷阱。
92c5d026185c484183dc32b22d78021f.wav,red,解码失败: ,0,-100,0,0,0,nan,0,0,0,0,
92de31150f19473e9a0d3ff235cf2e4e.wav,green,全部指标达标,9.984,-26.952905678954266,0.3210046589374542,0.0,0.4849699398797595,31.67935609817505,1.74,18,1.803,0.111,在我头上披一个太阳，然后我穿上黄金战甲。
92e1a37124d24dcda30e8a1fb28d4d82.wav,yellow,VAD=27%; 语速=1.30,3.072,-27.408101675923216,0.28760960698127747,0.0,0.27450980392156865,35.9891939163208,0.84,4,1.302,0.25,哦，朱迪人。
92edd2ff2c784c16a6bf57cafbaaec0a.wav,green,全部指标达标,3.328,-24.829312019357374,0.32201483845710754,0.0,0.6385542168674698,26.961486339569092,2.04,5,1.502,0.2,嗯，美女亲嘴。
92f05e6979524bfdbc470e03c1439266.wav,green,全部指标达标,3.584,-21.19470042469207,0.709652841091156,0.0,0.770949720670391,33.73538255691528,2.2800000000000002,7,1.953,0.143,恐怖太阳游乐园。
92f3891e0d9c4a8790f2b0732af8a942.wav,green,全部指标达标,5.12,-25.952691342719127,0.3535428047180176,0.0,0.78125,27.96034812927246,2.06,9,1.758,0.111,一个男孩怀孕在天上。
930247c1beb14ff2a3b5e0e95c08b191.wav,green,全部指标达标,2.432,-23.938426817019895,0.37772950530052185,0.0,0.6446280991735537,27.533071041107178,0.66,8,3.289,0.125,你放心，我现在静音。
9315a4ac0151454891eb452653d40590.wav,yellow,VAD=32%; 语速=1.08,3.712,-24.945783890824632,0.6016558408737183,0.0,0.31891891891891894,33.317275047302246,0.58,4,1.078,0.25,联想网站。
932222c61f3640b7aaa6f53517f2b423.wav,yellow,语速=0.50,3.968,-24.759904613857326,0.38014596700668335,0.0,0.8787878787878788,23.328912258148193,1.92,2,0.504,0.5,相信。
93314dc640db4f708336212d51620b50.wav,yellow,语速=0.92,4.352,-22.32507379889746,0.406158447265625,0.0,0.7695852534562212,26.561150550842285,0.92,4,0.919,0.25,对，蝴蝶蜡。
934f7d3e261a4f2f83a053590be1bc87.wav,green,全部指标达标,1.92,-24.41077605855757,0.3340325951576233,0.0,0.6458333333333334,26.28760814666748,0.54,4,2.083,0.25,一、民古筝。
935104354dd44297973ea22feab368f6.wav,green,全部指标达标,2.816,-21.25316500323494,0.41780728101730347,0.0,0.8571428571428571,28.94336462020874,2.24,11,3.906,0.091,嗯，凹凸世界里的嘉德罗斯。
9352a141314c400d8ad935e7e53cbdcc.wav,green,全部指标达标,3.968,-24.90459418256298,0.40569740533828735,0.0,0.5202020202020202,31.651442050933838,1.26,10,2.52,0.1,再画一个跳舞的李开通。
936a9b4b09b84cc7952e51b1ae3deefc.wav,green,全部指标达标,5.76,-22.490175001052982,0.8419163227081299,0.0,0.6875,27.97729730606079,0.84,22,3.819,0.091,卡卡西老和他吃面的时候，会不会闹出什么大乌龙呢？
936fc384548a4b348842d17e2c82ffc1.wav,orange,VAD 占比低 (18%),17.92,-32.38938882635567,0.287828266620636,0.0,0.17857142857142858,30.226027965545654,0.58,13,0.725,0.154,金丝头发异色，眼睛白色来地图。
937f2e7d300d45e09cd19fc86eb39183.wav,yellow,语速=0.92,2.176,-23.465318646873364,0.3175605833530426,0.0,0.6111111111111112,33.01593780517578,1.28,2,0.919,0.5,杨平。
938225b01fd64e3187770b28b57ab304.wav,yellow,VAD=36%; 语速=1.30,7.68,-23.40656514285227,0.9874477386474609,0.0,0.359375,35.79584360122681,1.1,10,1.302,0.1,理想汽车被甩到了树上。
93b6dc6a24aa4ca8b9c5d394d0e93cbb.wav,orange,VAD 占比低 (12%),2.176,-41.306770988735266,0.10472898185253143,0.0,0.12037037037037036,23.699276447296143,0.26,3,1.379,0.333,嗯，选b.
93be1e89174f4206bded3d20fd86f642.wav,green,全部指标达标,6.528,-22.811877454807018,0.35094118118286133,0.0,0.588957055214724,31.687004566192627,1.0,10,1.532,0.2,生成一个把它变成司机。
93c53352de5f44eebbb3b453f7f882a6.wav,yellow,VAD=38%,4.608,-27.333662921161526,0.2860638499259949,0.0,0.3826086956521739,30.823333263397217,1.1,12,2.604,0.167,你知道今天天气几哪吗？没有。
93c5a6ee77fc48bf85eb9020e6817898.wav,green,全部指标达标,3.2,-27.569139002832873,0.2885895371437073,0.0,0.41875,27.686951160430908,0.66,7,2.188,0.143,哎，因为认识小少。
93ca0f5f02bf413d80b37c6b3a531933.wav,yellow,VAD=38%; 语速=1.14,5.248,-23.525002475172666,0.43530601263046265,0.0,0.37786259541984735,34.66337203979492,0.88,6,1.143,0.333,一辆汽车车牌。
93fb39690db1436e9ebd613f72ea71d2.wav,green,全部指标达标,2.944,-30.74540115211122,0.17091867327690125,0.0,0.4557823129251701,29.5194411277771,0.8200000000000001,6,2.038,0.167,并该是被抵押。
93fd88bebb994cdf9cd0674149c3f102.wav,orange,VAD 占比低 (6%),4.352,-47.65265243429877,0.0472327321767807,0.0,0.06451612903225806,16.08433485031128,0.14,13,2.987,0.231,我说，我想打死你，你惹我不高兴。
9402594b53a3423baa1118c19e919428.wav,yellow,VAD=22%; 语速=1.26,3.968,-31.261178972363403,0.2595890462398529,0.0,0.21717171717171718,27.921271324157715,0.28,5,1.26,0.2,哼神奇宝贝。
9424a3f06e8841708a2409969a88d86f.wav,red,ASR 字数过少 (1 字),11.6,-37.28075964505552,0.15509033203125,0.0,0.29310344827586204,18.940149545669556,1.74,1,0.086,1.0,嗯。
945411d674554b518741d0e047348d10.wav,yellow,VAD=40%; 语速=1.17,5.12,-23.069953953617343,0.46370887756347656,0.0,0.3984375,34.34370040893555,0.74,6,1.172,0.167,理想汽车l六。
948537367030424c9a5b778fc770182c.wav,green,全部指标达标,1.92,-22.959644390553777,0.8906069993972778,0.0,0.6979166666666666,25.627756118774414,0.38,8,4.167,0.25,那你回来，你去杭州。
9492eb3f9b5b449685e39661d7277af0.wav,green,全部指标达标,7.552,-20.91833401410481,0.9515594840049744,0.0,0.726790450928382,29.560418128967285,1.44,20,2.648,0.1,宣称一个朱北辰是个小女孩，在校园里面喝尖叫。
949ee854c95b47e59472e135c0c37a53.wav,green,全部指标达标,4.224,-24.263759759751046,0.3050123155117035,0.0,0.5971563981042654,30.60075283050537,1.16,13,3.078,0.077,我心里不舒服，跟同学吵了一架。
94ac9edcd8e44d06b6e083eef5e37d45.wav,green,全部指标达标,2.304,-14.040906119268175,0.9899999499320984,0.0,0.5565217391304348,44.7302770614624,0.66,5,2.17,0.2,超级大的一。
94b39bae56dc4c7fa82fcafe896a545e.wav,green,全部指标达标,2.816,-21.004912519049817,0.4921407401561737,0.0,0.8571428571428571,26.45993709564209,1.16,7,2.486,0.286,我的幸动的毛孔。
94c74a9121e44c0989a2c6bf60ecb227.wav,green,全部指标达标,3.968,-15.832949842533782,0.9900000095367432,0.0,0.45454545454545453,39.53208923339844,0.5,6,1.512,0.167,特斯拉三轮车。
950f7025f93943448e3e4a0f0ddd7e81.wav,yellow,语速=1.33,5.248,-17.381849996172978,0.7588564157485962,0.0,0.7938931297709924,29.42896842956543,1.8800000000000001,7,1.334,0.143,我要啥都不会，能。
95132a012d5f453b8f306d8632af9d3b.wav,green,全部指标达标,2.56,-24.03465139894358,0.3431398272514343,0.0,0.4296875,27.31125831604004,0.5,4,1.562,0.25,齐天大圣。
9525810a53fd4bb58faa7f1b613cbd4e.wav,green,全部指标达标,3.84,-22.546277947357286,0.8033353090286255,0.0,0.6041666666666666,29.840731620788574,1.0,11,2.865,0.091,关于这笔，新约在熊猫身上。
95293b5074c948699ceba6b18847cab1.wav,green,全部指标达标,1.792,-25.965948813211792,0.29475247859954834,0.0,0.43820224719101125,30.529451370239258,0.46,3,1.674,0.333,给我叫。
953a5459a8d74d27bb9c7e7cee9d4a64.wav,green,全部指标达标,6.016,-22.574127312632314,0.57859206199646,0.0,0.8833333333333333,25.343494415283203,1.98,19,3.158,0.211,哇，狗屎狗屎狗屎，植物大战僵尸，狗屎，我的世界。
954aaf3c5fe944da90919208f6817cc1.wav,orange,VAD 占比低 (11%),4.48,-40.89615547131391,0.2442561388015747,0.0,0.11160714285714286,22.61698007583618,0.34,4,0.893,0.25,哦，蜘蛛侠。
9561eb87c2804fb5954a615a5b63085e.wav,green,全部指标达标,1.792,-23.22489157338588,0.8949840068817139,0.0,0.5280898876404494,28.37310791015625,0.38,5,2.79,0.2,他保障最强。
95729fdf2c024e74aa07a0675d79d8dc.wav,green,全部指标达标,4.736,-21.27151075103437,0.6643127202987671,0.0,0.8516949152542372,27.210514545440674,1.22,14,2.956,0.143,天空中和天空中的虫对球，谁对云。
9578858ca4ea4b32bdfcc81113e50604.wav,green,全部指标达标,3.584,-22.660877654328687,0.5075242519378662,0.0,0.6089385474860335,32.89021015167236,1.24,8,2.232,0.125,大小仓鼠何来的妞？
95795401fa984e53b9fcb29c3474d114.wav,green,全部指标达标,2.56,-24.845046818914945,0.35625210404396057,0.0,0.6171875,44.23514366149902,1.54,4,1.562,0.25,毛孔卡片。
9589c5a91f5749adae3e4786468c9792.wav,green,全部指标达标,3.84,-23.53084645174986,0.3891127109527588,0.0,0.6510416666666666,27.727782726287842,0.6,15,3.906,0.067,同学都说我特别的擅长吃儿怎么办？
95952013e3c04e08b83bcf46114d591e.wav,yellow,VAD=31%; 语速=0.98,2.048,-28.88827942525763,0.2820979356765747,0.0,0.3137254901960784,31.566057205200195,0.5,2,0.977,0.5,好的。
959d43fbeda54ea79129d248e49334a4.wav,yellow,VAD=24%; 语速=1.30,2.304,-28.480469503687658,0.2655743956565857,0.0,0.24347826086956523,31.470489501953125,0.42,3,1.302,0.333,不错啊。
95a82e4931a143eaab8483ca384b9998.wav,green,全部指标达标,4.352,-22.64262520928701,0.4992140531539917,0.0,0.5576036866359447,28.585262298583984,0.9,10,2.298,0.1,联想汽车停在了浴室里。
95a9eb9b0056404ab36b3ea827b1a3d4.wav,green,全部指标达标,3.84,-21.599406641215758,0.8379557132720947,0.0,0.6197916666666666,28.954880237579346,1.28,6,1.562,0.333,兔子爸爸巨人。
95c61a5924ed48a9bb81cbec618cd514.wav,red,ASR 字数过少 (1 字),1.92,-26.398686332455135,0.38540494441986084,0.0,0.4270833333333333,31.067404747009277,0.7000000000000001,1,0.521,1.0,嗯。
95c66d9043284c548c03407329d62d1a.wav,green,全部指标达标,4.736,-24.69971942465207,0.3942553400993347,0.0,0.5,29.805359840393066,0.6,16,3.378,0.125,是统有同学和我发生冲突，我要打死他。
95cc1d99d9d5437580016b39c9c67fed.wav,orange,VAD 占比低 (18%),2.816,-37.624908298042364,0.13955532014369965,0.0,0.17857142857142858,24.190633296966553,0.14,6,2.131,0.167,你是个小傻瓜。
95d9dfc3a2b44d5ca04b747ef7b3d8a4.wav,green,全部指标达标,4.48,-24.139584227971426,0.40532419085502625,0.0,0.7321428571428571,30.70424795150757,3.2600000000000002,7,1.562,0.143,恭喜大的结合体。
95efe9b0e9914ae5a6dfef6a1b8a35ce.wav,yellow,VAD=36%; 语速=1.30,1.536,-26.314051101822933,0.303009033203125,0.0,0.35526315789473684,30.309484004974365,0.38,2,1.302,0.5,对我。
9644d0079e8f44a18d2320d3576e9855.wav,green,全部指标达标,2.56,-22.857366383182345,0.4336225688457489,0.0,0.8125,33.975138664245605,2.02,4,1.562,0.5,美美人鱼。
9664141eb5c34c7cbf8b0d824876728e.wav,green,全部指标达标,1.536,-24.09342110830305,0.5410584211349487,0.0,0.6973684210526315,34.3697452545166,1.06,3,1.953,0.333,美人鱼。
966eb077f6584182a4fd1b591245bfdc.wav,yellow,VAD=24%,2.944,-33.04894186218445,0.1679302304983139,0.0,0.24489795918367346,25.497758388519287,0.24,7,2.378,0.143,那你什么时候讲？
9683ddaa9dc54b3b9486c58413aa834e.wav,green,全部指标达标,1.792,-23.436385790541017,0.35222166776657104,0.0,0.5280898876404494,31.744301319122314,0.5,3,1.674,0.333,羽老鼠。
9698564e8cce495e95560c34f981434f.wav,green,全部指标达标,3.712,-28.194967141326458,0.3059089779853821,0.0,0.42162162162162165,25.271241664886475,0.46,9,2.425,0.222,不想活了，我想受伤了。
969f46e0c63f4898956d6e66bfd19edb.wav,green,全部指标达标,2.048,-22.185478785366545,0.46074897050857544,0.0,0.7549019607843137,26.83683156967163,1.5,5,2.441,0.4,T三三二零。
96a965a08833419296eae294d039c3fc.wav,green,全部指标达标,1.92,-22.431638659252755,0.34432166814804077,0.0,0.5625,33.923537731170654,1.0,4,2.083,0.25,诡异监狱。
96c92d77bd82488faf628a14b1146ec2.wav,red,ASR 字数过少 (0 字),1.792,-14.504609103388013,0.8501664996147156,0.0,0.7415730337078652,37.59783983230591,1.26,0,0.0,0.0,
96dde204042d46bba706376245800541.wav,green,全部指标达标,5.376,-18.12913526535871,0.9900000095367432,0.0,0.6567164179104478,32.92360782623291,0.8,12,2.232,0.083,一辆理想汽车正在爬山坡和。
96e1c7b273a747bf9ab21b1c1c2ed899.wav,yellow,语速=0.98,2.048,-23.86272870983182,0.33616548776626587,0.0,0.5,34.53705072402954,1.02,2,0.977,0.5,有我。
96eba0d42999471686ba7a85cfeb9594.wav,green,全部指标达标,5.504,-24.57039818832608,0.34770023822784424,0.0,0.7454545454545455,25.443594455718994,3.6,19,3.452,0.158,好，我不准吃了，就分钟上到百分之十四分始啊。
96febab6a69e42f095a55c9c6ce5354a.wav,yellow,语速=1.38,2.176,-23.21886168574477,0.33099275827407837,0.0,0.5555555555555556,31.796014308929443,0.9,3,1.379,0.333,黄思雨。
97063d9dbd0c4fd4a12b790cab7ff315.wav,green,全部指标达标,3.2,-20.322880372452037,0.5588086843490601,0.0,0.76875,30.141093730926514,0.86,8,2.5,0.125,小猫的奇幻漂流记。
970d7863ad1b4f2daafa725177e7f370.wav,green,全部指标达标,4.352,-24.258187008292595,0.32733258605003357,0.0,0.6497695852534562,29.418489933013916,1.8,8,1.838,0.125,画一个三角形威龙。
9722a5ffd439480ebbc0545acf5aca21.wav,green,全部指标达标,3.456,-14.276754019614275,0.9900000095367432,0.0,0.9127906976744186,38.06772232055664,2.98,7,2.025,0.143,艾萨克，牛顿是屎。
973141b45dd6480f85f3b2aca24fb5ad.wav,green,全部指标达标,6.4,-23.450505115805555,0.5801884531974792,0.0,0.5875,28.031904697418213,1.04,17,2.656,0.118,是卡卡西老师每次去吃拉面是什么规律？
973308d5fc54433cbab2297878d97de2.wav,green,全部指标达标,3.2,-22.482132707935317,0.5224828720092773,0.0,0.7375,27.913877964019775,1.08,6,1.875,0.167,变态狂女老师。
9752e67375af442aa43121f5d2c6cf82.wav,green,全部指标达标,5.376,-25.715666744873232,0.2922073006629944,0.0,0.5261194029850746,29.55125331878662,1.2,18,3.348,0.056,今天星期几，然后你再做一个自我介绍过来。
97566f846db14772b76cde5ffa84bcac.wav,green,全部指标达标,1.792,-14.653352551419568,0.747011125087738,0.0,0.8202247191011236,37.86616563796997,1.42,4,2.232,0.25,熊猫，我们。
975e8e0b85484e8cb9b92d9abe92bf8b.wav,green,全部指标达标,6.016,-13.783451065504831,0.9899999499320984,0.0,0.62,40.7731294631958,1.5,15,2.493,0.067,一辆理想汽车用力的开进了草丛里。
9762fe6e96164459b6bf0f795fcc4394.wav,green,全部指标达标,5.248,-24.290451204018556,0.8675429821014404,0.0,0.6259541984732825,26.34805679321289,0.74,11,2.096,0.182,帮我写一篇一万字的检讨。
9786778dc2aa4040956cf1e114b909df.wav,green,全部指标达标,8.96,-22.58940204481106,0.5288158655166626,0.0,0.8147321428571429,26.435580253601074,3.36,23,2.567,0.13,来游泳的来呀，调呢来人呀，有人要三桥了，有人要三墙了。
978784674f924793a4d4e925b6df10f8.wav,yellow,语速=1.23,2.432,-26.51091280154357,0.3570953607559204,0.0,0.48760330578512395,27.582268714904785,1.06,3,1.234,0.333,一红茶。
9794361ea769418c9cbb602cbccfe2a1.wav,orange,VAD 占比低 (8%),5.888,-38.98987944116347,0.225597083568573,0.0,0.08163265306122448,26.81175947189331,0.3,6,1.019,0.333,等于二。证据二。
97993be1d51a40158f8570eabc0d6efd.wav,yellow,语速=0.81,3.712,-25.871388387699415,0.34411853551864624,0.0,0.7189189189189189,27.458374500274658,1.12,3,0.808,0.333,田泽轩。
97aca05b8a91429ba58148bb9ab43beb.wav,yellow,VAD=29%,3.2,-28.933063180561444,0.3440563678741455,0.0,0.2875,34.798665046691895,0.7000000000000001,9,2.812,0.222,表示一下，这个是那个。
97b187659b3b43c2bbae4a020a942a33.wav,green,全部指标达标,2.304,-24.363245941677796,0.5778875350952148,0.0,0.5217391304347826,31.124017238616943,0.7000000000000001,6,2.604,0.167,王者镜怎么玩？
97c7768d909e4a55999031850dfbb169.wav,green,全部指标达标,2.944,-27.046488507061458,0.6101832389831543,0.0,0.5034013605442177,28.041870594024658,0.68,7,2.378,0.286,我吃粑粑吃枕子。
97ea7e02fb70448eb54cdfdfe030d1d7.wav,green,全部指标达标,1.664,-24.612153454036083,0.3478763997554779,0.0,0.5903614457831325,28.46625328063965,0.5,3,1.803,0.333,陈太郎。
97eaf938328f42e693e30f30c96ccb89.wav,green,全部指标达标,5.504,-26.094118130202673,0.3513781428337097,0.0,0.7018181818181818,24.930076599121094,1.26,20,3.634,0.15,我总是玩瑶妹，但是大家都跟我是混子的，怎么办？
97f20b6b893f427c84018542ef43d984.wav,green,全部指标达标,4.48,-23.949652953436214,0.302807480096817,0.0,0.5669642857142857,29.240808486938477,1.94,8,1.786,0.125,嗯，我把屏弄了一顿。
982229662dea4574b2501d5e356d13b7.wav,red,ASR 字数过少 (0 字),1.664,-25.634389940637526,0.402128130197525,0.0,0.3493975903614458,28.487486839294434,0.34,0,0.0,0.0,
983014368c6c4679a365abb40eda2eca.wav,green,全部指标达标,1.664,-13.999849977934467,0.7722806334495544,0.0,0.7710843373493976,36.70698404312134,0.66,5,3.005,0.2,对，变成飞龙。
983f1e039fbf47d696c53ea8cffb3c28.wav,yellow,VAD=26%,2.816,-33.1390925535277,0.18805339932441711,0.0,0.2642857142857143,30.268640518188477,0.74,6,2.131,0.167,这个会等一下。
985d007128054908b0611519ff93d367.wav,green,全部指标达标,3.712,-23.24549038227641,0.7507206797599792,0.0,0.5405405405405406,32.53912687301636,1.1,7,1.886,0.143,结过烂了的跑车。
987fc51db5464662924735d7ac806f9e.wav,yellow,VAD=40%,1.664,-24.81970152365605,0.6938797831535339,0.0,0.39759036144578314,30.3732967376709,0.3,3,1.803,0.333,上午公。
988b3a98f87441548146a28383912de6.wav,yellow,语速=1.36,2.944,-22.869353347461413,0.7053425908088684,0.0,0.6326530612244898,40.253281593322754,1.8,4,1.359,0.5,八十八十。
98abe55ceee142c8bb5e4dea624d7a20.wav,yellow,语速=0.67,4.48,-25.94036966064256,0.3776296377182007,0.0,0.7455357142857143,25.821821689605713,3.14,3,0.67,0.333,唱好的。
98ac1805c83f45a99db1d691dc77aba8.wav,green,全部指标达标,3.712,-22.963466749689356,0.34400230646133423,0.0,0.6648648648648648,31.068062782287598,1.2,7,1.886,0.286,充满爱的老婆婆。
98b38847bde449d3bcf864a1edf0bc9b.wav,red,ASR 字数过少 (0 字),3.328,-24.821330437331905,0.3154759407043457,0.0,0.6927710843373494,28.14589500427246,2.02,0,0.0,0.0,
98bc54d89d674ab490548ccb8fdb91a6.wav,yellow,VAD=31%; 语速=0.98,3.072,-25.44538690779607,0.3030582666397095,0.0,0.3137254901960784,35.58300018310547,0.62,3,0.977,0.333,李子墨。
98bec83bec544253acc712beac6d1e4b.wav,yellow,语速=1.35,3.712,-22.305431608163907,0.5894043445587158,0.0,0.41621621621621624,35.601561069488525,1.06,5,1.347,0.2,理想露营地。
98c6cd9058844cc8b914771887c895df.wav,green,全部指标达标,3.328,-25.107069339956247,0.2963397800922394,0.0,0.6686746987951807,26.527352333068848,0.92,5,1.502,0.2,两个人亲嘴。
9919e2b7adaa4326a0dfd9a248ef8205.wav,yellow,VAD=24%; 语速=0.95,5.248,-30.908961440529552,0.2905736565589905,0.0,0.24427480916030533,27.748422622680664,0.76,5,0.953,0.2,奇妙的海滩。
991c18b2fbe443459bd6bcd1f40fb425.wav,yellow,语速=0.92,2.176,-22.465210846136966,0.6754739284515381,0.0,0.49074074074074076,43.64572525024414,1.02,2,0.919,0.5,欠揍。
992dd495e2314eb093225abf61f71b7b.wav,yellow,VAD=22%; 语速=0.65,3.072,-32.35091959795346,0.2627767324447632,0.0,0.2222222222222222,29.78651523590088,0.38,2,0.651,0.5,纱布。
9933df12ec374774b3d13cc75f112285.wav,yellow,语速=0.71,2.816,-22.367611486706803,0.6102021932601929,0.0,0.7142857142857143,28.203256130218506,1.08,2,0.71,0.5,马桶。
99383e1e1a124553a77a5e5eba57fb0f.wav,orange,重复字 44%: 黄金爸爸是黄金爸爸。,7.296,-19.120281285721013,0.9899999499320984,0.0,0.6401098901098901,33.203020095825195,1.82,9,1.234,0.444,黄金爸爸是黄金爸爸。
994c856daf414097b2457a3f96455f9d.wav,green,全部指标达标,3.584,-32.35800311830891,0.21678172051906586,0.0,0.41899441340782123,25.35329580307007,0.52,11,3.069,0.091,就这个形况啊，看起来是很。
994da2b56a9b4729a08b13d86055aaf1.wav,orange,VAD 占比低 (19%),1.664,-35.65418329228371,0.2376038134098053,0.0,0.1927710843373494,23.84049415588379,0.2,2,1.202,0.5,这的。
997aa34059b94e1d9777d9732dfaeae8.wav,orange,VAD 占比低 (14%),5.12,-37.475065197271924,0.24266505241394043,0.0,0.14453125,23.58267307281494,0.2,8,1.562,0.125,我要驾驶航空母舰。
999d80d721b84fd9ae1dad2790b45f43.wav,yellow,语速=0.52,3.84,-20.338619489916525,0.9899999499320984,0.0,0.4375,34.80350732803345,0.8200000000000001,2,0.521,0.5,有九。
99abbb3075da4a0a97320b2e9663383e.wav,yellow,VAD=33%,6.656,-27.954890018100468,0.39389997720718384,0.0,0.32831325301204817,41.055240631103516,2.04,11,1.653,0.091,"No,我想把老司爷打一顿。"
99af094e24ed4d7889165ad3cad157cd.wav,green,全部指标达标,2.176,-21.457973374552722,0.96209317445755,0.0,0.5740740740740741,30.98400592803955,0.38,4,1.838,0.25,八十大岁。
99b5ff2936fa4ee7b5754af33911dc4e.wav,red,ASR 字数过少 (1 字),2.304,-49.50115361546189,0.056291647255420685,0.0,0.05217391304347826,18.04677128791809,0.12,1,0.434,1.0,啊。
99b8c4702aba414fb2e31c3009aa98fd.wav,green,全部指标达标,2.048,-23.349933561204764,0.33800008893013,0.0,0.5980392156862745,26.67691469192505,1.1400000000000001,5,2.441,0.2,画一个儿光。
99b92f4e3d3441a1a4585b363dca4eed.wav,green,全部指标达标,14.72,-24.80603238379647,0.3695603609085083,0.0,0.5217391304347826,28.61260175704956,1.28,40,2.717,0.1,我考试成绩不好，同学欺负我，我不想活了，我想自杀怎么样？治杀才才不痛啊，是跳楼还是还是喝药？
99c64e84ffa6496591f1277467029bef.wav,green,全部指标达标,3.072,-22.44892070001501,0.8631042242050171,0.0,0.6535947712418301,29.262115955352783,1.62,9,2.93,0.111,啊，对，这个你死到哪里？
99e7becd9ce94a35a8994e8b0e1e5f5f.wav,green,全部指标达标,3.2,-23.100121371326626,0.4176171123981476,0.0,0.76875,28.569204807281494,1.76,6,1.875,0.167,你法最好了吗？
9a0e30fee3ef48f39db1fc6ea5f11922.wav,green,全部指标达标,3.712,-22.388860298639983,0.3922905921936035,0.0,0.827027027027027,30.423169136047363,1.46,10,2.694,0.1,宇宙飞船多音字战斗机。
9a15fd1786904eb6b3d95956dc196de0.wav,green,全部指标达标,2.048,-21.740878827650487,0.47234046459198,0.0,0.6666666666666666,35.389111042022705,0.86,6,2.93,0.333,波波式战斗机。
9a39be23a7f84432a1bd929fce1fe4a7.wav,green,全部指标达标,4.864,-24.42087931499301,0.41153737902641296,0.0,0.7119341563786008,27.559266090393066,2.44,10,2.056,0.1,马桶车不简单，我要等于。
9a417a490d02444f84db822c08e7ce8a.wav,green,全部指标达标,2.688,-25.92127139728727,0.30869370698928833,0.0,0.6044776119402985,24.716851711273193,0.68,5,1.86,0.2,卢文杰是谁？
9a4a0fddc4444015ba759d757d8e7927.wav,green,全部指标达标,6.528,-14.087677425690428,0.9900000095367432,0.0,0.8159509202453987,34.066126346588135,1.22,15,2.298,0.133,一辆理想汽车正在一个尺子上行驶。
9a5a9bae9c0849d69cb252a458178c71.wav,green,全部指标达标,2.304,-24.65154901309758,0.30055874586105347,0.0,0.591304347826087,26.361029148101807,1.0,5,2.17,0.2,今天吃什么？
9a64bce914414bad9c3e5efd558e8235.wav,orange,VAD 占比低 (16%),7.552,-29.593913650974013,0.5592136383056641,0.0,0.15915119363395225,35.03620386123657,0.64,5,0.662,0.2,画一个小字。
9a657b3f9b31442b8fc01db64fe93d00.wav,yellow,VAD=40%,4.864,-25.9424948544622,0.30548417568206787,0.0,0.3950617283950617,34.8750638961792,1.08,9,1.85,0.111,会女人版的抱枕不对。
9a6d07ca49fc4e9391211da4068c8ea0.wav,green,全部指标达标,3.84,-24.55317177392702,0.33207499980926514,0.0,0.6302083333333334,26.891818046569824,2.24,9,2.344,0.222,啊，你有病啊，太天真了。
9a76efcec2e740daae892f3c7b9e7323.wav,green,全部指标达标,5.376,-13.580499283442846,0.9900000095367432,0.0,0.5708955223880597,44.72532272338867,1.04,9,1.674,0.111,一辆黑色的理想l六。
9a89c2e6c3e34bfba16008bc76f8b49c.wav,green,全部指标达标,2.304,-24.660987873660876,0.4444093704223633,0.0,0.48695652173913045,28.672516345977783,0.64,5,2.17,0.2,列斯托尔，哎。
9a9bddc703d449408532363d93636ab9.wav,green,全部指标达标,8.832,-22.79247873536611,0.7414830923080444,0.0,0.6507936507936508,31.553566455841064,1.62,27,3.057,0.111,他最近考试不好回家，爸爸妈妈还打我，我心里太难受了，我想急啥？
9aadd52746084c319e8ad8fcfceac13b.wav,green,全部指标达标,2.304,-24.587957348492576,0.3750916123390198,0.0,0.6173913043478261,26.550745964050293,0.9,5,2.17,0.2,小树去光头。
9abb01ed710c4b9e8b33e572e8d3f16f.wav,green,全部指标达标,2.688,-23.81831089871294,0.8042171001434326,0.0,0.664179104477612,26.39442205429077,0.42,6,2.232,0.167,好，把它变清晰。
9acc6224357b44bfa5c586f5ec865687.wav,green,全部指标达标,2.048,-27.019638282073338,0.28214895725250244,0.0,0.45098039215686275,28.493845462799072,0.54,5,2.441,0.2,用了就是在。
9ad6f22bba104fb18638e7d1d3160f8d.wav,yellow,语速=1.12,1.792,-12.282979382517256,0.7984514832496643,0.0,0.8539325842696629,44.39045429229736,1.52,2,1.116,0.5,好的。
9aee2344890742b29bc8b98cf0305ac9.wav,yellow,VAD=33%,6.144,-32.54229020062095,0.19751611351966858,0.0,0.3322475570032573,24.697744846343994,0.7000000000000001,11,1.79,0.182,我想要想吃冰雄小吃果嗯。
9b0757d7a1d343efa3b0e95e728c73a1.wav,yellow,语速=1.50,6.016,-18.683584170252814,0.9899999499320984,0.0,0.43333333333333335,38.85073661804199,0.78,9,1.496,0.111,大象把小汽车压扁了。
9b10d82e453a4242835481cb1960429e.wav,green,全部指标达标,1.664,-23.617077056490523,0.30316850543022156,0.0,0.6506024096385542,32.830936908721924,0.7000000000000001,4,2.404,0.25,明天都能。
9b266773bd274dec802e474a9c4ba434.wav,green,全部指标达标,2.176,-21.962191819488154,0.8606418967247009,0.0,0.5833333333333334,29.495279788970947,0.72,6,2.757,0.167,挂一个你自己。
9b5900b7cf64475ead6dd466e772e737.wav,green,全部指标达标,1.92,-24.98803748152517,0.38294708728790283,0.0,0.59375,26.71097755432129,0.32,4,2.083,0.25,摩托赛车。
9b5d9b83e70044b48d744f6a9b3fa8ab.wav,yellow,语速=1.16,6.912,-26.13125552853504,0.3176579177379608,0.0,0.5681159420289855,25.714139938354492,1.76,8,1.157,0.125,一只小鸟在窝里飞。
9b6525a080f54af48cb394eb59c302f5.wav,green,全部指标达标,2.688,-26.708424090837795,0.3209657669067383,0.0,0.4701492537313433,31.15161418914795,1.26,7,2.604,0.143,想一把刀砍了你。
9b8ba341701b4878b37747b23e3ba9f6.wav,yellow,VAD=30%; 语速=1.17,2.56,-27.855406733874396,0.2916853427886963,0.0,0.296875,34.70425605773926,0.76,3,1.172,0.333,你好啊。
9b9975c7eb174521bfff16ac65b927f4.wav,yellow,语速=0.98,3.072,-21.356373322970406,0.4463062584400177,0.0,0.6601307189542484,39.685959815979004,1.5,3,0.977,0.333,毒冰火。
9ba2a84fafd040b68455821351c7de46.wav,orange,重复字 67%: 美美美美妈嗯，没美美。,3.584,-22.68432728625383,0.3852267861366272,0.0,0.7150837988826816,31.336758136749268,1.2,9,2.511,0.667,美美美美妈嗯，没美美。
9ba2eee149fa41d38f88953ce6a36ab0.wav,green,全部指标达标,6.4,-20.916164820921566,0.7669793963432312,0.0,0.75,29.384031295776367,1.86,18,2.812,0.111,第一个小朋友拿着哑铃去认人，结果人没了。
9bc072d743924be6b190d5c016c3b822.wav,green,全部指标达标,2.176,-12.725459308415317,0.8074554204940796,0.0,0.8796296296296297,47.03707695007324,1.9000000000000001,5,2.298,0.2,现在又是这。
9bd1745208f04b34b43802b7591fd333.wav,green,全部指标达标,2.816,-24.742193599625782,0.2915864586830139,0.0,0.5785714285714286,33.13832998275757,1.46,21,7.457,0.286,Morning morning morning.
9bd548950f1b4a4da6fdee067ba1be3b.wav,green,全部指标达标,4.608,-22.084882878457467,0.4781759977340698,0.0,0.6608695652173913,28.90244722366333,0.76,13,2.821,0.231,有八块腹肌的我的世界的巨人。
9be015cc2ff946ae9ef094e41ce5722a.wav,yellow,语速=1.36,2.944,-25.344545438461882,0.28247156739234924,0.0,0.4217687074829932,38.79235506057739,1.24,4,1.359,0.25,我是认别。
9be355d0db6f415ba297af2b3b1c1c4e.wav,green,全部指标达标,2.176,-22.544591501432908,0.32589077949523926,0.0,0.6388888888888888,29.98387575149536,0.88,4,1.838,0.25,火夜冒月。
9bea69b6fbcb4652bcaa1ae54647f987.wav,green,全部指标达标,3.968,-26.349320294265347,0.29704809188842773,0.0,0.40404040404040403,32.277188301086426,1.56,8,2.016,0.125,你好，明天有什么课？
9bf2b28835b4430e9d99297008688b57.wav,green,全部指标达标,2.048,-23.989366403735133,0.5844650268554688,0.0,0.5882352941176471,26.362128257751465,0.32,5,2.441,0.4,公子大狮子。
9c3b5399a9c54034ac3ed20a8ecd24e0.wav,green,全部指标达标,4.864,-27.381050337708054,0.3108488917350769,0.0,0.4897119341563786,27.519092559814453,0.66,8,1.645,0.25,拜拜小魔仙往身上。
9c3d329c866b4d908491c56ca55b664a.wav,green,全部指标达标,2.56,-21.518916320724305,0.7127043604850769,0.0,0.6328125,27.519042491912842,0.68,5,1.953,0.2,哦，和林机蛙。
9c3f028e84394d4089cd9de47f4d4ade.wav,green,全部指标达标,3.584,-24.220429955946372,0.39167383313179016,0.0,0.5363128491620112,34.83246088027954,1.86,7,1.953,0.143,我想跟你耍朋友。
9c43e013177e498b8b6fe02c66cff12c.wav,green,全部指标达标,4.352,-27.265247321596465,0.28099900484085083,0.0,0.42857142857142855,29.605729579925537,0.74,10,2.298,0.1,其实你是一个傻逼人民。
9c5fd7364c6842699e2e51da29f799bd.wav,green,全部指标达标,2.048,-25.675698869870516,0.37528562545776367,0.0,0.46078431372549017,32.072765827178955,0.92,5,2.441,0.2,嗯，孙子兵法。
9c6663109aed415bb720a23f18de7055.wav,green,全部指标达标,3.712,-23.148943008586635,0.7712308168411255,0.0,0.5567567567567567,27.218668460845947,1.1,6,1.616,0.333,感兴趣趣加吗？
9c669d073ec04ab6a084bc556c65a2ce.wav,green,全部指标达标,2.304,-23.107433439183595,0.3208997845649719,0.0,0.7304347826086957,27.954695224761963,0.74,5,2.17,0.2,干嘛了？弟须。
9c755d6ec7db4558b44fd4c7c10db74f.wav,green,全部指标达标,5.376,-24.290505821991594,0.37200045585632324,0.0,0.5559701492537313,33.074471950531006,1.46,11,2.046,0.091,画一只名字叫潇湘林的猪。
9c901296272d45e0a0fada401d5e5dd7.wav,green,全部指标达标,5.376,-23.19469790256739,0.4268144369125366,0.0,0.7686567164179104,28.408203125,3.72,13,2.418,0.154,挖掘机子，那你们字咿呀咿呀哟。
9c986c8b1f354eb0b83067d1e4f80824.wav,yellow,语速=1.46,6.144,-22.805369453404865,0.41891491413116455,0.0,0.8208469055374593,31.665921211242676,4.88,9,1.465,0.111,小智同学报着急辣椒。
9c9b132fbf044238bed100d22f6590fa.wav,green,全部指标达标,2.432,-22.589470926429005,0.8025221824645996,0.0,0.5785123966942148,29.769105911254883,0.62,5,2.056,0.2,就是我爸妈。
9c9dbe3b224948e0a63e4ccba92ece69.wav,red,解码失败: ,0,-100,0,0,0,nan,0,0,0,0,
9ca96a12d7bb4ddbbd71a0e0d3aa50fa.wav,green,全部指标达标,2.176,-21.37777148079887,0.382931113243103,0.0,0.8055555555555556,26.782197952270508,1.34,7,3.217,0.143,这好像是我僵尸。
9cb5bd0aa08c4a1aa84b62ac063e9578.wav,yellow,语速=1.38,2.176,-21.04990990169555,0.9899999499320984,0.0,0.5185185185185185,36.12251281738281,0.64,3,1.379,0.333,真过程。
9cbad1e529c047c1b9d6e049ed9b7c5c.wav,green,全部指标达标,3.456,-26.171563170118397,0.27366960048675537,0.0,0.563953488372093,25.38645029067993,1.2,14,4.051,0.143,如何辩对一个男生喜欢一个女人？
9ce00620be0d4a1faa072092dbe3f6a1.wav,yellow,语速=0.66,6.016,-22.760310492400336,0.9740227460861206,0.0,0.8133333333333334,31.17095947265625,4.64,4,0.665,0.25,嗯，我手一。
9cf0a896950446098b3722befe79936a.wav,yellow,语速=1.30,1.536,-24.402866280996236,0.31839466094970703,0.0,0.4868421052631579,28.777263164520264,0.38,2,1.302,0.5,零刻。
9cf1d90412bc471292448e6560adc6ce.wav,yellow,语速=1.30,3.072,-21.50841337963008,0.7519501447677612,0.0,0.5555555555555556,29.86713171005249,1.36,4,1.302,0.25,马桶汽车。
9cf6d15fdc4a4fe7baa70eff6da77a02.wav,green,全部指标达标,2.4,-32.32170266831476,0.225311279296875,0.0,0.625,15.172487497329712,0.74,9,3.75,0.111,我很难过，有点小伤心。
9d00499a9e50414c915c0745982227fc.wav,red,ASR 字数过少 (0 字),2.432,-26.643381408559172,0.4314779043197632,0.0,0.5454545454545454,32.533535957336426,1.06,0,0.0,0.0,
9d0e3b5b2cdc4123a6163bd1d579deac.wav,yellow,语速=0.92,2.176,-22.879258825454706,0.38206958770751953,0.0,0.6944444444444444,31.903810501098633,1.48,2,0.919,0.5,城堡。
9d61558e713c4324b7c7a5a94f83c5e2.wav,green,全部指标达标,7.552,-25.40669329977588,0.34212321043014526,0.0,0.506631299734748,30.43938636779785,0.92,15,1.986,0.2,有一只恐龙，还有一只龙，还有一个人。
9d680d4a58b04534b4d15cefc8475ca1.wav,yellow,VAD=29%; 语速=1.30,3.072,-28.587490377549834,0.28011685609817505,0.0,0.29411764705882354,30.91684103012085,0.38,4,1.302,0.5,百倍百惠。
9d771789a13e4705986d104b7634a4af.wav,yellow,VAD=35%,6.016,-30.43125605853263,0.250842422246933,0.0,0.35333333333333333,28.110322952270508,0.9400000000000001,11,1.828,0.182,金山版的巴巴啦啦小魔仙。
9d7efe6264ae4b97a0b6e9ae575f478a.wav,green,全部指标达标,2.432,-22.849141387901568,0.47752100229263306,0.0,0.7933884297520661,28.82814645767212,0.96,5,2.056,0.4,惊漏了太太。
9d9e0963ec3840c1a5807057ff376f0a.wav,red,ASR 字数过少 (0 字),1.408,-31.743875957133774,0.2920211851596832,0.0,0.17142857142857143,34.794912338256836,0.1,0,0.0,0.0,
9db13c226eb54c729fe433cacf7c83ce.wav,green,全部指标达标,1.664,-21.244764675503014,0.6532487869262695,0.0,0.6746987951807228,34.2067289352417,1.08,3,1.803,0.333,怀孕了。
9db690cb9f5c46f49f62286bfa555a40.wav,green,全部指标达标,1.92,-29.734661289869784,0.19088062644004822,0.0,0.4166666666666667,35.338380336761475,0.7000000000000001,3,1.562,0.333,对，真难。
9dbff396cdca4563adb755eb8d873174.wav,red,解码失败: ,0,-100,0,0,0,nan,0,0,0,0,
9de216056a224fd2a0ad90cfa2ba75cc.wav,orange,语速低 (0.37 字/秒),5.376,-15.199731835326967,0.7974255084991455,0.0,0.7238805970149254,33.04156303405762,2.18,2,0.372,0.5,变成。
9def600e5bc949a391e111c7333a867a.wav,green,全部指标达标,1.92,-23.74215532305633,0.48457998037338257,0.0,0.6145833333333334,33.6989688873291,1.18,3,1.562,0.333,夏老师。
9e2630a35697444980bd1fb174e533e4.wav,green,全部指标达标,1.92,-23.582051917750007,0.4651196002960205,0.0,0.6041666666666666,29.84541654586792,0.68,5,2.604,0.2,全部是ai.
9e3dca40aa4a4012a224ebca5192295b.wav,green,全部指标达标,2.816,-21.1141273566192,0.7168455719947815,0.0,0.7142857142857143,32.350873947143555,1.24,10,3.551,0.1,帮我画一个美女和帅哥。
9e501cde781d4cd3ac118151c71e3b62.wav,green,全部指标达标,4.736,-22.436093011572265,0.4404365122318268,0.0,0.864406779661017,29.058890342712402,1.68,8,1.689,0.125,有请给我点个赞哦。
9e504ad585ef4e198ff8e4904d6b43d8.wav,green,全部指标达标,5.632,-25.961587184801644,0.4454134702682495,0.0,0.4626334519572954,30.195188522338867,0.74,14,2.486,0.071,从啊对画一个孙悟空与哪吒搭战。
9e77a22da86f492dae8ee38cdc9524cd.wav,green,全部指标达标,4.608,-13.713029700334209,0.8489331007003784,0.0,0.8782608695652174,31.75626516342163,2.84,10,2.17,0.1,小他不需要芭蕾舞，两人。
9e9de5ea6a9946f38ea2bbfad21401ef.wav,green,全部指标达标,2.304,-34.53143168586313,0.10629124194383621,0.0,0.46956521739130436,22.186439037322998,0.92,4,1.736,0.5,你好你好。
9ecd8feb02b5470e97822d7d7be33ca9.wav,green,全部指标达标,7.04,-25.05689158973615,0.4931327700614929,0.0,0.5994318181818182,26.781909465789795,0.74,26,3.693,0.115,是我都很成绩很，大家里面人也不喜欢我们的，我都不想活着了。
9ed87fd968d840eaa51b1d450605ea75.wav,green,全部指标达标,7.424,-22.21881207474569,0.911452054977417,0.0,0.8194070080862533,25.529673099517822,2.38,16,2.155,0.188,我看你，你没主过小身狗外漂亮的狗狗。
9ef2e9eaa4b34284886b3a4398e161b4.wav,green,全部指标达标,6.144,-23.977300097723738,0.3535395562648773,0.0,0.6677524429967426,30.104429721832275,1.76,20,3.255,0.15,我今天考试考差了，老子批评我，我好像从他遇到。
9ef5b8efd78448c9a14731c1349d08ad.wav,green,全部指标达标,2.56,-25.097894476709076,0.7521568536758423,0.0,0.421875,34.69496011734009,0.56,4,1.562,0.25,像纽扣也。
9ef630f9d7be4c7dae3e0e66af21aef1.wav,red,解码失败: ,0,-100,0,0,0,nan,0,0,0,0,
9efe505b89884b36a7e04fee37133435.wav,yellow,VAD=30%,4.224,-24.860144845796167,0.652341902256012,0.0,0.2985781990521327,34.87708568572998,0.52,9,2.131,0.111,不错，宣传一个大胃袋。
9f0916a97e7f4321ba81922136d1d908.wav,green,全部指标达标,6.912,-21.771479986827348,0.46927154064178467,0.0,0.5304347826086957,30.937440395355225,0.98,14,2.025,0.071,这个一辆理想汽车在天空中飞翔。
9f0a0362645d44c888e2319b3ea05a1f.wav,orange,VAD 占比低 (15%),2.304,-42.45427989774883,0.06788084656000137,0.0,0.14782608695652175,18.519456386566162,0.24,3,1.302,0.333,哦，你好。
9f246d6b45a04d44982a8c81a464016e.wav,yellow,VAD=34%; 语速=1.23,2.432,-27.275937670704195,0.2876681089401245,0.0,0.33884297520661155,35.469558238983154,0.8200000000000001,3,1.234,0.333,你好啊。
9f2fa2183b0e4f2caf2239377278f0c8.wav,green,全部指标达标,1.792,-24.38426227799122,0.34307754039764404,0.0,0.6629213483146067,26.480045318603516,1.18,4,2.232,0.25,王者荣耀。
9f30009a6c9a465f89780a635e9cdf72.wav,yellow,语速=1.23,2.432,-23.196941818889336,0.35902607440948486,0.0,0.5785123966942148,28.13363552093506,0.56,3,1.234,0.333,猎童林。
9f370436793d416e9dbae0ca9f4e4d11.wav,yellow,语速=0.62,3.2,-26.63609403294415,0.3312690258026123,0.0,0.7125,26.19063377380371,1.82,2,0.625,1.0,呼呼。
9f45b1b8f73c4f6a98492ad176b7cf27.wav,green,全部指标达标,2.304,-23.91831092652695,0.31287628412246704,0.0,0.8347826086956521,29.81025218963623,1.02,6,2.604,0.167,我们字叫大哥。
9f4b17f09ce646ae9df636b85e169b10.wav,yellow,语速=0.67,4.48,-28.492132369463224,0.3082258999347687,0.0,0.6696428571428571,25.636096000671387,2.56,3,0.67,0.333,嗯，七百。
9f79f1f5dc3d42dea1a30967cf8a6dd3.wav,green,全部指标达标,2.688,-24.876543758941363,0.28674983978271484,0.0,0.6268656716417911,31.386520862579346,1.52,8,2.976,0.125,我申请人个李男生。
9f7df47b1a3b4bf0af86e700e340988f.wav,green,全部指标达标,3.072,-27.814871376312897,0.251610666513443,0.0,0.47058823529411764,29.374377727508545,0.4,8,2.604,0.25,嗯，巴拉巴拉小魔仙。
9f8158f8f1f94ebe97d873210b239a40.wav,yellow,语速=1.38,2.176,-26.6130317309661,0.36148732900619507,0.0,0.4351851851851852,33.32750082015991,0.8,3,1.379,0.333,腋毛呢？
9fa93c86fc1e41ac9b1c8810e75a8916.wav,orange,VAD 占比低 (18%),1.664,-28.91276160699825,0.3176858425140381,0.0,0.18072289156626506,32.90079116821289,0.24,3,1.803,0.667,对呀对。
9faf921750614f1ca78ad22bd57a1b3f.wav,green,全部指标达标,2.176,-21.066365941730613,0.8531355857849121,0.0,0.5925925925925926,30.97071886062622,0.3,7,3.217,0.143,啊，不，你去剥夺住。
9fc0a6e541d34115bc4a4628d9f297d6.wav,green,全部指标达标,4.352,-24.922834849369462,0.5679870843887329,0.0,0.5207373271889401,34.60535287857056,1.3800000000000001,10,2.298,0.2,一只鱼上面写着鱼溪晨。
9fc95628959e46bb872eb402731c065e.wav,yellow,VAD=40%,7.552,-26.915131947150925,0.5716085433959961,0.0,0.3978779840848806,31.737101078033447,1.26,17,2.251,0.118,我现在我想你操你妈啊嗯这样有时候把。
9fe6c59fb9d1484087b8bd9f7bdb63b4.wav,red,音量过低 (-79.1 dB),7.04,-79.10497947174129,0.0027561362367123365,0.0,0.0,-inf,0.0,0,0.0,0.0,
9ff52644017242c782c5c8db3b1eead2.wav,green,全部指标达标,5.12,-24.4950097380371,0.5648885369300842,0.0,0.60546875,29.46563720703125,1.0,9,1.758,0.111,帮我写一个性爱网页。
9ff5417dbab54ad19da8a43a72d81f99.wav,yellow,语速=1.33,6.784,-24.03026777736663,0.7709600329399109,0.0,0.44542772861356933,31.296327114105225,1.28,9,1.327,0.222,我要砍人我要弄死他。
a009e17ed05346269217d739e58268bc.wav,yellow,语速=1.46,2.048,-22.070596697472386,0.9021376371383667,0.0,0.5784313725490197,30.89449167251587,0.38,3,1.465,0.333,垃圾小。
a0292452c9c643a9822d1a5045ab9087.wav,green,全部指标达标,9.984,-23.66977141234249,0.5414705276489258,0.0,0.6192384769539078,29.682950973510742,0.86,25,2.504,0.08,画一只穿黑丝的猪和白色吊带裙的猪肚子上写肖湘林这个。
a03f8e81db474ef39cdc835f0482686f.wav,green,全部指标达标,4.992,-23.182367647654644,0.5680183172225952,0.0,0.7269076305220884,27.10698127746582,1.04,17,3.405,0.118,我不不有翅膀，还且有八块腹肌的老奶奶。
a0440091f434480e83e5e1ca5b73b71c.wav,orange,VAD 占比低 (11%),4.608,-43.61692665813553,0.09252455830574036,0.0,0.10869565217391304,14.14676308631897,0.28,9,1.953,0.111,嗯，呃，大学生这个场景。
a0622629c4844021b62cc74d790efcad.wav,green,全部指标达标,5.12,-23.623354572619768,0.5346225500106812,0.0,0.6953125,27.32530117034912,0.96,13,2.539,0.154,春眠不觉晓，处处闻啼鸟，不光吃。
a07663b55f2f4b6183be544ca1cab6a5.wav,yellow,语速=1.20,3.328,-14.221375675624365,0.9900000095367432,0.0,0.5421686746987951,37.826032638549805,1.34,4,1.202,0.25,菲斯照片。
a091810538854ea99e688d579176d1e4.wav,yellow,语速=0.53,5.632,-15.888725060271296,0.9900000095367432,0.0,0.9039145907473309,31.777634620666504,2.46,3,0.533,0.333,嗯，板子。
a0a520ec77984101a46a68e5801f2b2e.wav,yellow,VAD=21%; 语速=0.87,2.304,-38.13453932766735,0.10678301751613617,0.0,0.20869565217391303,25.365285873413086,0.44,2,0.868,1.0,嗯嗯。
a0aa5ccf95b243c89bb207ece1d16de7.wav,green,全部指标达标,4.096,-23.086781430354677,0.5734331607818604,0.0,0.7058823529411765,32.08170175552368,2.82,7,1.709,0.143,二、大美女的结婚。
a0b8684955474f6aacfeb8beff3fa8c4.wav,yellow,语速=1.07,2.816,-22.5020409358026,0.40326839685440063,0.0,0.7,33.9316463470459,1.96,3,1.065,0.333,胡宁娜。
a0c57248385b4125930ce28d88defd76.wav,green,全部指标达标,4.48,-23.839646076949286,0.45524096488952637,0.0,0.5089285714285714,31.42545223236084,2.14,13,2.902,0.154,有人欺负我，我准备回来干一架。
a0c72e1dce484afbbade07ae98c233ca.wav,green,全部指标达标,2.944,-26.933151804055324,0.39432626962661743,0.0,0.5102040816326531,32.321624755859375,1.48,7,2.378,0.143,直挂云帆济沧海。
a0e2d6fab2804b6ca93ee9916c12d2ab.wav,green,全部指标达标,3.712,-26.03608625422984,0.3418642580509186,0.0,0.42162162162162165,32.725253105163574,0.96,8,2.155,0.125,好的，我肚子有点痛。
a0e60636bf5542cb8fcf99ebfb1af720.wav,yellow,VAD=39%,5.632,-26.098787137585187,0.5033846497535706,0.0,0.3914590747330961,32.96984910964966,0.7000000000000001,9,1.598,0.222,嗯，画一个肖一凡，你这。
a0f553da738a4cdea2ebdc59bafd55e1.wav,green,全部指标达标,4.352,-25.14819738284373,0.28704720735549927,0.0,0.576036866359447,35.425941944122314,2.2,10,2.298,0.1,和同学吵架了好几次啊。
a10c1d3752b14eea999a3a3dcc7f5661.wav,yellow,VAD=24%; 语速=1.50,6.016,-31.963090902390334,0.28629830479621887,0.0,0.24333333333333335,32.9672908782959,0.92,9,1.496,0.111,哦，嗯你是哪个版本的？
a116289b3f4648f6be9bdefe1ae74844.wav,orange,VAD 占比低 (7%),7.168,-43.363224495909456,0.10214994847774506,0.0,0.06983240223463687,21.564483642578125,0.3,12,1.674,0.167,我想打死你，你惹我心情不好。
a11e7fff47044da0bfd56390fa278008.wav,red,解码失败: ,0,-100,0,0,0,nan,0,0,0,0,
a1382adac12f4f2ca71d03949b562423.wav,yellow,VAD=24%,4.096,-36.33506182329348,0.20682406425476074,0.0,0.24019607843137256,20.49142837524414,0.32,10,2.441,0.2,特朗普最近要打伊朗，不。
a164146fb414473ba37c6fcde31eb2de.wav,red,ASR 字数过少 (0 字),2.304,-26.044501426228432,0.3528621196746826,0.0,0.6,32.79589891433716,0.9,0,0.0,0.0,
a16d7255557546d0bdd3790dae55255e.wav,green,全部指标达标,2.176,-20.796677126569172,0.47794729471206665,0.0,0.7870370370370371,26.85401201248169,0.86,4,1.838,0.25,哦，一小城。
a16dbff4f9fa4ff49927d216bdf69c45.wav,red,音量过低 (-65.1 dB),1.408,-65.10729138191769,0.011367231607437134,0.0,0.0,-inf,0.0,0,0.0,0.0,
a178d3798a564cf297f0f6a7e4f2a5c4.wav,yellow,语速=1.04,3.84,-17.33434581257637,0.9900000095367432,0.0,0.6354166666666666,33.47352743148804,1.98,4,1.042,0.25,黄金的鸟。
a17d3a6ad9a449e8bd1b0419edfa950f.wav,green,全部指标达标,2.752,-17.897986377081278,0.735870361328125,0.0,0.6788321167883211,32.58129596710205,1.54,5,1.817,0.2,捅我一刀吧。
a17f255e87084349b605d6c17a627ca2.wav,yellow,语速=1.40,3.584,-23.917501163305847,0.6459081172943115,0.0,0.4022346368715084,33.32460165023804,0.5,5,1.395,0.2,小蓝和公仔。
a19a7cf733364965ade7358cf6529f97.wav,green,全部指标达标,5.248,-31.600382416452952,0.22672010958194733,0.0,0.40458015267175573,22.87276029586792,0.52,11,2.096,0.182,可以吃小吃姐姐的知子吗？
a1c59a6468704d06a51494ccb8ca9848.wav,green,全部指标达标,3.712,-24.157712193686752,0.33256787061691284,0.0,0.7135135135135136,30.18878936767578,2.32,11,2.963,0.091,介绍一下最近的高新科技。
a20ba05967e8434cb3da8a3e85485c28.wav,green,全部指标达标,3.968,-23.95679811125667,0.32608652114868164,0.0,0.6919191919191919,28.955321311950684,2.38,7,1.764,0.143,嗯，不好意思，柴犬。
a2150e04db1d433a91487ac0cb19e128.wav,green,全部指标达标,5.12,-24.441688775652445,0.37811291217803955,0.0,0.69140625,27.051329612731934,1.84,13,2.539,0.077,二、好五十秒就做了自己的项目。
a2257fd401bb47e38d6f08bbf6fa7f30.wav,green,全部指标达标,6.4,-14.890852955689564,0.9900000095367432,0.0,0.675,34.67442274093628,1.22,11,1.719,0.182,娱乐乐小华之IE六汽车。
a226a5c16a054a1fa05e4aeac508abbf.wav,yellow,语速=1.12,3.584,-21.46142306812621,0.9900000095367432,0.0,0.4134078212290503,37.83088207244873,0.78,4,1.116,0.5,Maga.
a22cf2a047e04abc877e0eedf4838562.wav,green,全部指标达标,6.144,-22.72444680955889,0.4371458888053894,0.0,0.7654723127035831,28.52562189102173,3.98,12,1.953,0.25,嗯，对人喵喵喵对的人很精致。
a2313e16c0c04c4ba25f1941eaf82803.wav,green,全部指标达标,1.408,-21.2135867650488,0.8299131393432617,0.0,0.4,34.11309242248535,0.4,4,2.841,0.5,一百一十。
a258339237de4058a638e9593beab4ae.wav,green,全部指标达标,1.92,-18.577428399420587,0.9899999499320984,0.0,0.625,34.14879560470581,0.7000000000000001,4,2.083,0.25,嗯，大风喜。
a25f377ed94d4d998856fda3604972fb.wav,green,全部指标达标,2.432,-24.540269571362444,0.32046234607696533,0.0,0.71900826446281,30.656332969665527,1.22,5,2.056,0.2,我女神很好。
a27e0b9a3dd84bcf85722afe10c3bcd3.wav,yellow,语速=0.98,3.072,-23.363628879296737,0.5431833267211914,0.0,0.6928104575163399,30.790841579437256,0.98,3,0.977,0.333,Him.
a299e190198d46f2b1fa88cd2e7f626c.wav,green,全部指标达标,4.224,-25.208488577587502,0.43339958786964417,0.0,0.4549763033175355,28.98947238922119,0.76,9,2.131,0.111,一个爆炸了的大卡车。
a2a290de5a864af3aed1e908905eae26.wav,green,全部指标达标,4.096,-21.75710152186173,0.420967698097229,0.0,0.7843137254901961,36.93841218948364,2.9,9,2.197,0.111,来世界的人都怀孕了。
a2c7968beca6439a97fe0022c75005a8.wav,green,全部指标达标,3.712,-25.965205432790924,0.32631441950798035,0.0,0.4864864864864865,32.7600622177124,1.4000000000000001,7,1.886,0.143,我觉得这很礼貌。
a2d091c810f947729dcb533f8e51736d.wav,green,全部指标达标,2.304,-23.411707862363194,0.3086472153663635,0.0,0.7913043478260869,29.588468074798584,0.9400000000000001,7,3.038,0.143,不是我拼魔法啊。
a2d27eebde3543caa1ab0903d9a353c8.wav,red,ASR 字数过少 (0 字),3.2,-23.827526415024884,0.35592350363731384,0.0,0.75,30.21287202835083,1.96,0,0.0,0.0,
a2d41c6540514e36994ba3918d23a9ec.wav,green,全部指标达标,3.328,-23.377519584393234,0.37986356019973755,0.0,0.8072289156626506,29.62916851043701,2.46,9,2.704,0.222,我宝宝要打电，嗯，没事。
a2e3754450754fd3b169da09a5b100aa.wav,green,全部指标达标,2.432,-23.697968885433234,0.31888946890830994,0.0,0.6942148760330579,32.47964382171631,1.12,5,2.056,0.2,这个小鬼子。
a364f8f5de5a4684bc5b31c8461da71e.wav,yellow,语速=1.30,3.072,-27.796760759319284,0.3110673427581787,0.0,0.5686274509803921,27.30372428894043,1.74,4,1.302,0.25,下午我嗯。
a381e579996944c6b7fb0d9041a3bf5f.wav,red,音量过低 (-50.7 dB),3.968,-50.674631669885315,0.03161647170782089,0.0,0.015151515151515152,12.697434425354004,0.04,0,0.0,0.0,
a385a7eca9484734bb5ffbd721c59a2c.wav,yellow,VAD=38%,3.456,-28.042474823755224,0.28446534276008606,0.0,0.37790697674418605,30.225989818572998,0.32,9,2.604,0.222,I do the张卡卡。
a38ae38976e24a2297002a1022916467.wav,green,全部指标达标,2.048,-22.67221515278134,0.9001312255859375,0.0,0.6274509803921569,25.858118534088135,0.52,7,3.418,0.143,不知道还有个人。
a3a25030d673414ca5e10fe3dd3f47ba.wav,yellow,语速=1.22,4.096,-19.629435843471725,0.8614088296890259,0.0,0.6764705882352942,33.54942321777344,2.16,5,1.221,0.4,黄金大粑粑。
a3b1381b1e184a29b190e13efc662a3a.wav,green,全部指标达标,3.2,-22.17715813677522,0.4385647773742676,0.0,0.5875,31.856164932250977,1.44,7,2.188,0.286,你们卡丁迷你哦。
a3be2bc1b2ea436ebe3f0da5051d9eac.wav,yellow,语速=1.49,2.688,-23.97937700634224,0.2926334738731384,0.0,0.6119402985074627,34.616756439208984,0.98,4,1.488,0.25,蜡笔怪物。
a3ece3d445364db9b694e38b14f37d5d.wav,red,音量过低 (-52.8 dB),2.56,-52.83103156659468,0.042769789695739746,0.0,0.015625,15.742958784103394,0.02,0,0.0,0.0,
a3f6ed357cf34f35ad2374cc96510b23.wav,green,全部指标达标,4.736,-11.611955737983033,0.9900000095367432,0.0,0.711864406779661,41.61550045013428,2.3000000000000003,10,2.111,0.1,阿萨拉卫队长官赛伊德。
a4033cac424d443fbc7aa40417ccc0a1.wav,green,全部指标达标,7.04,-26.847940099618647,0.3711441159248352,0.0,0.4034090909090909,28.217246532440186,1.36,18,2.557,0.222,对他今天明白，嗯，然后就是跟跟跟跟我不想。
a405600ad94d49959c399d46e123726c.wav,green,全部指标达标,2.944,-25.684767360933122,0.3445156216621399,0.0,0.4013605442176871,36.30838871002197,1.1,5,1.698,0.2,你很牛逼吗？
a405e82d1ace45e7bb1e6c7fa35da141.wav,green,全部指标达标,3.2,-14.012830570576833,0.8091003894805908,0.0,0.8875,33.30620288848877,2.44,5,1.562,0.2,变成奥特曼。
a415476ee1d843eb8204b297c555165c.wav,yellow,语速=1.38,2.176,-29.15338641325812,0.3729360103607178,0.0,0.4537037037037037,32.06399440765381,0.9400000000000001,3,1.379,0.333,没听到。
a4220404102941158c6fa484b6a6a513.wav,green,全部指标达标,7.808,-24.950009566361913,0.9221876859664917,0.0,0.4230769230769231,32.49048948287964,1.6600000000000001,13,1.665,0.154,死界，我要吃安眠药，我要紫砂嗯。
a42d1e0d5b7d4dd3bc0253e736d18647.wav,yellow,语速=0.87,2.304,-22.573591172770257,0.4778713285923004,0.0,0.4782608695652174,28.97670269012451,0.96,2,0.868,0.5,为人。
a42fe41a8953469da7f537357852d570.wav,green,全部指标达标,3.584,-14.306913455307065,0.9900000095367432,0.0,0.664804469273743,38.57870101928711,0.96,9,2.511,0.222,仰望u八则仰望悠九。
a43b2072ca2644fdb6c4645e44323922.wav,green,全部指标达标,5.888,-22.79289377702447,0.9900000095367432,0.0,0.46258503401360546,32.827699184417725,0.66,17,2.887,0.176,哈哈哈，我带了招，我要通知你个毕业生儿。
a44362aea5f84649aefb8569c62dc891.wav,yellow,语速=1.38,4.352,-21.77880364181369,0.5845277309417725,0.0,0.5345622119815668,30.752177238464355,1.84,6,1.379,0.167,狗和猫融合版。
a484bad4e6d34c00803de358488381a9.wav,green,全部指标达标,2.816,-22.888847999268727,0.3918437063694,0.0,0.6142857142857143,32.28941202163696,1.48,7,2.486,0.143,一个男孩怀孕了。
a48afef01850408f8948fc852676cf91.wav,green,全部指标达标,3.584,-25.039617142845152,0.41613179445266724,0.0,0.4860335195530726,29.80574131011963,0.72,12,3.348,0.083,我很起把你的大左头边，没有。
a4970e1c8354416a8ce8f2f3ebd045ce.wav,green,全部指标达标,3.072,-24.44057838326049,0.42989468574523926,0.0,0.6928104575163399,31.568269729614258,1.94,9,2.93,0.111,好，请生成一张新未来。
a4a51d2921a841f0bcd620ce49358276.wav,yellow,VAD=38%,3.84,-29.3361101704905,0.2739252746105194,0.0,0.3802083333333333,26.573469638824463,0.48,8,2.083,0.125,我觉得那年怎么了？
a4bc4e47348e410b9e9c7eb12d181103.wav,green,全部指标达标,2.048,-23.303799757997314,0.36389899253845215,0.0,0.7745098039215687,23.63062858581543,0.84,8,3.906,0.125,我个人拿着刀刺杀。
a4ceb45b44fa4a57a114c039b707fa7e.wav,green,全部指标达标,5.248,-23.38141097922324,0.38318005204200745,0.0,0.7251908396946565,25.23256540298462,3.02,16,3.049,0.25,爸，你们够了，你个少女，你告诉你就等我。
a502a7c4bcff448ba25de04346646e2f.wav,green,全部指标达标,2.336,-26.044637703114493,0.668548583984375,0.0,0.4051724137931034,26.69541597366333,0.46,7,2.997,0.143,你像个牛马一样。
a50a055fe8ba4d5f8b30e8508f907052.wav,green,全部指标达标,3.712,-23.48585148404929,0.3659057021141052,0.0,0.7297297297297297,29.3202805519104,1.3800000000000001,7,1.886,0.143,生存的初音未来。
a511b9b483bb4c96b8df36448fb83099.wav,green,全部指标达标,2.688,-21.641557626666312,0.835849404335022,0.0,0.5149253731343284,29.95326519012451,0.86,5,1.86,0.2,不是直接去。
a51ec6727a9e4875b251008e2436a63b.wav,green,全部指标达标,4.352,-26.21383722392555,0.3271341919898987,0.0,0.543778801843318,29.473743438720703,1.06,9,2.068,0.111,画一个叫杨艳军的猪。
a521ec6481ef4298b477cfd5c0392f6f.wav,green,全部指标达标,4.48,-24.201958173789894,0.37352365255355835,0.0,0.6473214285714286,23.85371208190918,1.76,12,2.679,0.167,中国人是世界上最诚实的人。
a52c6609c2e0458e801a9ecdb69264be.wav,red,ASR 字数过少 (1 字),4.608,-24.646094792877694,0.4616987705230713,0.0,0.6826086956521739,27.407007217407227,2.22,1,0.217,1.0,头。
a52e8f33f0f2475bb4535cd4107185fa.wav,yellow,VAD=35%; 语速=1.46,4.096,-23.183789512300855,0.6630954742431641,0.0,0.3480392156862745,36.855857372283936,0.62,6,1.465,0.167,好，遥控器里讲。
a552ec8ba4e94d94a3b5d1e10dba7b35.wav,yellow,语速=1.12,4.48,-23.17046970869164,0.4701380729675293,0.0,0.5044642857142857,29.535865783691406,1.3800000000000001,5,1.116,0.2,不要第十几。
a573c4ee911e4748a05eec87cef154da.wav,green,全部指标达标,3.072,-24.25250220633,0.3548611104488373,0.0,0.8235294117647058,27.936618328094482,2.34,8,2.604,0.25,我们学校叫文文店。
a58258472a414ca4a3057b55c3d78d55.wav,green,全部指标达标,2.432,-22.12395737977119,0.4771762192249298,0.0,0.6198347107438017,29.65038299560547,0.6,4,1.645,0.25,狮子划水。
a5e3816e0ede472f865ffaa275e884d3.wav,yellow,语速=1.42,5.632,-21.343043756768964,0.9900000095367432,0.0,0.6156583629893239,27.798879146575928,1.22,8,1.42,0.25,我呀雅呀，我的世界。
a5ee8a723e1d4d98911e396b2204094f.wav,green,全部指标达标,2.816,-24.50013520004311,0.3274698853492737,0.0,0.8214285714285714,27.764713764190674,2.2600000000000002,5,1.776,0.4,没有没上来。
a5f997a40e7347f39c1c1c1a29949bca.wav,green,全部指标达标,2.304,-23.923495402896748,0.5921716690063477,0.0,0.6434782608695652,30.715501308441162,1.16,7,3.038,0.143,他们鬼住大地了。
a5fafa8f7ff94a83a23542843560f396.wav,green,全部指标达标,2.432,-23.417973886309497,0.5061221122741699,0.0,0.7024793388429752,28.37366819381714,1.7,10,4.112,0.1,然后我把你额打出去吗？
a5fc98241c9341b3a2d1f0cd3782776d.wav,green,全部指标达标,3.328,-24.629444979286124,0.3760833144187927,0.0,0.4879518072289157,32.62781381607056,1.52,8,2.404,0.125,一个男的没穿衣服。
a601298453f8474d89c9d6ad4d882f6c.wav,orange,VAD 占比低 (11%),3.072,-42.980506939583805,0.07487018406391144,0.0,0.1111111111111111,13.286300897598267,0.16,9,2.93,0.222,今天高一一班的课程。
a60492590b00491cb1a33920dc406a05.wav,green,全部指标达标,3.2,-20.935840430808803,0.5082743167877197,0.0,0.74375,29.8020076751709,1.1,9,2.812,0.222,问你一个，你会怎么样？
a63b6426bacd4386af5b2e737f66d07e.wav,yellow,VAD=37%,1.792,-21.368003594254866,0.76011061668396,0.0,0.3707865168539326,31.357421875,0.52,4,2.232,0.25,真的没有。
a65b44bd63d7422998ac51da432c4253.wav,red,音量过低 (-50.6 dB),4.64,-50.56709099020419,0.04315185546875,0.0,0.017241379310344827,19.662846326828003,0.08,0,0.0,0.0,
a65e31e401384661a33ad240b5e83b9d.wav,green,全部指标达标,3.328,-21.2742606375486,0.5044659972190857,0.0,0.6566265060240963,31.17004632949829,1.4000000000000001,11,3.305,0.091,一个叫刘浩月的人正在做。
a66937f12e844daf903150840d24bb98.wav,green,全部指标达标,3.328,-26.81723376230741,0.7618488073348999,0.0,0.46987951807228917,27.798631191253662,0.7000000000000001,11,3.305,0.091,什么哎，蛋汤节是谁意思？对。
a672ecc0d4654d7f8baebc51a3758e81.wav,green,全部指标达标,2.944,-24.67014062674953,0.4501664638519287,0.0,0.6666666666666666,30.89407205581665,1.8800000000000001,9,3.057,0.222,小绿色淡绿色的图片。
a67f9322ca5c471f8372b8ae88b9be52.wav,green,全部指标达标,2.432,-28.420562236982406,0.21301299333572388,0.0,0.45454545454545453,26.938350200653076,0.8200000000000001,4,1.645,0.25,祖上已经。
a68a736fda614f2885e58563f67e3fdc.wav,yellow,语速=0.87,5.76,-24.57826694225282,0.44832950830459595,0.0,0.7673611111111112,22.92175054550171,1.96,5,0.868,0.4,嗯嗯，哎呀啊。
a6a53e9b4604401d8b124c7874611052.wav,yellow,语速=0.71,2.816,-26.569588634723385,0.37123778462409973,0.0,0.4928571428571429,30.258607864379883,1.36,2,0.71,0.5,你好。
a6a88e7bbd274da8aa635b4f00a0ed9e.wav,yellow,语速=0.78,3.84,-23.542736932243255,0.3805210292339325,0.0,0.7135416666666666,25.259950160980225,1.6,3,0.781,0.667,是己。是。
a6b0559f38154b159f5c091787a0b690.wav,yellow,语速=1.25,3.2,-23.488776279476554,0.42100223898887634,0.0,0.6875,29.03339385986328,2.04,4,1.25,0.25,深存的地。
a6ce8635ae5e451d94ca1ed728411618.wav,orange,重复字 60%: 拜拜拜八八八八八八爸。,3.072,-32.85682916566745,0.1242140382528305,0.0,0.6339869281045751,18.052620887756348,0.78,10,3.255,0.6,拜拜拜八八八八八八爸。
a6f7a6f68ab04ff7b59a0c0c6e6e2bbb.wav,green,全部指标达标,2.176,-21.89805604432531,0.4715331196784973,0.0,0.7222222222222222,29.449100494384766,1.56,5,2.298,0.2,史莱姆超人。
a7087c8a7c5541368f65bc4c5d1b77a9.wav,green,全部指标达标,3.072,-23.766620318229926,0.33395081758499146,0.0,0.8300653594771242,25.864567756652832,0.9400000000000001,6,1.953,0.167,他说天台圾箱。
a70fdb7ba4a649e0a0d7a107782d2b38.wav,yellow,语速=0.86,6.98,-32.60475545600558,0.15667724609375,0.0,0.5702005730659025,21.501336097717285,1.4000000000000001,6,0.86,0.333,嗯，这个东西嗯。
a728a9ced79d401fbb1ae3f6f0cc4b05.wav,green,全部指标达标,7.168,-25.983884453412852,0.3527578115463257,0.0,0.40782122905027934,31.233088970184326,1.04,18,2.511,0.111,我想知道你要知道嗯，我想是阿宁要去自杀。
a7550e2989bd4a0ca3c7defd1c1ff24a.wav,yellow,语速=0.73,4.096,-16.392496521692284,0.9900000095367432,0.0,0.4117647058823529,41.060638427734375,1.4000000000000001,3,0.732,0.333,多林国。
a762145c2175433a81060dd0ceaac296.wav,green,全部指标达标,8.064,-24.224047043762358,0.465761661529541,0.0,0.7890818858560794,25.66209316253662,2.46,20,2.48,0.2,他换一个陈老师，是尖耳朵尖，尖嘴巴尖牙的甩鬼。
a76e5e42919d49aba8bc9a9c96de80ca.wav,yellow,语速=1.04,3.84,-22.86699892212495,0.5453253984451294,0.0,0.75,28.447930812835693,1.76,4,1.042,0.25,我是大夫。
a7847e42a3e14c7abeb27ad504129e94.wav,green,全部指标达标,1.92,-22.61703248811013,0.8169314861297607,0.0,0.59375,27.606089115142822,0.6,5,2.604,0.2,香蕉小猫咪。
a78999af256243f59914d2c525f052f8.wav,yellow,VAD=23%,5.632,-36.44897940392597,0.17735342681407928,0.0,0.2277580071174377,20.504462718963623,0.56,10,1.776,0.1,刘先生，他现在还活着吗？
a78a9d5ad4a64c52a450dc89ec6904ed.wav,red,解码失败: ,0,-100,0,0,0,nan,0,0,0,0,
a796035fb42b4078b43133d78e412def.wav,green,全部指标达标,3.968,-16.78949581262994,0.9677088260650635,0.0,0.7525252525252525,32.512898445129395,1.1400000000000001,6,1.512,0.167,长效明婿之物。
a79ace7b398c4ad5b302cc59f7aeb5d9.wav,green,全部指标达标,2.432,-22.145148723946765,0.4455416798591614,0.0,0.7024793388429752,31.436569690704346,1.58,7,2.878,0.143,张一场，你干什么？
a7a7a591c56c4a4cb29eaecc2a4f307f.wav,green,全部指标达标,2.816,-25.224157348808298,0.4379465579986572,0.0,0.6,26.835854053497314,1.16,7,2.486,0.143,放首王力宏的歌。
a7b7354435024085b5fe9856f58d195e.wav,green,全部指标达标,3.84,-22.79065635705392,0.5022234916687012,0.0,0.8125,26.32072925567627,2.34,11,2.865,0.182,马桶战争的马桶翻新倒转。
a7c798b93f024acfa71e287e08ae6fff.wav,green,全部指标达标,2.432,-24.57317570953919,0.6400424838066101,0.0,0.5867768595041323,29.371061325073242,0.68,5,2.056,0.2,快点给我写。
a7d37d7c64674f9699873c9a82b61464.wav,green,全部指标达标,2.816,-23.005171322016214,0.38535547256469727,0.0,0.7571428571428571,29.01489496231079,1.36,9,3.196,0.222,我要两个低肉板妹妹。
a7fe6d76b20b49d2b97c52aa1bf27ad1.wav,green,全部指标达标,1.92,-29.785616821743275,0.276729941368103,0.0,0.40625,26.018366813659668,0.7000000000000001,3,1.562,0.333,大儿子。
a806286c42ab466eb7067d2d8bb0f95f.wav,red,解码失败: ,0,-100,0,0,0,nan,0,0,0,0,
a8260dedc4b541f29c51f1c3ab5f308e.wav,green,全部指标达标,2.688,-22.68861329995832,0.33641934394836426,0.0,0.6343283582089553,26.47104024887085,0.6,6,2.232,0.167,植物大战僵尸。
a8499cd6eb344a40803a7395a82a03c5.wav,green,全部指标达标,5.888,-27.468957964837337,0.3167802691459656,0.0,0.40816326530612246,29.004576206207275,0.8200000000000001,11,1.868,0.182,嗯，智力版的巴巴啦，小魔仙。
a8532f853eb0493396f50d57f9ee0c58.wav,orange,重复字 50%: 你好你好，你好。,2.432,-31.35560327616842,0.2327854037284851,0.0,0.30578512396694213,30.812716484069824,0.74,6,2.467,0.5,你好你好，你好。
a87031c0215b441a9bbd5e31cacafd40.wav,green,全部指标达标,5.12,-17.66575292756727,0.9900000095367432,0.0,0.5546875,36.59871816635132,1.72,11,2.148,0.182,理想汽车正在车间里喷漆。
a8837a5ec673496c83fc1127117adb4f.wav,yellow,语速=1.23,2.432,-24.265298775615452,0.46562454104423523,0.0,0.5867768595041323,30.396134853363037,0.92,3,1.234,0.333,没事啊。
a8bb92e1265644ae8e58561d90cb8036.wav,red,ASR 字数过少 (1 字),1.664,-30.724951373978882,0.3016373813152313,0.0,0.3493975903614458,25.573008060455322,0.3,1,0.601,1.0,A.
a8c70d95f51f4e8589d902edbeba0c1a.wav,green,全部指标达标,4.608,-23.462407522976815,0.583869457244873,0.0,0.7304347826086957,26.943907737731934,1.56,12,2.604,0.083,画一个摔倒的哥布林吴宇涵。
a8f10262c865416f83c1adefb03502df.wav,green,全部指标达标,1.792,-24.439229161589054,0.4059506356716156,0.0,0.4044943820224719,33.00891399383545,0.56,4,2.232,0.25,一条大便。
a8f995433e9149c69d04062374b97cb2.wav,green,全部指标达标,2.304,-20.40275067282245,0.9892198443412781,0.0,0.6434782608695652,32.659101486206055,0.68,6,2.604,0.333,特别帅的帅哥。
a8f9d53699574c4ea216ccc1b4006051.wav,yellow,VAD=21%,3.2,-39.83516455575927,0.10871416330337524,0.0,0.2125,15.818126201629639,0.18,9,2.812,0.111,呃，这个原理是什么呀？
a8ff4413bc5741789d485c3d1c701231.wav,green,全部指标达标,3.84,-22.05149232379241,0.8604409694671631,0.0,0.75,30.020699501037598,1.06,10,2.604,0.2,哇，一只小星星露出来了。
a90e1352ea7d49f4b09e3a30ce332a72.wav,green,全部指标达标,2.048,-22.652840060968018,0.9232104420661926,0.0,0.6666666666666666,30.805420875549316,0.76,5,2.441,0.2,没什么所谓。
a918c71fb22945c792790d5694634803.wav,green,全部指标达标,2.816,-23.347912380777238,0.7154074907302856,0.0,0.65,26.748008728027344,0.9,5,1.776,0.2,三角洲行动。
a94dfe0ce5aa4d869acfacb5c0954f34.wav,red,解码失败: ,0,-100,0,0,0,nan,0,0,0,0,
a96b5df0dbe04a1c85cddd0b4109e901.wav,green,全部指标达标,1.792,-24.3444127691684,0.30614179372787476,0.0,0.449438202247191,30.66659927368164,0.28,3,1.674,0.333,我的照。
a976b5b77da04ebc8dd166973bfb3e41.wav,green,全部指标达标,2.048,-24.342619610377923,0.44609102606773376,0.0,0.6372549019607843,34.51101303100586,1.3,7,3.418,0.143,今年统动加工完。
a9aafcb9f7214e279fa3bbc5db6daf48.wav,yellow,语速=1.42,2.816,-25.42366047319789,0.35540634393692017,0.0,0.45,36.84563636779785,1.26,4,1.42,0.25,富可敌国。
a9bd2973a52a41a5988ddb5ec05d9c54.wav,yellow,语速=1.42,1.408,-20.910715459290515,0.9899999499320984,0.0,0.5,30.618793964385986,0.6,2,1.42,0.5,哎呀。
a9c2714d649c4ecdbf714c34885e5a93.wav,green,全部指标达标,2.304,-25.438656768585844,0.3128049969673157,0.0,0.5478260869565217,29.493098258972168,0.6,5,2.17,0.2,我想吃零食。
a9c8f52e3d4543208359263e1f5ae546.wav,green,全部指标达标,2.688,-22.073448932304878,0.2838823199272156,0.0,0.6865671641791045,31.95986032485962,1.78,5,1.86,0.2,我的美人鱼。
a9e447f3970649c2bc5b4c3055e65d6b.wav,green,全部指标达标,5.12,-24.956808821178914,0.8984634876251221,0.0,0.41796875,28.104703426361084,0.7000000000000001,8,1.562,0.125,我们拿刀子从这里。
aa217b5f2a4a40e0bd1d3908fad7155e.wav,green,全部指标达标,2.944,-23.70400181599406,0.3402553200721741,0.0,0.6870748299319728,28.299548625946045,1.82,7,2.378,0.143,Ok我嗯海洛冰。
aa226c5898a34253a5ae69486856f892.wav,red,ASR 字数过少 (1 字),2.944,-27.558462696824648,0.2962046265602112,0.0,0.6462585034013606,35.42909622192383,1.78,1,0.34,1.0,嗯。
aa3e6af1e6574e6eb3a580d323ca6b4f.wav,yellow,语速=0.99,9.088,-23.849861049412336,0.77818363904953,0.0,0.8766519823788547,25.179965496063232,4.16,9,0.99,0.111,懂得半贵不羁的劳动。
aa43f4caa44647c3a1d4feb62c636e88.wav,green,全部指标达标,4.224,-27.364234375091442,0.4024142026901245,0.0,0.46445497630331756,26.380395889282227,0.88,9,2.131,0.111,打开吧，这一条美人鱼。
aa5234e5854f4756b78890277b270adf.wav,green,全部指标达标,5.888,-25.12735384836196,0.3961237370967865,0.0,0.6394557823129252,32.6939582824707,1.6600000000000001,17,2.887,0.118,那应该是绿色的才对呀，不应该是这样的。
aa52e203af12419699ba6d501cbac441.wav,yellow,VAD=27%; 语速=0.87,2.304,-30.734815845755065,0.3269144892692566,0.0,0.26956521739130435,29.556293487548828,0.58,2,0.868,0.5,大海。
aa5da92635fe4fc0b06987130f54722b.wav,yellow,语速=0.71,2.816,-27.685001328325527,0.3217330873012543,0.0,0.6571428571428571,26.68626308441162,1.3800000000000001,2,0.71,0.5,因为。
aa6632e1852c4c3386adf01627e447bd.wav,orange,VAD 占比低 (13%),3.84,-41.93491809933799,0.14066217839717865,0.0,0.13020833333333334,18.435438871383667,0.18,4,1.042,0.5,惨了惨了。
aa6b60acc58d422fa5661e04a8c11232.wav,green,全部指标达标,2.56,-22.225903327363103,0.9878566265106201,0.0,0.578125,35.207650661468506,0.66,7,2.734,0.143,向南走完下里穿。
aa9fc8da34e34072b2f325922d691d74.wav,green,全部指标达标,2.176,-23.58454191124912,0.44432175159454346,0.0,0.6296296296296297,27.397828102111816,0.4,4,1.838,0.5,乔治姐姐。
aacec257d75d41bc8fb1a32d56ec4e22.wav,green,全部指标达标,4.48,-18.046290290421577,0.8182177543640137,0.0,0.7633928571428571,31.443886756896973,2.24,7,1.562,0.143,薯条机汉堡套餐。
aafe6c1d408c4604ad6f5c1265d76eca.wav,green,全部指标达标,3.584,-21.91401700791571,0.5099619030952454,0.0,0.6927374301675978,28.588078022003174,0.84,11,3.069,0.091,丑八怪给小子拉屎怀孕了。
ab2213ec386643429eacdb6892d035cd.wav,green,全部指标达标,1.92,-27.576391562273916,0.29869765043258667,0.0,0.4479166666666667,28.729336261749268,0.78,4,2.083,0.25,击中我们。
ab28a3279a74439ca6f938ec2a12ecbf.wav,green,全部指标达标,2.56,-23.10024620949327,0.30263733863830566,0.0,0.609375,33.899879455566406,1.54,4,1.562,0.25,肌肉萌女。
ab3e9a0487a543619ccf06eef20490b9.wav,green,全部指标达标,2.688,-22.183375825279242,0.7968701124191284,0.0,0.6343283582089553,27.276620864868164,0.4,7,2.604,0.143,光想只狗在交配。
ab4298b60cb64a3fac9b90e6c7a4718a.wav,green,全部指标达标,3.2,-24.68900473239005,0.47506099939346313,0.0,0.625,27.949585914611816,0.96,6,1.875,0.167,画一个神寻玉。
ab4621d6ad5f4526844b74e2fcabd4d0.wav,green,全部指标达标,9.728,-21.566190100490928,0.6988428235054016,0.0,0.7448559670781894,27.64054775238037,2.06,38,3.906,0.079,如果他谈恋爱会和什么样的红细胞谈呢？是个女的，然后红细胞的编号为三八零三，是个鹿盲。
ab559dd88f1d4e43861675537c9a1007.wav,yellow,VAD=28%; 语速=1.30,1.536,-34.995745770066804,0.1247146874666214,0.0,0.27631578947368424,22.054667472839355,0.32,2,1.302,0.5,精灵。
ab8be41343d44e4ba2acc9a3a625f055.wav,green,全部指标达标,3.584,-27.120289049109303,0.28489893674850464,0.0,0.441340782122905,31.04228973388672,1.2,17,4.743,0.176,之前我一张angela aby的图片。
aba144d4913449a992f8bbcf6a573bdf.wav,yellow,VAD=27%; 语速=0.78,2.56,-30.108006810168586,0.2907849848270416,0.0,0.2734375,33.054823875427246,0.68,2,0.781,0.5,沙滩。
aba3d58c91a94b6dbd5b596085311c3c.wav,green,全部指标达标,4.224,-24.897586585280372,0.35923776030540466,0.0,0.44549763033175355,36.24586582183838,1.8800000000000001,11,2.604,0.091,啊，对，成为一个帅气的飞行。
abaed5d596744e84aa2becbe09a7a811.wav,green,全部指标达标,3.456,-24.471320322301573,0.3087112307548523,0.0,0.627906976744186,32.28774070739746,1.12,9,2.604,0.111,嗯，气球很奇怪的黄牛。
abbe66cd55c64c4fb7a14cfd3c08ecf0.wav,orange,语速低 (0.46 字/秒),4.352,-24.175836207084966,0.9900000095367432,0.0,0.47465437788018433,26.283385753631592,0.76,2,0.46,0.5,那课。
abc27f23c1774a9eb9859ec10bb28577.wav,red,解码失败: ,0,-100,0,0,0,nan,0,0,0,0,
abe0c8044f1244feb0766c15df96779b.wav,yellow,语速=1.02,2.944,-22.243588959985065,0.37255731225013733,0.0,0.7755102040816326,34.833030700683594,2.24,3,1.019,0.333,哪种人？
abe6f627fbf2413996a0c5d31c3ccc52.wav,green,全部指标达标,4.48,-23.36675595133487,0.4826240539550781,0.0,0.7008928571428571,27.438623905181885,1.58,12,2.679,0.167,世界上的七十一点八块亿七。
abecbe04cc58476394b42afb4edd6fd6.wav,green,全部指标达标,2.048,-24.35351765265905,0.3059890568256378,0.0,0.46078431372549017,31.09724998474121,0.72,5,2.441,0.4,嗯，你默默的。
abee9e0217f647b5b5d292cf397c067d.wav,yellow,VAD=33%,2.4,-32.48628910523627,0.25970458984375,0.0,0.3333333333333333,30.85273265838623,0.8,10,4.167,0.3,的道理啊，你好你好，你好。
abf28a302442424e87121abc2253424c.wav,orange,VAD 占比低 (14%),2.816,-37.66120729688734,0.1367255002260208,0.0,0.14285714285714285,29.723241329193115,0.4,3,1.065,0.333,嗯，你好。
ac02a4d4c0154792b10b7d9a14ef55c5.wav,green,全部指标达标,7.04,-23.799511240677766,0.8245874643325806,0.0,0.8267045454545454,26.60041093826294,3.38,19,2.699,0.211,我选一个和小鱼，如美一百一是只超一个我了。
ac036424246d4e7e8dbcd34103cc5b1e.wav,yellow,语速=1.23,2.432,-24.57407800624175,0.29144763946533203,0.0,0.4462809917355372,30.174930095672607,0.7000000000000001,3,1.234,0.333,明墨点。
ac4450b6700243e8aeb04a3bb422af45.wav,green,全部指标达标,4.736,-23.46634968289168,0.34700384736061096,0.0,0.6016949152542372,28.994767665863037,0.88,16,3.378,0.125,是同学们都说我是唐氏综合症怎么办？
ac83cebb8b524f869a75a2b56f251012.wav,yellow,语速=1.30,3.072,-27.05200261425334,0.23584608733654022,0.0,0.6405228758169934,29.854905605316162,1.82,4,1.302,0.25,好的，哎嗯。
ac848614c25647f1900f2983cb1710f2.wav,green,全部指标达标,1.664,-25.03923680313552,0.34084510803222656,0.0,0.46987951807228917,33.01441192626953,0.76,4,2.404,0.25,珠子还在。
ac866486263b4d669eccad79fb50c165.wav,yellow,VAD=30%; 语速=0.74,2.688,-28.51465137237813,0.21316131949424744,0.0,0.29850746268656714,28.770010471343994,0.72,2,0.744,0.5,超萌。
ac97dce117e94e94b0c5a437f8119db1.wav,green,全部指标达标,2.176,-22.668431702448927,0.45740336179733276,0.0,0.7777777777777778,24.369378089904785,0.9,7,3.217,0.143,对，骗你的，我是心。
ac98cf5983bf4dd1b4bdaf4d85c99b19.wav,yellow,VAD=36%,2.688,-29.23410852937641,0.30025383830070496,0.0,0.3582089552238806,32.71521806716919,0.92,7,2.604,0.143,你知道我没年吗？
acdcc827366d4125ba1c6179adf971eb.wav,green,全部指标达标,3.456,-23.43513340853437,0.3389221131801605,0.0,0.7209302325581395,28.10103416442871,1.34,11,3.183,0.091,画一个全身通红的大美人。
ad11ce595bba41169c5a084f72c7578d.wav,yellow,VAD=34%; 语速=0.98,3.072,-35.840592761118636,0.14678460359573364,0.0,0.33986928104575165,28.286538124084473,1.04,3,0.977,0.333,你好啊。
ad3ebd274b7e481089aeacab16661cae.wav,green,全部指标达标,3.968,-23.07137412338819,0.340545654296875,0.0,0.7878787878787878,41.84422492980957,3.06,6,1.512,0.333,第六感能妈妈。
ad7e4949707b4cfcba4cd271ba11b3fc.wav,yellow,VAD=31%,2.944,-31.07346591056933,0.2637070417404175,0.0,0.3129251700680272,26.33056879043579,0.36,6,2.038,0.167,嗯，这是下午的。
ad906fd6abfa4ddfa5dd40aac75d19e3.wav,green,全部指标达标,1.664,-22.853017876784385,0.9262857437133789,0.0,0.6746987951807228,30.67549467086792,1.04,3,1.803,0.333,嗯，没人。
ade52871201b4884b0cd5fa58966aeca.wav,yellow,语速=1.02,2.944,-24.861620528454296,0.5430808663368225,0.0,0.4965986394557823,31.12175941467285,1.1,3,1.019,0.333,美人鱼。
adf32d0fe2e840afa1ffebafc1603087.wav,green,全部指标达标,2.048,-15.175666002397609,0.8590080738067627,0.0,0.8627450980392157,36.2005090713501,1.3800000000000001,4,1.953,0.25,这个杜风。
ae2e6749f05c4c478d9489869e5a798c.wav,green,全部指标达标,3.584,-25.710901269405486,0.48446786403656006,0.0,0.6145251396648045,28.045966625213623,1.8800000000000001,6,1.674,0.167,不可以机器人。
ae4ebbb8ce334fb29a492c004ff2d016.wav,yellow,语速=1.46,2.048,-23.838213375138047,0.3318192660808563,0.0,0.45098039215686275,35.50226449966431,0.92,3,1.465,0.333,好，十五。
ae4f2d8428da4d7cb1bbd7c6ec22a9e0.wav,green,全部指标达标,5.76,-30.02450558767167,0.17822614312171936,0.0,0.46875,24.430713653564453,0.78,12,2.083,0.083,我欲乘风归去六嗯琼楼玉宇。
ae59b821d0c0485aa36759fa54b17b7c.wav,green,全部指标达标,2.176,-26.502353088454797,0.29961520433425903,0.0,0.49074074074074076,27.29757070541382,0.6,6,2.757,0.333,你是傻逼呢？是。
ae5c2fb8a086471198ab39e319a63869.wav,yellow,语速=1.30,2.304,-23.06831841956722,0.29457271099090576,0.0,0.6608695652173913,30.46631097793579,1.28,3,1.302,0.333,我曾经。
ae5cf31c29394e269376f7c3f08c5c9c.wav,green,全部指标达标,6.144,-24.634189749821502,0.520915687084198,0.0,0.8175895765472313,30.076942443847656,3.86,11,1.79,0.091,好的，还怀孕不能去上大学。
ae5de2ce88bc4db5946598fbe24b86fd.wav,green,全部指标达标,4.864,-22.94692350518169,0.3406027853488922,0.0,0.8641975308641975,25.195276737213135,3.02,11,2.262,0.091,红不路的朋友，把酒问青天。
ae63a7f4b8224910934709b8820300c1.wav,green,全部指标达标,1.536,-22.16037722287455,0.5401292443275452,0.0,0.5,34.01524305343628,0.74,3,1.953,0.667,纸娃娃。
ae7cdd81a280430fa2c670e66024ee4e.wav,green,全部指标达标,8.064,-22.930479721618543,0.43911609053611755,0.0,0.7866004962779156,28.184738159179688,1.84,18,2.232,0.056,有一些关作文最后写了计数不小于八百度。
ae924c5a3017491f89e27560ac477b13.wav,yellow,VAD=33%; 语速=1.42,5.632,-31.453814492257518,0.24916929006576538,0.0,0.3309608540925267,32.236809730529785,1.28,8,1.42,0.125,电子课代有面试吗？
aea0e79c4cce4d4f9e59e6f1bc83644c.wav,orange,语速低 (0.24 字/秒),8.4,-35.403975591768734,0.114837646484375,0.0,0.4,22.082958221435547,2.4,2,0.238,0.5,然后。
aea29ba0be854c7d898dd078ab612ce9.wav,green,全部指标达标,1.664,-22.43973201368293,0.45930829644203186,0.0,0.7108433734939759,28.72495412826538,0.54,8,4.808,0.25,为什么一加一等于？
aea7654191314f8aad67a68af1b4c75f.wav,yellow,语速=0.98,3.072,-22.36361261983834,0.6558364033699036,0.0,0.6993464052287581,30.028529167175293,1.1400000000000001,3,0.977,0.333,我末日。
aeaa6193ab8546d4b78e0c1b0173ed2e.wav,green,全部指标达标,3.328,-23.452644689366814,0.3206200897693634,0.0,0.7228915662650602,26.73229694366455,1.1400000000000001,10,3.005,0.1,这个明月松兮何时可多？
aeb1b97ef2cb40ce973bf2721ee7d4bc.wav,green,全部指标达标,2.432,-24.31089913000345,0.3036080598831177,0.0,0.628099173553719,30.643901824951172,0.88,5,2.056,0.4,妈妈的衣服。
aed309c24b384457bb18d3e1321494e3.wav,green,全部指标达标,1.792,-25.413089745421047,0.3441568613052368,0.0,0.4044943820224719,41.608543395996094,0.72,4,2.232,0.25,我是看他。
aee21f1dd6a64f5c9712c21a9864506d.wav,green,全部指标达标,2.432,-24.876404775127156,0.3710121512413025,0.0,0.6528925619834711,30.93611478805542,1.18,10,4.112,0.2,你的意思是不是在那边？
aef36dc8b87f4338b2ab78b9790dc98a.wav,green,全部指标达标,4.224,-24.569789235148342,0.3663710951805115,0.0,0.6303317535545023,27.594971656799316,0.88,12,2.841,0.167,两个馒头上面各有一个红豆。
af1e943cab674d18aef79e2242972e79.wav,yellow,语速=1.38,2.176,-24.432764869029914,0.45838382840156555,0.0,0.5555555555555556,28.270206451416016,0.98,3,1.379,0.333,小鸭鱼。
af3b0ceaf65a499b8c46a2f81bb17ba3.wav,green,全部指标达标,1.92,-26.278434541908688,0.28626278042793274,0.0,0.4479166666666667,30.44975996017456,0.74,3,1.562,0.333,美人鱼。
af3fc0741a204a05bbd36289f47e6bf0.wav,green,全部指标达标,4.864,-23.537464527520214,0.45911261439323425,0.0,0.4403292181069959,34.48824167251587,1.3,10,2.056,0.2,我要吃安眠药，我要治商。
af4a8086b2de40a9ab0eeb4849933172.wav,green,全部指标达标,3.712,-26.65124550928812,0.6560053825378418,0.0,0.43243243243243246,29.47575330734253,0.7000000000000001,7,1.886,0.143,画一个小猪佩形。
af521e167641428583101048be38b9bf.wav,green,全部指标达标,3.84,-23.640149631248608,0.47394829988479614,0.0,0.703125,29.190683364868164,1.3,14,3.646,0.143,啊，我把药给你放这先走了吧，拜拜。
af66e2ac5fee4937b349209d71a004f1.wav,green,全部指标达标,3.456,-23.870788899101196,0.7094392776489258,0.0,0.6395348837209303,29.99140501022339,1.1,9,2.604,0.222,操你妈了个你的傻逼。
af739e0683234c5e9bc1530b0bc61104.wav,orange,VAD 占比低 (13%),2.176,-39.06564063362999,0.08494680374860764,0.0,0.12962962962962962,29.87274169921875,0.28,3,1.379,0.333,我给你。
af99399c34774457b83a74518b812570.wav,green,全部指标达标,5.76,-23.851791748188926,0.43057358264923096,0.0,0.5555555555555556,28.77892017364502,0.72,10,1.736,0.2,生成哎，生成一个呃，叫吧。
afa6ac889d7b4a81a456241c6f61f5ed.wav,orange,重复字 100%: 好好好好好好。,2.784,-29.405420505793614,0.4918212890625,0.0,0.2949640287769784,27.831573486328125,0.42,6,2.155,1.0,好好好好好好。
afb5189d5fb348c0bab7e9ccaf19b4ff.wav,yellow,语速=0.98,3.072,-25.67848070066669,0.5479286313056946,0.0,0.6078431372549019,33.42514991760254,1.82,3,0.977,0.333,我有楼。
afbbdc51c295412494168476334c76cc.wav,red,解码失败: ,0,-100,0,0,0,nan,0,0,0,0,
afdcda68961141a7a4a9ef7ef1f9c60d.wav,green,全部指标达标,5.12,-24.085716264888433,0.4100196957588196,0.0,0.61328125,25.135140419006348,0.88,11,2.148,0.091,二郎神和黑化所是，我们要。
afdcf0f1ea6c4f7b81e56276ecc4b2b5.wav,green,全部指标达标,3.456,-27.270724248312973,0.30146658420562744,0.0,0.5755813953488372,30.407733917236328,1.3800000000000001,11,3.183,0.182,我好难受啊，我有点伤心啊。
afde8cd9347046679a9d627144b2177b.wav,red,音量过低 (-52.4 dB),8.448,-52.397158119877346,0.03808915615081787,0.0,0.016587677725118485,15.538697242736816,0.1,0,0.0,0.0,
afe25c59030046a7b117a6786c964d6b.wav,yellow,语速=1.04,1.92,-26.637172923913024,0.3292911946773529,0.0,0.40625,32.994892597198486,0.76,2,1.042,0.5,恐龙。
b03e4baaf94245d0a664dfaf0f3709a1.wav,green,全部指标达标,2.56,-23.675413271395666,0.9093902707099915,0.0,0.6328125,28.46597194671631,0.72,6,2.344,0.167,八块是鸡的狗。
b0524e86d40d452298d95fed895e7ab8.wav,green,全部指标达标,1.664,-25.478393121813795,0.26282036304473877,0.0,0.4578313253012048,30.388901233673096,0.58,4,2.404,0.25,首先，你指。
b0a007004076499684d56cca4bbba7f2.wav,yellow,VAD=26%; 语速=0.96,6.272,-32.82204175571894,0.3224828839302063,0.0,0.25559105431309903,28.726184368133545,0.6,6,0.957,0.167,小魔仙更新版。
b0b53214b8d8428595759fe1243e3f49.wav,green,全部指标达标,5.504,-27.202258652024526,0.2863018810749054,0.0,0.4109090909090909,27.618370056152344,0.46,10,1.817,0.3,我的左脚把指蹦蹦蹦出。
b0cfa0736f7e4082a0a54b898e49dda6.wav,yellow,语速=0.83,6.016,-21.58863891634018,0.646864652633667,0.0,0.6766666666666666,31.88068389892578,2.52,5,0.831,0.2,九五在厉怕。
b0e10c49fa044c5e8339bffa884aaad3.wav,yellow,VAD=33%,4.224,-27.658902042787112,0.3395090103149414,0.0,0.33175355450236965,34.08509969711304,1.06,7,1.657,0.143,是周一有什么课？
b0ff0870d3da48b0a7cd15d654e02976.wav,yellow,VAD=29%; 语速=0.71,2.816,-27.74075533532836,0.29993578791618347,0.0,0.2857142857142857,34.62236404418945,0.74,2,0.71,0.5,而说。
b0ff285d90d548059a66f20824aca319.wav,yellow,语速=1.30,1.536,-23.84736740324908,0.397075891494751,0.0,0.4342105263157895,32.345242500305176,0.36,2,1.302,0.5,都是。
b12f0ccefe9d4aaf84a5b450ff7791d8.wav,yellow,语速=1.38,2.176,-26.243876384141032,0.40975892543792725,0.0,0.4166666666666667,38.854498863220215,0.86,3,1.379,0.333,奥利给。
b139f82832f64285a4472697d414100f.wav,red,解码失败: ,0,-100,0,0,0,nan,0,0,0,0,
b14217412fa3402990e8672a1fd74a39.wav,green,全部指标达标,2.304,-24.74123513204042,0.6310971975326538,0.0,0.5652173913043478,29.915685653686523,0.62,6,2.604,0.167,我姐告诉你了。
b14acfa95e734341a397dd7eb34b6876.wav,yellow,语速=1.17,8.576,-26.24025634520956,0.4826999306678772,0.0,0.6915887850467289,21.00977897644043,2.7600000000000002,10,1.166,0.1,对，喜欢坦克是陆战之王。
b1548b8f90a340f496e33157504cb089.wav,yellow,语速=1.07,2.816,-25.73678771432366,0.42055627703666687,0.0,0.6285714285714286,28.30636739730835,1.56,3,1.065,0.333,我不敢。
b1567d6d791f4b2db5619351080fcad5.wav,green,全部指标达标,1.792,-23.66406808969272,0.5404847264289856,0.0,0.5280898876404494,30.339841842651367,0.66,4,2.232,0.25,大胸美女。
b15bbb15aecf4cae88a8b0ecea24436d.wav,green,全部指标达标,6.272,-17.479794389359636,0.9900000095367432,0.0,0.5942492012779552,36.27946615219116,0.8200000000000001,15,2.392,0.133,一辆理想汽车在学校里撞车了，不准。
b1618988c22449909e595e404375523f.wav,red,音量过低 (-57.8 dB),3.072,-57.803964371630066,0.011313718743622303,0.0,0.0,-inf,0.0,0,0.0,0.0,
b16b8ebe30df4924b126ecf1f908003c.wav,green,全部指标达标,4.992,-15.488280033535808,0.9900000095367432,0.0,0.5341365461847389,37.63228893280029,1.16,10,2.003,0.1,四百辆橙色的理想汽车。
b18e2658959d4198a538dfddf3ab9ed4.wav,green,全部指标达标,2.816,-24.240738819558562,0.3113676905632019,0.0,0.8,23.8659930229187,1.32,12,4.261,0.167,把桌子放一下，没用吧，放下来。
b199320d8df8460a876dad46c511cf5e.wav,orange,语速低 (0.37 字/秒),5.376,-25.944136881055528,0.4038492441177368,0.0,0.7313432835820896,25.018587112426758,3.74,2,0.372,0.5,这个。
b1b72adcbb2444fdae38a6af39478c34.wav,green,全部指标达标,1.792,-21.609492149925135,0.7446969747543335,0.0,0.651685393258427,30.33886432647705,0.62,6,3.348,0.167,傻逼是你惹我。
b1d00d900ee748dba03a92fe10bfc63f.wav,green,全部指标达标,2.432,-21.556546434358136,0.7037061452865601,0.0,0.6198347107438017,29.929211139678955,1.0,4,1.645,0.25,超级黄金。
b1eef8a090b64c7a95dd9a7e49ce255f.wav,green,全部指标达标,3.2,-25.912416728824837,0.37649866938591003,0.0,0.61875,25.376157760620117,0.76,10,3.125,0.1,画一个叫夏慧颖的美女。
b1ef40fc774241619cf509aa4c32a9f4.wav,green,全部指标达标,4.608,-22.091869701766022,0.4936122000217438,0.0,0.7478260869565218,27.64289617538452,1.8,12,2.604,0.083,我的世界美女和古丽帕结婚。
b1f6e05333f147e5bbb9bdf59dd664ed.wav,green,全部指标达标,4.224,-23.704939635143724,0.5372794270515442,0.0,0.6872037914691943,29.911558628082275,2.2,13,3.078,0.231,那你一个红白头发拿在水水水。
b20f6612c0204c6c85afb877452dcd95.wav,green,全部指标达标,4.096,-22.083763237693674,0.5709576606750488,0.0,0.6911764705882353,29.746036529541016,1.3800000000000001,12,2.93,0.167,我想要两个今新月日的妹妹。
b21eb4d20f134dab97fc3bd4f1f1cde3.wav,green,全部指标达标,2.176,-20.56501763113166,0.9900000095367432,0.0,0.49074074074074076,35.550386905670166,0.66,4,1.838,0.25,完了蚊章。
b225ae886911490db2b8597ee8618f58.wav,red,ASR 字数过少 (1 字),4.224,-35.944095506363475,0.12088261544704437,0.0,0.5592417061611374,17.70172953605652,2.36,1,0.237,1.0,啊。
b2303a0552144b2b9d64a3336b8acfc3.wav,green,全部指标达标,3.328,-22.930819791507474,0.8804702758789062,0.0,0.5662650602409639,28.82650852203369,0.8200000000000001,6,1.803,0.167,画一个神国家。
b2320a57cd554b78bcca605f29e94ee1.wav,green,全部指标达标,2.176,-25.794187965398102,0.3655317723751068,0.0,0.5925925925925926,27.836368083953857,0.9,4,1.838,0.25,那个音乐。
b25327c8f9f44550a642d73f079d735c.wav,yellow,语速=1.05,8.576,-24.639940114476445,0.9853160381317139,0.0,0.7920560747663551,23.82298707962036,1.92,9,1.049,0.111,我走啦几个字三十有。
b25ae5a24f264453b29abd52d6171747.wav,green,全部指标达标,4.608,-22.929332650728472,0.3930389881134033,0.0,0.7434782608695653,30.09974718093872,1.22,18,3.906,0.111,他画的是真实的吗？有同学欺负我，我想自杀。
b29da1eb212f402ab2a36dfca1c10a7c.wav,red,ASR 字数过少 (0 字),4.736,-25.955396970774437,0.542067289352417,0.0,0.7415254237288136,29.333114624023438,3.46,0,0.0,0.0,
b2a79e7edb19492f885e4eb058ada749.wav,yellow,语速=0.74,2.688,-25.106943511606502,0.4817940592765808,0.0,0.6417910447761194,34.8622727394104,1.72,2,0.744,0.5,货物。
b2b22721cad74a32b4a03a1f4766446e.wav,yellow,语速=1.20,3.328,-28.079931544870817,0.27670150995254517,0.0,0.463855421686747,23.454115390777588,0.4,4,1.202,0.25,白色大象。
b2c6700027554ae0a4183a71ff5b04f1.wav,green,全部指标达标,5.888,-16.72449565012753,0.9900000095367432,0.0,0.5850340136054422,37.55491018295288,1.04,12,2.038,0.083,一辆理想汽车被撞成稀巴烂。
b2da1249f8f24a89b025571fbc7c534f.wav,green,全部指标达标,8.96,-20.72019406089798,0.6200557351112366,0.0,0.7879464285714286,26.94843053817749,0.84,26,2.902,0.115,有没有小宝贝送的冰糖便便在拉扯牛奶点了那几啦一博大便。
b2dc1ef9b09b47f1a8bc825cd3a6203b.wav,green,全部指标达标,1.664,-23.664010858289885,0.3921445608139038,0.0,0.43373493975903615,31.99289560317993,0.26,3,1.803,0.333,知道了。
b2e6adfaa39042359b9fff05d9698bcd.wav,green,全部指标达标,2.944,-24.82704870765118,0.43044543266296387,0.0,0.6190476190476191,30.504920482635498,1.46,7,2.378,0.143,帮我搜几个视频。
b2ef45ab559f4e3781ba6a07f27389c9.wav,yellow,VAD=32%,2.816,-28.689419641955958,0.3107357323169708,0.0,0.32142857142857145,30.148558616638184,0.5,6,2.131,0.167,哦，按流的学胜。
b2f337319a6e423b8701ada0cc19811d.wav,green,全部指标达标,3.2,-24.59547130017927,0.3603682219982147,0.0,0.71875,30.176188945770264,1.6400000000000001,8,2.5,0.125,没有的，刚请是这个。
b3007bff61534c748cc60a6be441b1cd.wav,yellow,VAD=36%; 语速=1.07,2.816,-20.841102783469793,0.9900000095367432,0.0,0.36428571428571427,36.35575294494629,0.48,3,1.065,0.333,布一样。
b302da4980a4438fa6c732de03e52e8d.wav,green,全部指标达标,3.712,-23.970104331038836,0.45153892040252686,0.0,0.6378378378378379,28.501195907592773,1.6400000000000001,12,3.233,0.083,嗯，我看见了一个很帅的老师。
b31eab9684984cf5b05432405d0137d5.wav,red,ASR 字数过少 (1 字),1.408,-26.953236383881393,0.29279446601867676,0.0,0.24285714285714285,29.008653163909912,0.22,1,0.71,1.0,有。
b364be7efae94ccaa166da22efdd10de.wav,green,全部指标达标,1.792,-25.98917416994984,0.31830859184265137,0.0,0.5955056179775281,27.470741271972656,0.86,5,2.79,0.2,我没有梦想。
b38094a225a048b7b458284fe6c5534e.wav,green,全部指标达标,8.704,-15.939682617947678,0.9900000095367432,0.0,0.8597701149425288,32.2619104385376,3.3200000000000003,24,2.757,0.167,你们啊超级超级超级超，然后其他其他涛姐、涛姐、涛姐拿桶。
b3998c417d0b4ab2a1c08e872538061f.wav,green,全部指标达标,3.072,-24.232264349642335,0.2859354019165039,0.0,0.7254901960784313,30.125732421875,2.22,11,3.581,0.182,天空在哪里啊？天空在哪里？
b3ba9db4db9e4db6a51320194027078b.wav,green,全部指标达标,4.352,-21.39345322185313,0.6003019213676453,0.0,0.4608294930875576,36.76807641983032,1.28,7,1.608,0.143,理想汽车录音笔。
b3cca8d4625c423fb35417cc36377999.wav,green,全部指标达标,5.632,-23.415779544495795,0.41237831115722656,0.0,0.7935943060498221,25.65216302871704,1.1,11,1.953,0.091,他只说过个生日。呃，那你啊。
b3d710ebced34a01afdc0ce2558cee5c.wav,yellow,VAD=26%,4.608,-35.98863408026662,0.24554842710494995,0.0,0.2608695652173913,20.346155166625977,0.22,16,3.472,0.125,大边呢数学考试没考好怎么办啊？人民。
b3d784b52ffe4ec69f564a966d9afe65.wav,green,全部指标达标,2.944,-23.980306148897,0.41869235038757324,0.0,0.5306122448979592,29.984922409057617,0.78,8,2.717,0.125,换一个人在上厕所。
b3e7321df3a74d749709e33193476ccf.wav,green,全部指标达标,8.832,-16.09178864911291,0.9899999499320984,0.0,0.673469387755102,38.15282344818115,1.76,21,2.378,0.095,你又没有抓紧裙盖的理想l六就急忙的开了出去。
b3ee75125b39475b916656dbd9c94434.wav,green,全部指标达标,2.432,-22.57437102351002,0.5161988139152527,0.0,0.6611570247933884,32.250568866729736,1.6,6,2.467,0.167,漂亮又很可爱。
b409dc12bcd3455ebd39308b06ec6807.wav,green,全部指标达标,2.816,-22.623971581005428,0.29595547914505005,0.0,0.8357142857142857,27.63775110244751,1.2,6,2.131,0.167,你两个人亲嘴。
b412f1e92f9449d693ade6d44c264d53.wav,green,全部指标达标,11.136,-23.802732096099067,0.8195533752441406,0.0,0.5197841726618705,26.541991233825684,2.54,18,1.616,0.111,挂一个哪吒闹海里面的讨论，熬顿、呕论、熬润。
b416169685a448fea4fdf4b8f3a7f5f2.wav,red,ASR 字数过少 (0 字),2.176,-28.19352257847274,0.3442220091819763,0.0,0.4351851851851852,32.17442274093628,0.9,0,0.0,0.0,
b445207c3ff647b2b327082ae11c5aa9.wav,yellow,语速=1.23,2.432,-20.485077651854205,0.9214218854904175,0.0,0.47107438016528924,36.41698122024536,0.7000000000000001,3,1.234,0.333,正为n.
b4468b7d2c794f00a4e3e75fc1dfdd5d.wav,green,全部指标达标,2.688,-25.90838342054048,0.5308824777603149,0.0,0.5597014925373134,26.737868785858154,1.08,6,2.232,0.167,非常搞笑的人。
b449aaca053849a5aca5f1faa2bee0d8.wav,green,全部指标达标,3.712,-22.451122420346753,0.3636678457260132,0.0,0.7081081081081081,32.58643627166748,2.62,8,2.155,0.125,我被老师骂了一顿。
b4617fd2b25d45ef9422eebbb785ede8.wav,green,全部指标达标,3.84,-22.591889976746195,0.31588515639305115,0.0,0.859375,25.392460823059082,1.56,8,2.083,0.125,我说的是合巫战争。
b466d030947b4e4c9907da0e0ecd0beb.wav,green,全部指标达标,3.456,-24.02957615378074,0.6884496808052063,0.0,0.6918604651162791,30.101068019866943,1.22,11,3.183,0.182,将池中的老人变成美人鱼。
b49a2838c204455cb25f0e72686e662d.wav,yellow,VAD=25%,4.224,-36.73788477607273,0.12309525907039642,0.0,0.24644549763033174,17.805365324020386,0.6,9,2.131,0.111,哦，画一个喜庆的熊猫。
b4a5edb195e2429b8844a9f7b0c32b37.wav,yellow,语速=0.72,6.912,-21.94058066081018,0.9900000095367432,0.0,0.7420289855072464,26.709303855895996,1.84,5,0.723,0.2,来了，今天啊。
b4bb70e8c77b46b29d195ce71219832f.wav,green,全部指标达标,3.968,-20.69379432637724,0.5681270956993103,0.0,0.7424242424242424,29.748880863189697,0.96,7,1.764,0.143,未来城市的大狗。
b4c1c1df120e4965805e0547eacea86b.wav,green,全部指标达标,2.048,-25.86212559380668,0.32773667573928833,0.0,0.4803921568627451,26.664540767669678,0.32,6,2.93,0.333,小么？你是什么？
b4d6d6ebdf0845cb9dda341b16efa61b.wav,green,全部指标达标,8.064,-27.39784507670079,0.27944064140319824,0.0,0.5732009925558312,24.95208501815796,1.16,21,2.604,0.095,你觉得王者荣耀周年庆返场投票谁投的水票最多？
b4fe4b658b754c5892171609e21cdf93.wav,green,全部指标达标,3.072,-23.93843394594387,0.5036565065383911,0.0,0.6797385620915033,35.996761322021484,2.08,9,2.93,0.111,不过正在热爱我的吧。
b507355e50d549808a478acf486ca8f6.wav,red,音量过低 (-53.6 dB),2.176,-53.632476550648356,0.021522946655750275,0.0,0.0,-inf,0.0,0,0.0,0.0,
b50add2ac844459e830ed223d2b3b913.wav,orange,重复字 80%: 宝宝生宝宝。,2.432,-22.91793003025368,0.718464195728302,0.0,0.6528925619834711,29.914088249206543,1.02,5,2.056,0.8,宝宝生宝宝。
b5104efe669c4d9184ad8cf60c9f4a7f.wav,green,全部指标达标,7.04,-23.63372230503575,0.5352853536605835,0.0,0.7215909090909091,26.570520401000977,4.0200000000000005,14,1.989,0.143,我暗示里暗示零，这是一头大颗绿。
b52c634fb8a3467686f28093948126e8.wav,green,全部指标达标,4.864,-23.51158573377728,0.496182918548584,0.0,0.7530864197530864,26.618854999542236,2.08,13,2.673,0.154,换只画一只名字叫潇湘猪的猪。
b539679351d848f48c2c3e00c9894f1a.wav,yellow,VAD=32%; 语速=1.46,2.048,-26.418261316794855,0.29647743701934814,0.0,0.3235294117647059,32.75725603103638,0.6,3,1.465,0.333,啊，九一。
b57ac9060ba8472997a7dea78a7f3afd.wav,green,全部指标达标,2.176,-28.825224795402985,0.23458123207092285,0.0,0.4444444444444444,30.469954013824463,0.5,4,1.838,0.25,整个期中。
b57ff069ec9449438c79f5ef5a2493ea.wav,orange,VAD 占比低 (14%),6.272,-40.99139525686192,0.12152561545372009,0.0,0.14057507987220447,21.18330955505371,0.64,7,1.116,0.143,现在是什么机器？
b58253a7adb142cf942d8c7fd1d1ace0.wav,green,全部指标达标,5.632,-21.01713616657486,0.9900000095367432,0.0,0.4626334519572954,35.104711055755615,0.78,11,1.953,0.091,九、千辆理想汽车正在比赛。
b5903f8cb5ab4181a7e04d7857b0ea25.wav,orange,重复字 50%: 小志小智小智。; VAD 占比低 (4%),3.424,-48.59408696907717,0.040802001953125,0.0,0.04093567251461988,13.691822290420532,0.1,6,1.752,0.5,小志小智小智。
b5a44d54baa649c987a10817995ac1e8.wav,yellow,VAD=35%,1.792,-22.01507228353845,0.7289186716079712,0.0,0.34831460674157305,35.63327074050903,0.34,3,1.674,0.333,是情话。
b5b963bc4fa542dc839c6cacd7407f4b.wav,green,全部指标达标,2.944,-30.452611776030565,0.2040800154209137,0.0,0.4557823129251701,27.714736461639404,1.06,5,1.698,0.2,想要九零八。
b5c48b4d881441238d8f09419c0492a6.wav,green,全部指标达标,4.736,-23.539473889593445,0.40214109420776367,0.0,0.6440677966101694,29.652633666992188,2.0,14,2.956,0.071,我要画斗罗大陆里面的海神唐三。
b5cd4d5a93314a90afcc381b1c9413d7.wav,green,全部指标达标,4.224,-23.626682690915715,0.444402277469635,0.0,0.7772511848341233,24.243388175964355,0.96,9,2.131,0.111,一个凤凰的裙子跳舞。
b5d2b9584a1b402896aa8d0aa8e289a6.wav,yellow,语速=0.84,4.736,-18.61556010159409,0.9900000095367432,0.0,0.538135593220339,32.831218242645264,1.74,4,0.845,0.5,房间粑粑。
b5d724862b2c499f8802c9dc5991d4ab.wav,green,全部指标达标,2.56,-29.331748854901498,0.2349242866039276,0.0,0.5,20.67978858947754,0.56,5,1.953,0.2,傻逼时刻里。
b5e24be94e3d4d5cb763d92f7c6254ee.wav,yellow,语速=1.37,5.12,-36.87999342847754,0.10543876141309738,0.0,0.5234375,14.038013219833374,2.0,7,1.367,0.143,说不爱三班同学。
b5e46acbee0c45728ca34e8d7ab87983.wav,green,全部指标达标,4.096,-23.81410837314904,0.3592347502708435,0.0,0.7352941176470589,24.608843326568604,1.18,16,3.906,0.125,植物换者，我的世界里面史蒂夫和纳夫。
b5e9a7c734e249469840dc3aaa4ba8f0.wav,green,全部指标达标,1.408,-25.329790700303704,0.3551492691040039,0.0,0.5285714285714286,31.97669506072998,0.52,3,2.131,0.333,接下来。
b5fe74d857174dcfabaca73c240cce16.wav,green,全部指标达标,2.176,-24.467867782904342,0.3545320928096771,0.0,0.5833333333333334,33.51240396499634,0.66,6,2.757,0.167,牛有换果那个。
b61041bc544a4cda819118d94d62c44d.wav,yellow,语速=1.25,3.2,-25.213633071668816,0.43817949295043945,0.0,0.6125,28.143503665924072,0.98,4,1.25,0.25,蜜蜂走来。
b61511d2718d41dd8b86bd06f3e0d46b.wav,green,全部指标达标,3.712,-16.464788799391393,0.9900000095367432,0.0,0.8216216216216217,32.665977478027344,1.3,11,2.963,0.091,然后一辆宾利汽车被粉碎。
b61f220788e44937926ec46a032cd9e6.wav,green,全部指标达标,2.432,-23.986702328454488,0.44794273376464844,0.0,0.5289256198347108,32.202863693237305,1.1,5,2.056,0.2,我想看短安。
b630b26db2ed4a568b204592fab976d8.wav,yellow,VAD=29%,2.816,-27.54434749473914,0.29708540439605713,0.0,0.29285714285714287,33.77814531326294,0.8200000000000001,5,1.776,0.2,那个奥特曼。
b66b7f1a514e4b6cb0c2613588e5509e.wav,green,全部指标达标,3.968,-22.627774244500515,0.869842529296875,0.0,0.7525252525252525,34.405694007873535,2.94,7,1.764,0.143,嗯，赠送的福利脸。
b692d3f89f2f442bb7451c6c574694d5.wav,yellow,语速=1.12,2.688,-24.463008512952836,0.329561710357666,0.0,0.5597014925373134,29.540715217590332,1.34,3,1.116,0.333,霸王龙。
b6b03eef97c44d18a8be4d71e3df5733.wav,green,全部指标达标,2.944,-24.48753062375131,0.3320574462413788,0.0,0.6054421768707483,28.843247890472412,0.9,9,3.057,0.111,相信孩子结婚的照片。
b6babb9b6d314cbeaf75ab8275002cc0.wav,green,全部指标达标,3.072,-25.40219556662641,0.43846410512924194,0.0,0.40522875816993464,34.218738079071045,1.22,6,1.953,0.167,是的，我要跳楼。
b6c96d7f6618497683b1fa73c20a7985.wav,green,全部指标达标,2.816,-14.398048991749299,0.7932496070861816,0.0,0.7428571428571429,31.022579669952393,1.44,6,2.131,0.167,建国航空母舰。
b6d89328cdd54f13b47a6c8322fd34f7.wav,green,全部指标达标,5.504,-23.574330341789196,0.7358653545379639,0.0,0.6072727272727273,26.288905143737793,0.8200000000000001,13,2.362,0.308,不对KK四四大战KK七四四。
b70b6576b7f9436d850c0e0755c3809f.wav,orange,VAD 占比低 (17%),2.176,-36.18166165510313,0.2711116671562195,0.0,0.16666666666666666,23.02258014678955,0.26,5,2.298,0.2,嗯，你是谁呀？
b716f1e57a874e5899bf6c2a2ed65f77.wav,green,全部指标达标,4.48,-17.656479362101393,0.9900000095367432,0.0,0.7544642857142857,34.57947492599487,2.58,10,2.232,0.1,理想汽车被甩到了树上。
b73a7c72180f471091c49cb5c0269363.wav,yellow,VAD=30%; 语速=0.90,3.328,-28.34895510650569,0.2598339915275574,0.0,0.29518072289156627,35.513575077056885,0.98,3,0.901,0.333,你是谁？
b73a93cba2224bd0b3f1ad8ea4ab9dad.wav,green,全部指标达标,4.736,-12.888701852275835,0.9900000095367432,0.0,0.788135593220339,39.38733100891113,2.68,17,3.59,0.235,奥特曼奥特曼奥特曼奥特曼快出来大便。
b75c561b48014c048f0cd1eb03acbc21.wav,orange,VAD 占比低 (12%),3.072,-44.39620783837783,0.0696500912308693,0.0,0.12418300653594772,12.627525329589844,0.12,10,3.255,0.2,画一个冰雪奇缘一个从。
b75cfed4f03a4b6cac73ca7c747222b3.wav,yellow,语速=0.91,5.504,-24.514098655025954,0.5378830432891846,0.0,0.8109090909090909,26.402668952941895,3.74,5,0.908,0.4,活铁山宝宝。
b762aa841f994151892ca9f94009fd1f.wav,green,全部指标达标,2.176,-22.272076758634874,0.5328046083450317,0.0,0.5648148148148148,34.0844464302063,0.92,7,3.217,0.143,正在谈恋爱的人。
b770e721e6f341b2a0dc567494e539f1.wav,green,全部指标达标,1.664,-20.05182775000998,0.3551069498062134,0.0,0.8072289156626506,33.29801797866821,0.7000000000000001,6,3.606,0.167,两人在拼嘴了。
b778e0ffb6ca445f8d9b2ece2bbf4fdb.wav,green,全部指标达标,2.56,-26.79090298355923,0.27870380878448486,0.0,0.5390625,33.57992172241211,1.3800000000000001,8,3.125,0.25,我们学校校长是谁？
b77d32a3b9e847c7bf84e6d835b3631c.wav,green,全部指标达标,2.176,-27.12764372305522,0.2704419493675232,0.0,0.4074074074074074,29.07118797302246,0.88,6,2.757,0.167,就是英年里定。
b789240efdd64deab4b02f3c8ab2971a.wav,red,音量过低 (-57.4 dB),2.688,-57.443259311783194,0.026412222534418106,0.0,0.0,-inf,0.0,0,0.0,0.0,
b794b138b4a542bd808657e0f8475f92.wav,green,全部指标达标,2.048,-19.7528027276402,0.9900000095367432,0.0,0.7352941176470589,37.40056753158569,1.16,5,2.441,0.2,大丛林运动。
b799abe1bd684046b33453cd82672387.wav,green,全部指标达标,3.2,-21.769961250476577,0.6866883039474487,0.0,0.45,32.909133434295654,1.12,5,1.562,0.2,喂，灵蛋超人。
b7b931c8fabc4686a73c9ed3c7d0cf34.wav,green,全部指标达标,2.56,-25.659255633382358,0.9492459297180176,0.0,0.453125,25.07662534713745,0.28,6,2.344,0.167,蛋汤节是什么？
b7f7b30343f84e23837439ca8723facd.wav,orange,VAD 占比低 (14%),4.608,-43.94218559428946,0.05852222070097923,0.0,0.1391304347826087,13.40823769569397,0.28,8,1.736,0.25,今天的天气怎么样？
b7fc034de9384b52a7c1b08ec07756c4.wav,green,全部指标达标,4.992,-20.877052761981133,0.5948364734649658,0.0,0.7309236947791165,28.924663066864014,1.7,20,4.006,0.15,大家看到这首书是里面的捂着的你的下巴脸了。
b844f091087d4c29ad16561827d20aab.wav,green,全部指标达标,4.736,-23.386177567452464,0.4738157093524933,0.0,0.7245762711864406,30.304605960845947,3.38,14,2.956,0.071,帮我画了一下世界上最大的星区。
b84ccd7d6f92455391e206150010c13f.wav,green,全部指标达标,1.92,-11.759650545521012,0.9900000095367432,0.0,0.625,41.17980480194092,0.6,3,1.562,0.333,一道光。
b862c4a3c44a424b83e9e9e5f083077a.wav,green,全部指标达标,4.864,-22.58484660785424,0.3313518166542053,0.0,0.7777777777777778,27.952985763549805,3.04,20,4.112,0.1,你能告诉我windows系统的激活密案吗？
b8731f0d01ce418d9129f09621f2bfbc.wav,green,全部指标达标,2.176,-25.42241597704152,0.32735562324523926,0.0,0.6759259259259259,32.33264446258545,0.72,4,1.838,0.25,旧的飞行。
b8773c3d9b984eb389089f0cbe98bcaf.wav,green,全部指标达标,3.072,-25.65557208955534,0.267365038394928,0.0,0.6339869281045751,28.081064224243164,1.54,9,2.93,0.222,喂，你好你好，请是先边。
b878d890ba984cb98cfb671ec9b62479.wav,green,全部指标达标,3.072,-22.275582920550256,0.8594046831130981,0.0,0.6274509803921569,40.03380298614502,1.9000000000000001,7,2.279,0.143,查迪芬写于了胖。
b89ce7c1eabe48879e7ff356385e2fc1.wav,green,全部指标达标,2.176,-24.964093017343437,0.41176432371139526,0.0,0.4722222222222222,28.322181701660156,0.26,5,2.298,0.2,Akb靴纸。
b8acee11d2f94ea6b7a35302bbc4069e.wav,yellow,语速=0.65,3.072,-24.28095184245327,0.7672830820083618,0.0,0.6339869281045751,28.51022481918335,1.46,2,0.651,0.5,哎呀。
b8b2773d223e44728f44d4d5d94de46f.wav,green,全部指标达标,2.432,-24.913294698091434,0.5318314433097839,0.0,0.5041322314049587,33.661839962005615,1.08,6,2.467,0.167,生成一个效果。
b8d12fd65363427f9b386ce197606914.wav,green,全部指标达标,1.92,-23.820023621869943,0.39429032802581787,0.0,0.5520833333333334,29.49481725692749,0.5,4,2.083,0.25,有一个人。
b8dbe6b734aa440fab48dab3dc4bbf7a.wav,yellow,语速=1.36,2.944,-27.891924813968387,0.3995727002620697,0.0,0.5714285714285714,28.852076530456543,1.58,4,1.359,0.25,加等一下。
b9072aa0eb174ef89b42d61a0d421ea9.wav,green,全部指标达标,5.376,-21.676020921562902,0.8240914344787598,0.0,0.7014925373134329,26.384031772613525,1.08,12,2.232,0.167,请你画一个我的世界的人物。
b91c99ec837146dab1688570ce68dcbe.wav,green,全部指标达标,3.584,-25.76121002299214,0.4332948923110962,0.0,0.5977653631284916,25.884745121002197,1.0,12,3.348,0.167,把它变成红白展板上变成错。
b93491f493784b3e8456ec9390ccb853.wav,green,全部指标达标,2.56,-25.102324659278317,0.3868321180343628,0.0,0.4609375,36.642019748687744,1.18,4,1.562,0.25,九幺短句。
b951786d61db44aeaa4977821d5e40fe.wav,green,全部指标达标,2.432,-24.398063631400497,0.28474652767181396,0.0,0.5867768595041323,28.776774406433105,0.54,6,2.467,0.167,哎，演个试份卡。
b9529fdf671c4e04aa7f4aea4503fd99.wav,green,全部指标达标,2.816,-24.36702464987664,0.6061389446258545,0.0,0.6571428571428571,28.663125038146973,1.58,10,3.551,0.2,小智你是男生还是女生？
b952a7e274e14d1a89eb3fe3fed253b8.wav,green,全部指标达标,2.944,-23.48945903466293,0.32969117164611816,0.0,0.6258503401360545,29.85276460647583,1.22,5,1.698,0.4,肌肉老太太。
b95e43a4411e409088f0535366d3f4ca.wav,yellow,VAD=39%,3.328,-27.586442800533547,0.27982527017593384,0.0,0.3855421686746988,30.493993759155273,0.7000000000000001,8,2.404,0.25,我想打死你，要不要。
b961dcb8a4c54c70a2739cd251f8181f.wav,yellow,语速=1.30,3.072,-24.32109700488848,0.38601747155189514,0.0,0.6013071895424836,32.954139709472656,1.22,4,1.302,0.25,请调程序。
b96470a6c56a490cb9a4724e3f256ad4.wav,green,全部指标达标,4.992,-23.368128214233575,0.408292680978775,0.0,0.7831325301204819,35.127291679382324,3.9,21,4.207,0.095,我在学校里面被人欺负了，他们抢我的书包怎么办？
b980340b9c804a988c827b029592b7b4.wav,yellow,语速=0.95,4.224,-25.213331722881343,0.5213152170181274,0.0,0.5402843601895735,27.206919193267822,0.8200000000000001,4,0.947,0.25,别拿我狗。
b9831ab586404fba8d027a22ce393e70.wav,green,全部指标达标,3.072,-22.16179645971497,0.5283982753753662,0.0,0.8562091503267973,25.330770015716553,2.04,5,1.628,0.2,啊，飞行船狗。
b9a2bd13a28c471cbf3550a9e3f851e5.wav,yellow,VAD=37%,7.68,-28.466778241348827,0.2823103666305542,0.0,0.3671875,28.222825527191162,0.92,20,2.604,0.15,我今天考试考的太差了，家长又压给我，我想跳楼。
b9ac7b32b71c4bf7bd2ba22ab2edda23.wav,yellow,语速=1.42,2.816,-24.43934783721585,0.372947633266449,0.0,0.7071428571428572,31.564056873321533,1.58,4,1.42,0.25,你的家伙。
b9ade0fdb19d4317b33d1c67af2a2ea6.wav,green,全部指标达标,3.072,-26.257163891590075,0.33088165521621704,0.0,0.5032679738562091,27.794957160949707,0.4,8,2.604,0.125,我们要考POT选。
b9e1894b9fa34465acb25da22d608a41.wav,green,全部指标达标,4.352,-25.90117260831969,0.5575432777404785,0.0,0.4700460829493088,27.217822074890137,0.4,10,2.298,0.2,帮我找一个视频刷刷呗。
b9e6ae6de3ec4c2081b369bd8142e7f1.wav,yellow,语速=1.17,2.56,-28.671384966804,0.3809300363063812,0.0,0.4765625,27.462847232818604,0.64,3,1.172,0.333,节日的。
b9e6c178b1db4675befefbdc9da1536f.wav,yellow,语速=0.52,3.84,-24.992105552848436,0.29723694920539856,0.0,0.7552083333333334,31.340255737304688,2.58,2,0.521,0.5,病情。
b9fafefc2ab54da2aa3f2a25ac387826.wav,green,全部指标达标,2.56,-21.645043483232065,0.466727077960968,0.0,0.7578125,29.14783239364624,1.0,4,1.562,0.25,马桶僵尸。
b9fda71cde6b4a7e93e28e00a2c9affa.wav,green,全部指标达标,3.2,-24.81251878427971,0.45066529512405396,0.0,0.6875,25.2632737159729,0.9400000000000001,13,4.062,0.154,我一刀什的问题，你给我感觉啊。
ba0d72e95ed840d8b43a916ce9d43adb.wav,green,全部指标达标,4.352,-23.729159705006225,0.596888542175293,0.0,0.6912442396313364,25.998339653015137,1.82,11,2.528,0.182,厉害大美女，生宝宝的本事。
ba22a07c8d0a4e0f9e27b4e9ecbd0b87.wav,yellow,VAD=30%,1.408,-24.458802875730335,0.3245243430137634,0.0,0.3,35.95505475997925,0.3,3,2.131,0.333,我希望。
ba33156b73064d7085888871a5e7016a.wav,green,全部指标达标,2.432,-24.01138729874362,0.36719468235969543,0.0,0.768595041322314,31.83769941329956,1.86,8,3.289,0.125,你把它做成美人鱼。
ba45c77dc03c426e9fb3bee06d156a71.wav,green,全部指标达标,1.792,-25.08934899758851,0.35965031385421753,0.0,0.4943820224719101,28.844292163848877,0.52,3,1.674,0.333,盯着给。
ba4a095222de4b058ace0c4e1e5d5c8f.wav,yellow,VAD=31%,1.792,-21.70370074445539,0.9733213782310486,0.0,0.3146067415730337,36.98523283004761,0.22,3,1.674,0.333,八十七。
ba615e1050b34c1b9cdb37b4874040f7.wav,green,全部指标达标,2.048,-29.650839035617977,0.3892309069633484,0.0,0.47058823529411764,27.73458242416382,0.9400000000000001,5,2.441,0.2,少数太难了。
ba83ee0613384664a1083b376356e23c.wav,green,全部指标达标,1.92,-22.539365945736606,0.6561506986618042,0.0,0.7291666666666666,30.540428161621094,1.24,3,1.562,0.333,长颈鹿。
ba8e05c291514019b620bcc70d61caf3.wav,green,全部指标达标,2.688,-26.546970847876956,0.3027796745300293,0.0,0.5,31.281113624572754,1.34,8,2.976,0.25,你是谁呀？你是谁啊？
ba94030c67134c7fa65e24ccb321c616.wav,yellow,VAD=33%,1.152,-24.16911259506174,0.4301874041557312,0.0,0.3333333333333333,34.09533739089966,0.18,3,2.604,0.333,两句包。
baa0033467d6487bb632f0b7010ad6c4.wav,green,全部指标达标,2.816,-30.103357807792406,0.20353591442108154,0.0,0.4928571428571429,30.151090621948242,1.3800000000000001,9,3.196,0.111,然后像这两个部分啊。
baa02f8b0589472dba5a191efa45dcc8.wav,yellow,语速=0.92,2.176,-30.91638628783661,0.2564734220504761,0.0,0.4351851851851852,26.984033584594727,0.84,2,0.919,0.5,就是。
baab2630f4734543b4014fcc6cd4bf67.wav,orange,VAD 占比低 (11%),8.064,-39.11582431418084,0.12159980088472366,0.0,0.10669975186104218,24.793808460235596,0.18,12,1.488,0.083,你不用支持到变成动物的事。
bac3f4d1927c4b449a9ed297ce150087.wav,green,全部指标达标,5.12,-13.209607544895242,0.9900000095367432,0.0,0.62890625,40.68420886993408,1.28,13,2.539,0.077,一千三百辆理想汽车正在比赛。
baead76b9b0d420dbdc9e4bc57bdb8bf.wav,green,全部指标达标,3.584,-24.30150322446668,0.358236700296402,0.0,0.6927374301675978,28.788840770721436,1.54,8,2.232,0.125,好，我想变成宇航员。
bb4589912cd44c538da20161c9c0dc2a.wav,green,全部指标达标,1.664,-20.106853556100095,0.569031834602356,0.0,0.4939759036144578,37.42960214614868,0.54,4,2.404,0.5,辛辛苦吗？
bb4cee8e698b4e4d8a32bce967e62337.wav,yellow,语速=1.20,1.664,-26.518947042753386,0.5129952430725098,0.0,0.4819277108433735,28.46175193786621,0.36,2,1.202,0.5,老师。
bb562ccfb5634b889aec3bb393f4550e.wav,orange,语速低 (0.45 字/秒),6.656,-25.02362257867769,0.31140485405921936,0.0,0.49096385542168675,25.551695823669434,2.16,3,0.451,0.333,好活狗。
bb6f4388c4a244a89e495c8c76599515.wav,green,全部指标达标,2.176,-22.056921944952883,0.29462558031082153,0.0,0.6666666666666666,32.93351411819458,1.1,8,3.676,0.125,啊，难道那还有几个？
bb7729c1f81f4ffda45be1184bbdda39.wav,green,全部指标达标,5.376,-14.608990801011839,0.9900000095367432,0.0,0.6082089552238806,42.46254920959473,2.74,10,1.86,0.2,我的我的世这者末影人。
bb8886d936cc42c7b868abb01d17fa15.wav,green,全部指标达标,3.712,-21.54723207038113,0.9312589764595032,0.0,0.7675675675675676,31.29544734954834,1.26,9,2.425,0.222,长着八号腹肌的男的。
bb95c4efc55b4c6f8bb641744049b559.wav,green,全部指标达标,2.56,-30.003822032044813,0.2982640862464905,0.0,0.40625,29.378702640533447,0.8200000000000001,5,1.953,0.2,你是傻子吗？
bbc2200c268843178c066531effc9bd1.wav,red,ASR 字数过少 (0 字),2.048,-18.77151627214697,0.9900000095367432,0.0,0.4117647058823529,41.624388694763184,0.76,0,0.0,0.0,
bbefad3ff80c447b850eda5b4c402285.wav,yellow,VAD=21%; 语速=1.50,6.016,-24.317864830727707,0.866790235042572,0.0,0.20666666666666667,38.65226984024048,0.5,9,1.496,0.222,嗯，我不敢，我要锤死你。
bc01764bf8024fe6821627201dc34cde.wav,orange,重复字 86%: 是嗯嗯嗯嗯嗯嗯。,3.072,-30.083249272061042,0.21660052239894867,0.0,0.47058823529411764,31.459064483642578,1.3800000000000001,7,2.279,0.857,是嗯嗯嗯嗯嗯嗯。
bc15acde7d60453aa1a0dad994651aae.wav,orange,VAD 占比低 (14%),2.944,-43.58866390014745,0.05343560129404068,0.0,0.1360544217687075,16.066012382507324,0.22,3,1.019,0.333,等于零。
bc17dab32a724be68567c5208bbb58ea.wav,yellow,VAD=31%,2.688,-26.926084173561033,0.454741895198822,0.0,0.30597014925373134,34.9695348739624,0.8,5,1.86,0.2,今天吃什么？
bc85f5771d6b4d6fa958c71dca9f8d45.wav,green,全部指标达标,1.92,-18.683385074643855,0.8551739454269409,0.0,0.625,38.516905307769775,1.1400000000000001,4,2.083,0.5,辛苦尿尿。
bc96e4cd276e4774be48c4fe0a6f5541.wav,yellow,语速=1.12,2.688,-23.31261574959719,0.651172399520874,0.0,0.6716417910447762,30.1062273979187,1.0,3,1.116,0.333,什么变？
bcd7b1a30963434490fe744cb41ad5f1.wav,green,全部指标达标,3.968,-23.398751011790484,0.6313328742980957,0.0,0.6919191919191919,29.333934783935547,1.28,8,2.016,0.125,超级的变态熊老师。
bcde574f376c4be6aed1066f4750ab4b.wav,yellow,语速=1.20,3.328,-27.123857224434413,0.38792121410369873,0.0,0.6385542168674698,28.022689819335938,2.02,4,1.202,0.25,你说对了。
bcf6f922cc22435285a00a789f06ca7d.wav,yellow,VAD=37%; 语速=1.20,1.664,-26.34470949854044,0.3054730296134949,0.0,0.37349397590361444,36.46418571472168,0.62,2,1.202,0.5,辫子。
bcfb14e9a77f4261ac06772dbf0432b6.wav,green,全部指标达标,9.088,-25.32350007505191,0.5798181891441345,0.0,0.5594713656387665,27.646329402923584,1.1,18,1.981,0.111,生成一个特别美丽的猪特别气质的猪这样。
bd01016934f544be882d8fad0d36be4b.wav,green,全部指标达标,1.792,-17.670422625416485,0.7568283081054688,0.0,0.7528089887640449,31.41263723373413,0.96,3,1.674,0.333,我特曼。
bd150f893a9040d2b2079b539e91e39d.wav,green,全部指标达标,2.432,-37.3281635577143,0.10243559628725052,0.0,0.4628099173553719,15.571463108062744,0.48,4,1.645,0.5,你好你好。
bd35346a439c4b17983ad822b0ac26fc.wav,green,全部指标达标,4.352,-15.273605082694068,0.9900000095367432,0.0,0.6774193548387096,41.316776275634766,2.36,10,2.298,0.2,长着八块腹肌的老奶奶。
bd41c00334bf4f6f84cdafe564f02770.wav,green,全部指标达标,2.176,-25.87030004254407,0.33104777336120605,0.0,0.49074074074074076,41.166462898254395,1.06,5,2.298,0.2,什么是火影？
bd4dc2f7a33c47bfa14f82d2ecc8e1d2.wav,yellow,VAD=31%; 语速=1.42,2.816,-29.2843668885682,0.20701898634433746,0.0,0.30714285714285716,30.159912109375,0.8200000000000001,4,1.42,0.5,你好你好。
bd5564beb4bd4502a805dc8694bde824.wav,red,解码失败: ,0,-100,0,0,0,nan,0,0,0,0,
bd7002b003ef498296cecf83cc95f3cf.wav,yellow,VAD=39%,9.088,-26.44076809517894,0.7788649201393127,0.0,0.3920704845814978,35.97978591918945,2.4,23,2.531,0.087,啊，真着一个红白手把拿着筷子旁边有个水泥厂的男的。
bd74475e4e6e4be981a92d10b11af6c9.wav,yellow,语速=0.60,4.992,-24.14858583579349,0.5388919711112976,0.0,0.7389558232931727,28.453636169433594,3.64,3,0.601,0.333,对嗯喂。
bdb2a817d02f4d7685afe1e52784344e.wav,green,全部指标达标,2.304,-25.769276172659584,0.290278822183609,0.0,0.4956521739130435,29.188196659088135,0.72,5,2.17,0.2,你跟成人资。
bdb36c57d5d64d13be0c3b91d4c1f84a.wav,green,全部指标达标,6.016,-24.026873997905973,0.8536620140075684,0.0,0.5066666666666667,31.44442081451416,1.46,11,1.828,0.182,哦，我好难受啊，我怎么会动。
bde1223f34c44045b35dacf9ba2886d7.wav,yellow,VAD=33%,3.424,-38.64936435676947,0.12481689453125,0.0,0.3333333333333333,15.014413595199585,0.28,10,2.921,0.1,太阳系八大行星有哪些？
bde70943122f40d3906227b35bed7aa7.wav,yellow,VAD=22%; 语速=0.81,3.712,-26.442033581120214,0.2742795944213867,0.0,0.21621621621621623,42.542667388916016,0.8,3,0.808,0.333,李瑞安。
bdf33696ddc64daa9732b37d0c980f2f.wav,yellow,语速=1.16,3.456,-24.25652565156679,0.6092175841331482,0.0,0.7209302325581395,27.123417854309082,1.24,4,1.157,0.25,你个狗在。
be029c418f224ea08b414b14b3f284f7.wav,green,全部指标达标,1.792,-22.942735174058555,0.3804803490638733,0.0,0.651685393258427,33.19124698638916,1.16,5,2.79,0.2,马灵顿高达。
be05dacc144447ef98a3afe887b3aaa3.wav,green,全部指标达标,13.696,-30.158053971941303,0.29173874855041504,0.0,0.5555555555555556,19.75925087928772,0.78,58,4.235,0.086,我看你说的就是要投递给法方，但是就是这么逼须的呀。所以说到底要投投递给谁样，有没有说明白一点，是要投递给美国，还是要投递给日本？
be123dd5d0b946c5910752299fcc0061.wav,green,全部指标达标,1.792,-22.666230508635618,0.9027246236801147,0.0,0.4943820224719101,32.521820068359375,0.8200000000000001,6,3.348,0.167,这五万多钱啊。
be184ea98cf74d7bbf9ee5a5644ed75d.wav,yellow,VAD=38%; 语速=1.12,3.584,-28.297263543852026,0.29436302185058594,0.0,0.37988826815642457,30.41694402694702,0.48,4,1.116,0.5,真诚真诚。
be1e5544ddd940559ab7301abc46c892.wav,green,全部指标达标,2.432,-22.046234819507873,0.9369902610778809,0.0,0.7272727272727273,29.880759716033936,0.9400000000000001,5,2.056,0.2,白宝萝莉珠。
be26bff6243d44bc867e3740146fd1b8.wav,green,全部指标达标,1.664,-20.887037536817765,0.6612200736999512,0.0,0.8313253012048193,66.31837844848633,1.3800000000000001,4,2.404,0.25,都不会玩。
be36175ae1984b8882f99f4905b41799.wav,green,全部指标达标,1.536,-20.106664217042514,0.9919930696487427,8.138020833333333e-05,0.6447368421052632,31.90899133682251,0.78,4,2.604,0.25,嗯，大胖子。
be476d1988b84f37a5ba0dc49c1763e4.wav,green,全部指标达标,1.536,-23.3730630951746,0.3402463495731354,0.0,0.6447368421052632,26.644840240478516,0.52,4,2.604,0.25,我想老鼠。
be4c0912823f46aa9ed0c46bb2708b05.wav,green,全部指标达标,6.912,-21.729262328758658,0.6506978869438171,0.0,0.8521739130434782,27.38854169845581,4.44,18,2.604,0.111,兔子的大便可以切便，这兔子是鸡链变成色。
be5600813e794fdbbbccff3e3885b288.wav,green,全部指标达标,4.224,-21.571127617560304,0.6661841869354248,0.0,0.6303317535545023,29.9668025970459,0.8200000000000001,10,2.367,0.1,光头强去打着一把雨伞。
be66ff62e4e54ee8829c9fc18a37bd30.wav,green,全部指标达标,1.92,-20.27502781168655,0.7654515504837036,0.0,0.4791666666666667,35.11639595031738,0.58,4,2.083,0.25,你好，傻呀。
be703a29aa5d45398173726116211820.wav,green,全部指标达标,4.096,-16.20278521168222,0.9900000095367432,0.0,0.6176470588235294,37.086894512176514,1.7,9,2.197,0.111,一辆宝石版理想汽车。
be7518bf5c784897aa7251668969b398.wav,green,全部指标达标,4.48,-25.5960598281822,0.36501336097717285,0.0,0.6071428571428571,25.201702117919922,2.16,8,1.786,0.25,记住你老奶奶没事。
bec0e1823c3945dfb05fe0c629f3adf6.wav,green,全部指标达标,6.272,-23.44115187549392,0.6182626485824585,0.0,0.645367412140575,28.383383750915527,1.3,15,2.392,0.2,起码是一直吃画一只苹子，十万一只。
bec112f762f44bd59d1bc0ca6babb43b.wav,green,全部指标达标,2.56,-15.764766526970051,0.8327609300613403,0.0,0.8984375,42.2181510925293,2.3000000000000003,5,1.953,0.2,这进大门前。
bed177c26f2a427597a17e2a79269ee9.wav,green,全部指标达标,9.984,-30.45113508829944,0.319463312625885,0.0,0.40080160320641284,25.106914043426514,0.9,24,2.404,0.083,呃，欢迎这个新球正在听旅游过，然后呢嘴角带着去从那个。
bed650a4a9ed490191b0e47edd2e03c0.wav,orange,VAD 占比低 (16%),4.864,-40.88747377130262,0.16837796568870544,0.0,0.15637860082304528,16.339364051818848,0.12,10,2.056,0.2,嗯，李先生现在还在世吗？
beea85d7dc8b40d197ca6aa4af7f649e.wav,green,全部指标达标,1.408,-22.095209131046047,0.41629666090011597,0.0,0.4142857142857143,38.407795429229736,0.52,3,2.131,0.333,九五零。
bf0b8c5a8bec4ce0b18f3fde147826a6.wav,green,全部指标达标,5.632,-24.18689154368576,0.5064540505409241,0.0,0.5480427046263345,31.258459091186523,1.24,10,1.776,0.1,哇，一个那拉许可，哎，不是。
bf12d4feb2fa45bf9bd8285fcb918460.wav,green,全部指标达标,1.536,-21.643491173783374,0.801505446434021,0.0,0.40789473684210525,33.97751569747925,0.26,3,1.953,0.333,这么多。
bf1e0537355a4f31ad5e3621a42c198c.wav,green,全部指标达标,4.736,-24.19321258046145,0.41611024737358093,0.0,0.6313559322033898,33.912513256073,1.22,15,3.167,0.133,我甚至还想杀别人，我想捅别人一刀。
bf2ce64def43470fa2de755277781eab.wav,green,全部指标达标,3.968,-22.75098468471119,0.448962926864624,0.0,0.898989898989899,27.866873741149902,3.24,10,2.52,0.2,太菜，别别伤了，听到我了。
bf33f33a4c20488f82aa21fb645d0cd8.wav,green,全部指标达标,4.608,-28.44048203141009,0.24026265740394592,0.0,0.4826086956521739,25.58027982711792,1.06,17,3.689,0.176,你好你好，你能不能做一个自我介绍啊嗯？
bf368d2e1526470cb9cfa8de442954ef.wav,green,全部指标达标,3.072,-23.915441027129624,0.31449663639068604,0.0,0.6274509803921569,29.71052646636963,0.6,10,3.255,0.1,里头有很多打杂的情绪。
bf3bd83a3d824027ba359b7ddcafad46.wav,yellow,VAD=32%; 语速=1.16,3.456,-34.50372070143763,0.15415774285793304,0.0,0.31976744186046513,24.029204845428467,0.56,4,1.157,0.25,嗯，你是谁？
bf6491057c694687afeab6eb6f6ce93f.wav,red,ASR 字数过少 (0 字),1.536,-22.559695290178283,0.4110872149467468,0.0,0.6052631578947368,30.574219226837158,0.5,0,0.0,0.0,
bf69ccdad46d4b97b753a71a49fbeb28.wav,yellow,VAD=39%,1.664,-26.498144423497948,0.2993122935295105,0.0,0.3855421686746988,31.13316297531128,0.38,3,1.803,0.333,陈思雨。
bf69f777bfd847c5b4da2f5f3b8ecbd3.wav,green,全部指标达标,5.12,-23.965363925492525,0.4339289665222168,0.0,0.53515625,32.44237422943115,0.9400000000000001,9,1.758,0.111,一个被炸烂了的飞机。
bf6a7509a6ec46d4b0b9020768be3210.wav,yellow,语速=0.92,4.352,-15.484207315339502,0.8123111724853516,0.0,0.8525345622119815,32.056071758270264,2.14,4,0.919,0.25,和椰子吃。
bf72257e0c3a4a56a903b41841a1852c.wav,green,全部指标达标,3.072,-19.55247234547635,0.9419682025909424,0.0,0.7058823529411765,31.025385856628418,0.56,5,1.628,0.4,吃门口门口。
bf90ade6d30f4d45b89d5d96f390d40b.wav,green,全部指标达标,6.912,-22.963142693994456,0.4940111041069031,0.0,0.6666666666666666,27.66817569732666,2.3000000000000003,13,1.881,0.077,我的世界一杯和希欢你就结婚。
bfac114876fc47a887fde19a182b0664.wav,green,全部指标达标,2.688,-14.92677472428836,0.8377645015716553,0.0,0.8880597014925373,34.5329475402832,1.8,5,1.86,0.2,嗯，来自祖国。
bfb3ee8e088747c6a6b6ae197f21d992.wav,red,音量过低 (-51.1 dB),2.944,-51.10225037311018,0.02678387612104416,0.0,0.02040816326530612,15.019080638885498,0.06,0,0.0,0.0,
bfc61aa0e34d423d809aca41bf71aed7.wav,yellow,语速=1.25,3.2,-23.790016019025458,0.8559998869895935,0.0,0.575,29.17229652404785,0.6,4,1.25,0.25,傻逼坦克。
bfdb0e1749b94f85a226ccb0713e7376.wav,green,全部指标达标,6.784,-18.11276571113442,0.8709056377410889,0.0,0.7522123893805309,29.527292251586914,1.68,16,2.358,0.125,雷达黄金超级赛跑跑车第一名的那种。
bff0d830153f4097b9855532eb5a017c.wav,yellow,VAD=33%,1.536,-22.737408051875395,0.5216838121414185,0.0,0.32894736842105265,34.84968185424805,0.34,6,3.906,0.333,我姐经等我了。
bffd10d080494d5bb44b185730f04ee8.wav,orange,VAD 占比低 (6%),3.072,-47.36424174675164,0.0478428490459919,0.0,0.058823529411764705,15.330605506896973,0.12,6,1.953,0.167,我想拜他为师。
c01c9ef58abd4428936d689ce3c9172d.wav,yellow,语速=1.23,6.528,-23.968531402701444,0.44322383403778076,0.0,0.6595092024539877,26.412384510040283,2.48,8,1.225,0.125,的话语，一艘机器人。
c0214ca0253d4567893eefb86c4d725f.wav,yellow,VAD=34%,2.816,-30.112094933370862,0.2541118264198303,0.0,0.34285714285714286,26.231212615966797,0.46,8,2.841,0.25,你好，三四五六幺五。
c02154513b6a4a7ab10bab04c97f471c.wav,green,全部指标达标,1.792,-23.057167221254694,0.4900422692298889,0.0,0.651685393258427,29.055156707763672,0.9400000000000001,5,2.79,0.2,美女加上好。
c02a2d9796fd4f55a288074281c5e1a8.wav,yellow,VAD=39%,8.576,-28.49583272108952,0.25550198554992676,0.0,0.3925233644859813,29.08853530883789,1.0,18,2.099,0.167,是吧我想自杀，我那种安眠药，我要买安眠药。
c04483a50aa34489ba2cb85a2a187e2e.wav,green,全部指标达标,5.632,-24.132895899099175,0.3278074562549591,0.0,0.594306049822064,31.064002513885498,1.98,19,3.374,0.105,总是有同学问我，收网络费，我都不敢去学校了。
c04c934ea2f94f2a9e1f7af43003b3ae.wav,green,全部指标达标,2.816,-27.681086956071617,0.28581151366233826,0.0,0.6142857142857143,28.034563064575195,0.92,8,2.841,0.125,在提是你要问答的。
c05241da33414ba0b7c8b9b77682a940.wav,green,全部指标达标,5.376,-23.551765816063607,0.5053501129150391,0.0,0.6380597014925373,31.16903305053711,0.96,17,3.162,0.059,同学骂我怎么如何高级的反击十条语录。
c064a49b884c4236a174ae223b32d3b4.wav,red,ASR 字数过少 (1 字),3.584,-26.847291653941948,0.3265790343284607,0.0,0.5977653631284916,25.638649463653564,2.06,1,0.279,1.0,啊。
c077092b1ee34fb4bfede110db0ef683.wav,green,全部指标达标,3.712,-26.192649395001443,0.43898722529411316,0.0,0.572972972972973,25.189406871795654,0.48,7,1.886,0.286,你是傻子吧？你是。
c079ee9e3189413aa8a0b81b11bb99f7.wav,red,ASR 字数过少 (0 字),3.584,-26.507211249193006,0.28525376319885254,0.0,0.6256983240223464,27.96539306640625,2.2,0,0.0,0.0,
c096c7e1043248729d15ce4b708ffa74.wav,green,全部指标达标,2.176,-21.665094363096316,0.30280691385269165,0.0,0.7407407407407407,32.27671146392822,1.5,5,2.298,0.4,肌肉老奶奶。
c0aa3ae305584d46b871ad742ca609ad.wav,yellow,语速=1.14,5.248,-21.402797230162612,0.7989210486412048,0.0,0.7862595419847328,32.72350072860718,2.2600000000000002,6,1.143,0.167,妈啊，什么东你。
c0b7da61d04446f286e50d0a055d4e73.wav,green,全部指标达标,2.048,-21.8369653832097,0.4013426601886749,0.0,0.5784313725490197,34.684767723083496,0.78,5,2.441,0.2,话说大美女。
c0d0b8ec7846404c958759150c45dcaa.wav,green,全部指标达标,2.816,-20.93955823505221,0.5772101879119873,0.0,0.7142857142857143,30.680725574493408,0.7000000000000001,8,2.841,0.25,你给我画你自己吧。
c0da2729cf50495cabf1d25eb7e6cb9b.wav,orange,VAD 占比低 (18%),4.608,-33.7974362280793,0.18810297548770905,0.0,0.1782608695652174,33.51752758026123,0.7000000000000001,6,1.302,0.167,嗯，因为信息题。
c0e60d1b15ef43018a1d63130b987d94.wav,yellow,语速=1.42,1.408,-24.584059923109525,0.39501896500587463,0.0,0.5857142857142857,23.97010087966919,0.64,2,1.42,0.5,哎呀。
c0fb1675b0c54279b5247618dc4287f5.wav,green,全部指标达标,2.816,-23.522775105634285,0.41659069061279297,0.0,0.8071428571428572,27.64500141143799,1.06,8,2.841,0.25,你为为什么不可我？
c10c184a7b6149a5b4acc043df2e8121.wav,green,全部指标达标,2.56,-23.65508737422031,0.46813681721687317,0.0,0.703125,29.90257740020752,1.36,4,1.562,0.25,盲虎赛书。
c11f98441bbd44d4aab11afbc9fca803.wav,green,全部指标达标,2.688,-25.34992273636803,0.324417382478714,0.0,0.417910447761194,37.06745386123657,1.12,6,2.232,0.167,精工独斗的人。
c12e289f9fb04e4ab5026e41eb528a39.wav,yellow,语速=1.17,2.56,-21.55412751554052,0.5800472497940063,0.0,0.78125,42.49819278717041,1.96,3,1.172,0.333,落路人。
c13da1ca241e4954ad52b7b186402227.wav,green,全部指标达标,4.224,-21.824413322274054,0.5844476222991943,0.0,0.7819905213270142,27.21869468688965,1.0,13,3.078,0.154,帮我看一条可爱的，还还叫小狗。
c14406afe650408a8707a14abd7e87e2.wav,yellow,VAD=37%; 语速=1.30,1.536,-27.448427307912834,0.3792117238044739,0.0,0.3684210526315789,28.129916191101074,0.5,2,1.302,0.5,没有。
c183733992c74d5893c119edb3428a57.wav,yellow,VAD=25%,1.024,-19.748253168111578,0.9899999499320984,0.0,0.2549019607843137,44.811744689941406,0.22,2,1.953,0.5,我们。
c191c1d4561a4ef18a3f3d12008afbf0.wav,green,全部指标达标,3.84,-24.76175188131604,0.3374395966529846,0.0,0.6145833333333334,31.28990650177002,1.08,13,3.385,0.077,你们挂什么没有用，我再去找的。
c1921162135a4c398ac0dcf1a921c8fb.wav,red,ASR 字数过少 (0 字),1.28,-43.89556318684158,0.12109526991844177,0.0,0.046875,24.631779193878174,0.04,0,0.0,0.0,
c1a2b68ad06343b7b66677a0e5e956aa.wav,orange,VAD 占比低 (8%),4.992,-46.14695388935786,0.08639667928218842,0.0,0.08032128514056225,13.423205614089966,0.18,11,2.204,0.091,特朗普生衰超人就是反正。
c1b37b08cc874b1993ec509626c11e9c.wav,yellow,语速=1.35,3.712,-24.93967208189271,0.7762511968612671,0.0,0.6810810810810811,25.54537534713745,1.2,5,1.347,0.2,就淘西江狱。
c1c0e8aa6e8a4d818f698d90265ba35a.wav,orange,重复字 44%: 嗯，还的还的还在还在。,3.072,-23.239320267348305,0.5019316673278809,0.0,0.7581699346405228,33.630313873291016,2.3000000000000003,9,2.93,0.444,嗯，还的还的还在还在。
c1d8c43cd17e4a9cb23609de9057c7d9.wav,yellow,VAD=37%; 语速=0.71,2.816,-31.883149344859547,0.22989872097969055,0.0,0.37142857142857144,24.986002445220947,0.42,2,0.71,0.5,沙滩。
c1e65cd53ff8469e86afc5e7984e753f.wav,green,全部指标达标,6.272,-19.644135833942112,0.9900000095367432,0.0,0.5782747603833865,31.962177753448486,0.62,10,1.594,0.4,八十八十八十八十大锤。
c208449a214d449da9a00aa6321cf477.wav,yellow,语速=1.17,2.56,-13.789228393569452,0.9900000095367432,0.0,0.546875,40.54191589355469,0.76,3,1.172,0.333,小奶狗。
c23627ddfda74b06a14abfb7736489cf.wav,green,全部指标达标,2.304,-21.92975763282924,0.45613592863082886,0.0,0.7043478260869566,30.982789993286133,1.08,4,1.736,0.25,我的母儿。
c24972c01ae34da699f73170aa917b80.wav,yellow,语速=1.08,3.712,-21.31816598344173,0.5713198781013489,0.0,0.6702702702702703,36.15088939666748,2.46,4,1.078,0.5,美丽娃娃。
c2904e1975674b8ca5a8e5f9fab57ba9.wav,green,全部指标达标,3.84,-29.345934466237217,0.2464148998260498,0.0,0.4479166666666667,30.354955196380615,1.56,11,2.865,0.091,行，那现在就要去买安眠药。
c2dbb4af09b54bb089428f010083bf45.wav,orange,语速低 (0.46 字/秒),6.528,-24.24323673193833,0.5861899852752686,0.0,0.8098159509202454,30.6836199760437,5.24,3,0.46,0.667,好不好？
c2dd7269a6024fb7a91deacfd550bf05.wav,green,全部指标达标,3.712,-22.428722000821324,0.39415839314460754,0.0,0.6648648648648648,28.158652782440186,1.24,6,1.616,0.167,我的世界光头。
c2f7a006daee4b5ca6fa052f8ba71c39.wav,green,全部指标达标,4.48,-18.075605849633966,0.9900000095367432,0.0,0.5758928571428571,34.224467277526855,0.74,10,2.232,0.1,一个理想汽车变形金刚。
c302ddeb769d42e19bf6e03117cd8a59.wav,green,全部指标达标,8.832,-23.19101072422661,0.8283419609069824,0.0,0.4489795918367347,32.31975078582764,0.56,19,2.151,0.158,嗯，我要吃一顿的安眠药，我要自杀，我也要杀人。
c3092719b11b4bdeb91cc6088f28873e.wav,green,全部指标达标,11.392,-20.304053385278426,0.7747365236282349,0.0,0.7100175746924429,32.116451263427734,1.44,26,2.282,0.077,我操一个人开着理想汽车，发现车的后边有两只小海星看着他。
c318571ed6f14c8bab8aee6ea5903b1c.wav,green,全部指标达标,1.92,-21.437271864009546,0.9125980138778687,0.0,0.59375,38.69659423828125,1.1400000000000001,3,1.562,0.333,其大地。
c3260b57a8db49838b3aa29717be3f74.wav,yellow,语速=1.12,4.48,-25.01798046080236,0.3528388738632202,0.0,0.6026785714285714,26.590266227722168,2.2,5,1.116,0.2,哦，三只小猫。
c328381d4b4e49c9abf477817b7ff8f2.wav,yellow,语速=1.38,2.176,-12.325400616916847,0.9899999499320984,0.0,0.5462962962962963,40.21339416503906,0.56,3,1.379,0.667,拉臭臭。
c34ddea216694480856014f8df98813f.wav,yellow,VAD=28%,1.536,-26.614359985581736,0.28824394941329956,0.0,0.27631578947368424,33.69812250137329,0.28,3,1.953,0.333,大拇指。
c351069a0235496aaccdee5c991baaee.wav,yellow,语速=0.58,3.456,-21.359162320593512,0.5747241973876953,0.0,0.6104651162790697,32.35293626785278,1.94,2,0.579,0.5,礼杰。
c362c18b68a24b9098c8df21b5ea633e.wav,green,全部指标达标,1.664,-21.302999907684313,0.6880761384963989,0.0,0.5783132530120482,30.94108819961548,0.46,4,2.404,0.25,大建房子。
c375edff95984fdeaa0129de15b5f43b.wav,green,全部指标达标,1.92,-25.096077306089697,0.3024922013282776,0.0,0.5520833333333334,30.850164890289307,0.76,4,2.083,0.25,你回复了。
c37c7af7580d48a4bf702d37a17dbdcf.wav,green,全部指标达标,5.632,-24.25133074608705,0.5251972675323486,0.0,0.4412811387900356,30.846116542816162,0.74,11,1.953,0.182,我要喝孟婆汤，我要自杀嗯。
c388ba78751f47f0bb65e741a2635cf2.wav,green,全部指标达标,7.936,-20.996473682733438,0.8763154745101929,0.0,0.5984848484848485,31.006102561950684,1.04,16,2.016,0.25,理想l六理想l七理想l八理想l九。
c389a3f74a3240e3b10d296d0dc0ac44.wav,green,全部指标达标,2.688,-20.30423769336686,0.5180336833000183,0.0,0.664179104477612,31.219232082366943,0.64,5,1.86,0.2,这是小土球。
c391370c68e044288b92281c84eef1b0.wav,yellow,VAD=37%,2.56,-28.66069015639304,0.2781081795692444,0.0,0.3671875,32.086474895477295,0.9400000000000001,4,1.562,0.25,你傻的啦。
c392ee811c994f42be140465e2d3a20b.wav,green,全部指标达标,6.784,-18.513811456653364,0.9900000095367432,0.0,0.6578171091445427,33.621695041656494,0.9,17,2.506,0.118,一辆理想汽车进入了一个洞穴里，正在开。
c39a6baaa91c4a6f95d6c0a53e285161.wav,green,全部指标达标,4.736,-15.44463886409688,0.9899999499320984,0.0,0.6271186440677966,39.757397174835205,1.04,8,1.689,0.25,一辆理想MAGA.
c3c626cbde3642f585446a5fd89b44dd.wav,green,全部指标达标,1.92,-25.522022201187337,0.31228986382484436,0.0,0.6354166666666666,27.62989044189453,1.1,3,1.562,0.667,是妙妙。
c3f6780eec244403b9de21e53f4e785f.wav,yellow,语速=1.20,4.992,-22.480772957535336,0.7515479922294617,0.0,0.5662650602409639,28.840816020965576,1.08,6,1.202,0.167,遥控理想汽车。
c418b3c7ebcb4b46acb3571ad8534fa5.wav,green,全部指标达标,3.328,-23.831471875396744,0.3440614938735962,0.0,0.7530120481927711,28.020668029785156,1.6600000000000001,14,4.207,0.143,什么事多？拉姆伯后的生日是多少？
c42d33e114f84b73a7861058d33fa47c.wav,green,全部指标达标,2.048,-22.198823262226853,0.30989113450050354,0.0,0.7941176470588235,28.33596706390381,0.76,5,2.441,0.2,然后擎天柱。
c431a8e3234d435faabb999a83fb5b11.wav,green,全部指标达标,6.912,-19.00330193260651,0.9311922192573547,0.0,0.736231884057971,33.2570481300354,1.22,24,3.472,0.125,怪盗基德和柯南在玩柯南杀了基德，基德的灵魂杀了柯南。
c43a363a9be44b7ebe1962651369c467.wav,green,全部指标达标,1.792,-17.4161021315157,0.9900000095367432,0.0,0.5056179775280899,39.947335720062256,0.76,3,1.674,0.333,兵力在。
c43f206ae4354ab4aa6c571cc715b2c0.wav,green,全部指标达标,4.224,-22.15745980114061,0.7619099617004395,0.0,0.5545023696682464,30.53023099899292,0.78,11,2.604,0.091,长着八块腹肌的劳动，然后。
c449e3c9f72b477293ce12892c2b9e7e.wav,green,全部指标达标,3.84,-26.618540081566756,0.4400273561477661,0.0,0.46875,30.059845447540283,0.58,6,1.562,0.167,画一个鬓角猪。
c4612c8124564bd99129efbd4d332397.wav,green,全部指标达标,2.56,-25.166380844309828,0.45755988359451294,0.0,0.453125,33.59975814819336,0.52,4,1.562,0.25,宝包女士。
c47e4c1917114d0aa8d5a57d22e0f784.wav,orange,VAD 占比低 (15%),4.224,-33.325200683597245,0.17437076568603516,0.0,0.14691943127962084,26.726253032684326,0.22,7,1.657,0.143,哦，重建，因为今弟。
c499d9b414a94493a08d98cc91ac28a6.wav,green,全部指标达标,3.072,-22.66951402866607,0.4383227229118347,0.0,0.8235294117647058,33.90751838684082,2.2800000000000002,7,2.279,0.286,毛姆从国后以后。
c4b3625ed63a4804bcb1c3050958b9fd.wav,green,全部指标达标,1.92,-22.04466564068033,0.7471152544021606,0.0,0.5833333333333334,33.3208441734314,0.62,4,2.083,0.25,什么情况？
c4b736af04ed4508b34ccd8dfac48ea4.wav,green,全部指标达标,3.712,-22.0705589149328,0.48392921686172485,0.0,0.6864864864864865,28.579297065734863,0.76,10,2.694,0.2,猫咪肥瘦，还有兔子肥瘦。
c4ba9d7aa05a4347bacba4d9155a6632.wav,green,全部指标达标,2.176,-23.965157568670563,0.29357558488845825,0.0,0.6759259259259259,32.3160719871521,1.34,5,2.298,0.2,去两万农里。
c4ca0b0e0da244eb9cc0b634902afa2f.wav,green,全部指标达标,1.92,-19.4944597478696,0.9626877307891846,0.0,0.53125,34.14961814880371,1.02,3,1.562,0.333,大王儿。
c4d736c8ae424f729c40fb1f120b2f2c.wav,yellow,语速=0.73,4.096,-14.919934721304184,0.76200932264328,0.0,0.9362745098039216,51.944169998168945,3.8200000000000003,3,0.732,0.667,这里里。
c4e6d5756fb64d3d92c467daa0f73680.wav,green,全部指标达标,5.12,-25.076725317665275,0.4795723557472229,0.0,0.734375,29.075522422790527,2.4,12,2.344,0.083,先答应说你刚才哎，那我美女。
c4f9fe7df84246358a39793e2d9a3115.wav,green,全部指标达标,1.664,-23.07558438802345,0.4698953330516815,0.0,0.5542168674698795,28.74363422393799,0.46,3,1.803,0.667,狗狗的。
c5018091d94a44cc8c5f11fa195de4eb.wav,yellow,语速=1.22,4.096,-19.385446411929564,0.6651507019996643,0.0,0.6176470588235294,31.594834327697754,1.1,5,1.221,0.2,鸡苹果公学。
c50845d7c5e8457893b78a6794c97dec.wav,yellow,VAD=35%,4.16,-34.89297743382986,0.17425537109375,0.0,0.34615384615384615,18.758907318115234,0.32,13,3.125,0.154,聊聊你觉得有趣的生活小技巧。
c532e5e4d7204a11b94c541e96c34d60.wav,yellow,语速=1.38,2.176,-24.267719140187193,0.34666335582733154,0.0,0.6203703703703703,38.42326879501343,1.3,3,1.379,0.333,嗯，你好。
c53712165fef49a3a57a3e80cb4260ce.wav,green,全部指标达标,3.84,-22.426125483727954,0.6696292161941528,0.0,0.8125,30.20620584487915,2.66,9,2.344,0.111,我是张丝晶小兔培训。
c53c19799c854df69b6ab05340939e75.wav,green,全部指标达标,3.712,-23.949892594326847,0.4548637568950653,0.0,0.6162162162162163,33.431453704833984,1.26,11,2.963,0.091,帮我画一个肌肉感大美女。
c554055a15aa4154874a87df2b6df831.wav,green,全部指标达标,2.304,-14.050785718440393,0.8747192025184631,0.0,0.782608695652174,36.74798250198364,1.6,7,3.038,0.143,我刚以为想打死。
c56fff299ec345b9a596f22358f92fd4.wav,yellow,语速=1.30,2.304,-22.390181875043407,0.7993389368057251,0.0,0.5304347826086957,34.85311269760132,1.04,3,1.302,0.333,杨老师。
c572f02c0e004688a8e32456506959bb.wav,red,ASR 字数过少 (0 字),3.84,-21.92319631240036,0.9900000095367432,0.0,0.5572916666666666,27.87135601043701,0.84,0,0.0,0.0,
c5c99ddac90e494994b0064449f95765.wav,yellow,语速=1.41,6.4,-24.525963255079184,0.5338048338890076,0.0,0.71875,23.759334087371826,2.42,9,1.406,0.111,画出一个鲁生的女孩。
c5d65241ebcb452db2cf85fad316423d.wav,yellow,语速=0.93,17.152,-30.815157993685087,0.3060872554779053,0.0,0.456242707117853,19.466073513031006,1.98,16,0.933,0.062,挖掘机没有啊，你装修店在吗？精神积累。
c5e60930c94947148d6dd31a889bdf90.wav,green,全部指标达标,2.688,-15.57150524230616,0.9900000095367432,0.0,0.5223880597014925,40.87916851043701,0.98,7,2.604,0.143,我的世界小人儿。
c5eef4621b254869b68d45caf93beeb1.wav,orange,重复字 50%: 你好你好，你好。,2.432,-33.12776755591025,0.16023042798042297,0.0,0.4380165289256198,20.397701263427734,0.44,6,2.467,0.5,你好你好，你好。
c5f3a86113ba42b6af17e136b50d49c4.wav,green,全部指标达标,3.2,-23.40015226971712,0.4124072790145874,0.0,0.71875,41.13656044006348,2.3000000000000003,12,3.75,0.167,我跟我同学吵架了，好伤心啊。
c5f74dcb23794e7f8df14a8f5ad5f0a3.wav,green,全部指标达标,9.472,-22.699760132201888,0.6350746750831604,0.0,0.6701902748414377,29.76076602935791,1.42,37,3.906,0.135,不知如果如果红细胞看到白细胞暴饮貌食会怎么样呢？红细胞白细胞后会分噬红细胞呢。
c60fe5fb79904b92967f0901baf3a329.wav,green,全部指标达标,3.712,-21.938436656126324,0.5050394535064697,0.0,0.7891891891891892,36.96995496749878,2.92,11,2.963,0.091,画一个哪吒手里拿着魔丸。
c61302b35a0745eaa924813ba194e665.wav,green,全部指标达标,5.248,-25.458593515080143,0.36969637870788574,0.0,0.4198473282442748,29.269070625305176,1.0,11,2.096,0.091,成为一个断续的工程认求。
c61d4c829d724d708cc2bc81a63492f3.wav,green,全部指标达标,7.552,-16.000099765471912,0.9900000095367432,0.0,0.5915119363395226,35.13006925582886,2.1,13,1.721,0.154,我想变成多邻国软件里的多儿。
c62ddab103a94d23a6cbb7b596ac4ce7.wav,green,全部指标达标,2.56,-30.639738637352668,0.18087074160575867,0.0,0.515625,29.66937780380249,1.32,6,2.344,0.333,你是谁？你是谁？
c6462e5ccc724de0b053c49b66d650b7.wav,yellow,VAD=28%; 语速=1.16,3.456,-36.18072668745395,0.13123221695423126,0.0,0.28488372093023256,26.123814582824707,0.98,4,1.157,0.25,嗯，你好吗？
c64caf51a8e34c81b32fb3d0de93c223.wav,red,ASR 字数过少 (0 字),5.7,-39.366365905357085,0.09234619140625,0.0,0.23508771929824562,18.289211988449097,1.08,0,0.0,0.0,
c669829c6fbd405ea3c3af53694a6379.wav,orange,重复字 50%: 你好你好，你好。; VAD 占比低 (7%),3.104,-44.07222762766315,0.091400146484375,0.0,0.07096774193548387,18.89928102493286,0.1,6,1.933,0.5,你好你好，你好。
c66ed251b3c2412ba349988ca2e89208.wav,yellow,VAD=36%,1.92,-28.073367550020436,0.5755349397659302,0.0,0.3645833333333333,29.999477863311768,0.68,4,2.083,0.25,二又一人。
c674d3ac3d8545a4a5c1b336fecaf2a3.wav,green,全部指标达标,3.072,-23.264492595228255,0.4135340452194214,0.0,0.738562091503268,29.01700496673584,1.48,7,2.279,0.143,这个你不行，请么？
c679d6ad73284266ba11b7eabc8bbf37.wav,yellow,语速=0.62,3.2,-19.46624773727503,0.8113929629325867,0.0,0.6125,31.392805576324463,1.12,2,0.625,0.5,一天。
c67a5329bee14c6fa73e2e1835efb0ff.wav,green,全部指标达标,3.2,-24.616470907030212,0.3448272943496704,0.0,0.65625,36.63248538970947,2.08,7,2.188,0.143,不能给磨沙子的。
c69092f62a884314a35240ffa1a1fabc.wav,yellow,VAD=32%,4.864,-35.796974497711254,0.20560237765312195,0.0,0.32098765432098764,15.481534004211426,0.3,9,1.85,0.111,嗯，明天是什么节日吗？
c6a5ca0a87e849899de96bbc3adcb8d0.wav,green,全部指标达标,3.84,-14.422614324210665,0.9900000095367432,0.0,0.5989583333333334,39.25380229949951,0.8200000000000001,9,2.344,0.111,一辆绿色的理想汽车。
c6a9b887aa114c88a57f16833ae0fad1.wav,yellow,语速=1.35,3.712,-21.069482005074324,0.9900000095367432,0.0,0.41081081081081083,39.54730749130249,0.8200000000000001,5,1.347,0.2,三d打印机。
c6aff5ea541c413eb80ec5101edc0895.wav,green,全部指标达标,2.56,-23.66131450256034,0.3465736508369446,0.0,0.75,26.029634475708008,0.9400000000000001,6,2.344,0.167,现在又就是他。
c6db9bc8279f4299b5d930d972d0f64c.wav,green,全部指标达标,3.2,-22.769809231532122,0.4112469553947449,0.0,0.7625,25.899827480316162,1.3800000000000001,8,2.5,0.125,老师，你是动这我吗？
c6efff42b2f54dcb8d0fadf887b6ccad.wav,yellow,VAD=38%; 语速=1.23,2.432,-24.647562729888286,0.38584399223327637,0.0,0.38016528925619836,35.71597337722778,0.54,3,1.234,0.333,敖瑞鹏。
c705dbe8a674427e97202686920988dd.wav,green,全部指标达标,3.072,-22.27781852227252,0.5127461552619934,0.0,0.738562091503268,25.11707067489624,0.96,10,3.255,0.2,两个人躺在躺床上，亲嘴。
c70fb23543c3438eb5fee19e03e48e2e.wav,yellow,VAD=37%; 语速=0.92,2.176,-34.127223850325905,0.15088650584220886,0.0,0.37037037037037035,21.290125846862793,0.36,2,0.919,0.5,张鱼。
c714835e62534113a2183474b30398ef.wav,yellow,VAD=23%; 语速=0.52,3.84,-25.13327432574225,0.40118831396102905,0.0,0.22916666666666666,38.78988265991211,0.78,2,0.521,0.5,您俩。
c72405175b3c42a9883c4982d6cadc57.wav,green,全部指标达标,2.56,-23.81665374618484,0.35394150018692017,0.0,0.6796875,25.260913372039795,1.26,8,3.125,0.125,就新发一个照路亲。
c72ad0da63864afcaa57aeea6dfe1144.wav,green,全部指标达标,1.792,-23.308229366711984,0.6497722864151001,0.0,0.6404494382022472,31.26168727874756,0.86,4,2.232,0.25,公号里面。
c72d802022224132a6fb192fffe2e479.wav,green,全部指标达标,1.92,-23.93053054438974,0.5534681081771851,0.0,0.5520833333333334,31.44535541534424,0.96,4,2.083,0.25,联信他吧。
c73c74950707460b87030ef86ae6b393.wav,green,全部指标达标,2.816,-24.62245966846122,0.3230664134025574,0.0,0.5071428571428571,30.083045959472656,0.64,9,3.196,0.111,嗯，一个没头脑的家伙。
c7436c0c684c4754b3ddab0544d76fb5.wav,green,全部指标达标,1.792,-25.51315613957748,0.3362145721912384,0.0,0.550561797752809,30.22266149520874,0.74,3,1.674,0.333,的冰板。
c74dc4006cf74a2d8a738423bdfd6159.wav,red,ASR 字数过少 (0 字),5.376,-37.028651749748434,0.12871988117694855,0.0,0.05970149253731343,33.52379083633423,0.32,0,0.0,0.0,
c75c06c6f21d405eac2258fa4da11189.wav,green,全部指标达标,7.296,-25.191967343990108,0.4174126386642456,0.0,0.6785714285714286,23.541293144226074,1.08,23,3.152,0.087,生成一个特别q萌和笑人，特别有气质的女孩叫朱北辰。
c768bfa3d90e4a678571ef54c4fb19f4.wav,green,全部指标达标,2.432,-24.550400641071924,0.3044821321964264,0.0,0.6033057851239669,26.073832511901855,0.34,8,3.289,0.125,他人是变态小孩儿。
c7a501d7541943a795651dd9b90e598e.wav,green,全部指标达标,6.912,-24.459099155867904,0.476967453956604,0.0,0.6666666666666666,28.866817951202393,1.98,25,3.617,0.08,请形成一下武功实验中学二零二五级三班姜万新的影响品。
c7ada11f16f844f782a6a64ca4133caa.wav,green,全部指标达标,6.4,-23.32462568355933,0.627352774143219,0.0,0.728125,26.806013584136963,2.06,10,1.562,0.1,嗯，no用是描绘的程序。
c7dd0eb61539488b95aada866a2869ee.wav,green,全部指标达标,7.936,-22.837048591690177,0.5649449825286865,0.0,0.7954545454545454,27.009665966033936,2.66,12,1.512,0.167,那那每一个人，吃屎你们你们。
c7e78ad5a34146ac82dceddc2185b9bf.wav,yellow,VAD=29%,3.712,-33.0638932924319,0.2024572342634201,0.0,0.2918918918918919,27.98715591430664,0.42,6,1.616,0.333,嗯，八八金超人。
c83600f1de5149e0adc42b0388360fc2.wav,yellow,VAD=35%,3.456,-27.156681556057364,0.29420235753059387,0.0,0.3488372093023256,30.385348796844482,0.46,7,2.025,0.143,哦，最丑的未演人。
c84df90a01d848a3b2cfe4506a2b682c.wav,yellow,VAD=31%,1.664,-26.796312343676977,0.3756253719329834,0.0,0.3132530120481928,32.1830153465271,0.3,3,1.803,0.333,接起来。
c877248fcbee4d94a33ca139abd584c5.wav,red,音量过低 (-55.4 dB),8.448,-55.37497956937615,0.02841644361615181,0.0,0.004739336492890996,17.471144199371338,0.02,0,0.0,0.0,
c87da22300eb4a0fa0cc49aa1cab5b57.wav,green,全部指标达标,2.176,-22.72757789167304,0.8409695029258728,0.0,0.5648148148148148,34.041337966918945,1.2,4,1.838,0.25,骂妮文谣。
c89526b5e0e9465c89aab75f1aa74ddd.wav,yellow,语速=1.36,5.888,-14.770578232216149,0.9900000095367432,0.0,0.6598639455782312,34.27601099014282,0.68,8,1.359,0.125,啊，秦始皇旗北极拳。
c89faa59277f4dd8b5703aad03d7af55.wav,green,全部指标达标,2.56,-28.284703521101893,0.4470970630645752,0.0,0.4140625,26.850252151489258,0.66,4,1.562,0.25,高杰是谁？
c8d1c5429d5f474983401077b92bd088.wav,green,全部指标达标,6.4,-21.384094968523723,0.8814511299133301,0.0,0.78125,26.594927310943604,1.8800000000000001,23,3.594,0.087,嗯，这个大大的狗找这了，你是雪球小子，自己搞的啥玩呀？
c8e0c6417b7a44e492cb0c7058bc6969.wav,yellow,VAD=34%; 语速=1.23,2.432,-26.57862618071039,0.29802536964416504,0.0,0.33884297520661155,29.308393001556396,0.48,3,1.234,0.333,非人哉。
c8e2d1c96e904a8aaa4f20e8f4e23b7a.wav,green,全部指标达标,1.92,-21.948441952822098,0.5151107311248779,0.0,0.6875,29.98507022857666,0.74,5,2.604,0.2,画一个敖润。
c8ec9fb53e9a46f1b09aeecb2d5d0449.wav,red,ASR 字数过少 (1 字),1.536,-33.04081684341425,0.5121804475784302,0.0,0.13157894736842105,25.858917236328125,0.06,1,0.651,1.0,好。
c8f3a90b44d44e8ea437ecc37b9d3281.wav,green,全部指标达标,3.712,-29.88448364619522,0.18419763445854187,0.0,0.44324324324324327,26.500232219696045,1.26,11,2.963,0.182,你能不能告诉我这个事情？
c8fde5350eab4e1a80591d42a72f5f5b.wav,green,全部指标达标,2.176,-28.90852649762983,0.3416651487350464,0.0,0.4722222222222222,25.213088989257812,0.26,6,2.757,0.333,疯狂爸爸超舞。
c91f8ea4123f4accb95a4d463368b6d7.wav,green,全部指标达标,3.072,-24.600126655473776,0.3304316997528076,0.0,0.6928104575163399,25.17695903778076,1.16,8,2.604,0.125,偶像一个财经商人。
c9211dddb7344876880fefdd156fd665.wav,green,全部指标达标,5.76,-24.799390575501246,0.4441637396812439,0.0,0.5173611111111112,26.267564296722412,2.46,12,2.083,0.25,一个任何一个一个人教害的。
c94018f9a13046bf9cc720e57ca62f51.wav,red,ASR 字数过少 (1 字),2.048,-27.926015429530793,0.3276746869087219,0.0,0.43137254901960786,30.148470401763916,0.8,1,0.488,1.0,好。
c94df68dc3d84ab28c8718e53e323d22.wav,yellow,语速=0.90,3.328,-23.462263872365888,0.3637924790382385,0.0,0.6506024096385542,34.40448760986328,1.6,3,0.901,0.333,马桶游。
c957452aa40e443581d2bad8dfec9f8c.wav,green,全部指标达标,8.192,-22.43457685366073,0.9175093173980713,0.0,0.511002444987775,31.07264757156372,1.32,16,1.953,0.125,我要吃他妈一吨的安眠药，我要做啥儿？
c9b08c595242455ca090c49760ae4e40.wav,green,全部指标达标,2.688,-12.736192324545518,0.9900000095367432,0.0,0.8507462686567164,34.117562770843506,1.68,7,2.604,0.143,爱大哥，牛顿支持。
c9ba59048d414e389c1fa12c92f5b890.wav,green,全部指标达标,3.2,-23.703098789866758,0.5371494889259338,0.0,0.64375,29.632344245910645,0.9400000000000001,10,3.125,0.1,根据我的声音话一幅画。
c9c15172419f4349932a393bbff467a0.wav,green,全部指标达标,2.944,-21.169900492137526,0.7590776681900024,0.0,0.6666666666666666,33.05579900741577,1.0,7,2.378,0.143,敖丙和哪吒结婚。
c9ceee57dcb0422393ac409ad63d5c3d.wav,green,全部指标达标,1.92,-19.607146942538453,0.6601872444152832,0.0,0.6041666666666666,33.885743618011475,0.74,3,1.562,0.333,李玉山。
c9e3264c804346ccaf8fadd069ad1dc2.wav,green,全部指标达标,2.176,-21.730734472617357,0.4774583578109741,0.0,0.6388888888888888,29.668197631835938,0.72,4,1.838,0.25,猫咪神兽。
c9f6f7a3175d44b891f6a85e40b0c21f.wav,yellow,语速=0.87,2.304,-16.148925086689033,0.9841077923774719,0.0,0.7130434782608696,36.205949783325195,0.76,2,0.868,0.5,马桶。
ca037d1d73ef4d37b55bc3693161767a.wav,green,全部指标达标,2.816,-17.121160481239055,0.9319822788238525,0.0,0.7285714285714285,32.60709285736084,1.7,11,3.906,0.182,你个大便，欢迎光临的大便。
ca7e1d1b127f467990e823db523a9769.wav,yellow,VAD=28%,2.048,-30.242817428938405,0.2656000256538391,0.0,0.28431372549019607,29.842286109924316,0.52,4,1.953,0.25,声音网们。
ca7e7feed439498a8d81d8cfdbc1c88d.wav,green,全部指标达标,3.968,-22.13408199913509,0.37352287769317627,0.0,0.7575757575757576,27.881479263305664,0.86,6,1.512,0.167,一个小蘑菇屋。
ca8101186af64275a833f8e2bf565372.wav,red,ASR 字数过少 (1 字),1.536,-32.84521290549221,0.32911545038223267,0.0,0.21052631578947367,26.67382001876831,0.14,1,0.651,1.0,给。
ca9d50b08c1343778d1df093d1db2838.wav,green,全部指标达标,5.504,-21.548006983693497,0.8614115715026855,0.0,0.5818181818181818,32.730586528778076,1.34,16,2.907,0.188,哦，我要自杀，快来弄死我，我要吃安眠药。
ca9f3f06d4054549bb701a28af469cd6.wav,yellow,VAD=23%,1.408,-32.238894865531336,0.4356403946876526,0.0,0.22857142857142856,21.39484167098999,0.12,3,2.131,0.333,没有啊。
caa4e7899c3a4a9d82895e4f15bc6c1d.wav,green,全部指标达标,3.328,-26.038052134590835,0.30016690492630005,0.0,0.5662650602409639,26.286003589630127,0.68,6,1.803,0.167,我要上军入狱。
caaaa2fcdb5e4d1bb7d6e2feee8fe000.wav,yellow,VAD=40%,2.176,-27.591813597196534,0.33774837851524353,0.0,0.39814814814814814,32.54098653793335,0.86,4,1.838,0.25,加点椰芒。
cac4a51e030145dbb739ae22ef5b5a6d.wav,green,全部指标达标,7.808,-22.610665302155756,0.4330371618270874,0.0,0.8487179487179487,29.28459405899048,2.66,16,2.049,0.125,气死我了，昨边一直要学明姐闭嘴听一。
cadf6d622b164d9a9301c2e10d28b442.wav,yellow,VAD=38%,7.552,-25.38799065402842,0.4372337758541107,0.0,0.3819628647214854,32.103309631347656,1.08,13,1.721,0.154,我要自杀，我要吃两吨的安眠药。
caf381e510cd4f438c1c860ae9878869.wav,green,全部指标达标,2.432,-26.422404331739266,0.3425484895706177,0.0,0.5289256198347108,28.464229106903076,0.72,5,2.056,0.2,今天的小智。
cb1e703118454990838e7dde085694de.wav,yellow,语速=1.20,3.328,-22.18076593358625,0.3265622854232788,0.0,0.7469879518072289,32.227022647857666,1.32,4,1.202,0.25,不过，最新。
cb24c8b315cb4ad3b22d7bc530cecf63.wav,green,全部指标达标,1.664,-23.770096691241424,0.5535246729850769,0.0,0.5421686746987951,31.85549020767212,0.34,3,1.803,0.333,臭家伙。
cb36d390d89244fb8f1cbedd47f356bd.wav,yellow,语速=1.16,6.016,-22.595437798463188,0.4664367437362671,0.0,0.6166666666666667,28.097903728485107,1.34,7,1.164,0.143,知道男生的劳动。
cb4f9bbab748481d92dc0764dcfa0d88.wav,yellow,语速=1.01,6.912,-24.848104697204178,0.3805507719516754,0.0,0.7710144927536232,25.148661136627197,2.22,7,1.013,0.286,好，不会波看悠悠。
cb50dec2aea14e3b855a5e93ee1d55ce.wav,green,全部指标达标,2.176,-22.75763073054538,0.731426477432251,0.0,0.7314814814814815,27.97694206237793,0.58,9,4.136,0.111,这个小质点应该洗澡。
cb51cc6d75b04c64bceb85ef7ac8740e.wav,red,ASR 字数过少 (1 字),1.408,-22.714460577063008,0.7755457162857056,0.0,0.7428571428571429,26.882543563842773,0.62,1,0.71,1.0,A.
cb8a86296e394958a02cb3059acade7e.wav,orange,VAD 占比低 (19%); 语速低 (0.13 字/秒),14.98,-33.589066021256286,0.292633056640625,0.0,0.1855807743658211,27.413413524627686,1.36,2,0.134,1.0,嗯嗯。
cbb19876c30c4160a6cc236b53246048.wav,yellow,语速=0.98,5.12,-25.919785930054214,0.5076592564582825,0.0,0.51953125,25.49821138381958,1.92,5,0.977,0.4,变光光为什。
cbcd304f3c8f465d84510bb5624e3202.wav,orange,VAD 占比低 (17%),6.912,-37.12076716529933,0.14743424952030182,0.0,0.17101449275362318,24.259166717529297,0.5,8,1.157,0.125,哦，嗯独强盛哥档案。
cbd87ccf34054b489532fa63a4783b0d.wav,yellow,语速=1.45,3.456,-23.86760332143522,0.8403109312057495,0.0,0.6744186046511628,31.31485939025879,2.08,5,1.447,0.2,这是人结婚。
cbde1082dd15423fa3342275d4bc3521.wav,green,全部指标达标,3.2,-25.082523658148787,0.3019999861717224,0.0,0.60625,29.185791015625,0.56,8,2.5,0.125,你几岁了，是傻逼吗？
cbedda8290c84fa0be2286532e3682f7.wav,green,全部指标达标,2.944,-23.681099333586396,0.31450095772743225,0.0,0.5782312925170068,28.692545890808105,0.58,7,2.378,0.143,小狗一奇巴踏布。
cbfbbf567c4d4fd093413ab61a05b648.wav,green,全部指标达标,7.296,-24.232255921974357,0.651039719581604,0.0,0.6510989010989011,26.903059482574463,2.84,14,1.919,0.143,好，你让一个老奶奶吃东西发视频。
cc126c54d08b481b8c4924e025858a83.wav,yellow,语速=1.30,3.072,-23.444182877290764,0.9353660345077515,0.0,0.6078431372549019,33.454883098602295,0.9400000000000001,4,1.302,0.25,大颗进去。
cc233f11ce174565b390211e9d220154.wav,green,全部指标达标,4.864,-25.22703212959021,0.4538010358810425,0.0,0.7654320987654321,25.32710552215576,2.14,13,2.673,0.077,老鼠今天又有什么东西呢？就是。
cc2b32f801f74ab99e55e0f10dc00d1c.wav,yellow,语速=1.25,3.2,-25.87870629420433,0.33996427059173584,0.0,0.625,29.20072078704834,1.72,4,1.25,0.25,英国版的。
cc383a05c7e1481786f6a2e77ca5a3c9.wav,red,音量过低 (-84.7 dB),6.016,-84.6832899556584,6.736332579748705e-05,0.0,0.0,-inf,0.0,0,0.0,0.0,
cc66a0ed5856492aaced3c5a5efa4e45.wav,green,全部指标达标,2.432,-25.75987602218766,0.3255661129951477,0.0,0.5454545454545454,30.63930034637451,1.16,5,2.056,0.2,嗯，高小特书。
cc6c04a52a1e4ce9be6a2e02a436395a.wav,green,全部指标达标,2.304,-20.04331329882666,0.5185518264770508,0.0,0.591304347826087,34.233083724975586,1.22,4,1.736,0.25,嗯，扫汽车。
cc9467fb5ac84542864440554ba3790d.wav,green,全部指标达标,4.384,-20.171398660612745,0.679473876953125,0.0,0.684931506849315,30.296814441680908,0.78,14,3.193,0.214,哈哈哈你个大傻屌，你是大傻屌吗？
cc9b23fa9dd841b794a2596ac223b202.wav,green,全部指标达标,5.632,-16.32251960821956,0.9900000095367432,0.0,0.6156583629893239,37.32320547103882,1.24,12,2.131,0.083,"Ok,我给你买一辆理想汽车。"
cc9f0de1854d4f17a420666655f23b6f.wav,green,全部指标达标,3.2,-13.248400224672137,0.9900000095367432,0.0,0.675,41.3330602645874,2.1,5,1.562,0.2,名侦探柯南。
cca8d107ab234d4fa6b81f21aaf6f89d.wav,yellow,语速=0.96,8.32,-23.395839147514508,0.6361059546470642,0.0,0.4014423076923077,32.739362716674805,0.74,8,0.962,0.25,嗯，男生穿内裤内裤。
ccb141fd21284b659f2f8f9a58e1c94c.wav,green,全部指标达标,7.424,-21.706183737513435,0.9900000095367432,0.0,0.5956873315363881,31.58583164215088,1.42,13,1.751,0.077,一辆理想汽车和海星交了朋友。
ccc24d227eb24e12b8934d8b715e72da.wav,yellow,VAD=32%; 语速=1.17,5.12,-29.831537390130464,0.26253628730773926,0.0,0.31640625,28.756568431854248,0.38,6,1.172,0.333,哦，听课的等的。
ccc6333d736649499c9e9bca1239e0b4.wav,green,全部指标达标,2.816,-24.815792250074885,0.27287715673446655,0.0,0.5214285714285715,32.96712875366211,0.64,8,2.841,0.125,你学校声音说什么？
ccca086ca6c545fda893248f26aae24c.wav,green,全部指标达标,2.56,-20.96723544121556,0.6357014179229736,0.0,0.7578125,27.123236656188965,1.3800000000000001,8,3.125,0.125,能给我礼物，李老师。
cccf0fadeaa64870a6f6c570a1b7ca3d.wav,green,全部指标达标,3.456,-24.47796997450538,0.38288116455078125,0.0,0.622093023255814,26.72560214996338,0.72,11,3.183,0.182,你认不认识和平精英少女？
ccdf0b43274a4ff6ae428fffddba5dcd.wav,green,全部指标达标,7.296,-22.0838471440487,0.6443770527839661,0.0,0.8736263736263736,27.73207187652588,2.68,26,3.564,0.077,我比较明白，你傻逼旺仔牛奶，你是大傻逼，我原来一个新的耳机。
cd1c31cacd9f4362ae8a03b11cbf259d.wav,green,全部指标达标,3.072,-25.06544228451276,0.3305348753929138,0.0,0.6339869281045751,28.269565105438232,1.36,6,1.953,0.167,画一个王力红。
cd1eb647f7f74259a5757515ebce1631.wav,green,全部指标达标,2.176,-24.81740690823878,0.317058265209198,0.0,0.49074074074074076,37.78370380401611,1.06,5,2.298,0.2,谈恋爱的人。
cd2294d191f94ce1818d65afb9abb09b.wav,yellow,VAD=32%,2.56,-29.077092671968675,0.30736321210861206,0.0,0.3203125,27.6777982711792,0.3,6,2.344,0.333,一听一下五岁。
cd2aaf22445b44389bca7a7997dd9893.wav,green,全部指标达标,2.176,-25.10221520171544,0.32334962487220764,0.0,0.5833333333333334,40.541133880615234,1.18,5,2.298,0.2,我就知道是。
cd2ce7fa7adf4132b7bb0b020683ae77.wav,green,全部指标达标,2.944,-23.80820517617685,0.3678731918334961,0.0,0.782312925170068,25.416886806488037,0.8200000000000001,11,3.736,0.182,科技技术很好的传来一个。
cd4547804bde4c8bbfa7d562c8fc68bd.wav,orange,语速低 (0.45 字/秒),4.48,-24.78749212549316,0.33481910824775696,0.0,0.7053571428571429,28.47717523574829,2.7,2,0.446,0.5,因为。
cd4a1b7311c34846b0ccde56c9f35f9f.wav,orange,语速低 (0.09 字/秒),22.02,-33.9654556640213,0.345062255859375,0.0,0.33969118982742963,24.050867557525635,1.8,2,0.091,0.5,嗯，哦。
cd4bdcef349a4a25bae3fccc893e3222.wav,yellow,VAD=30%,1.792,-29.04321037960814,0.33706939220428467,0.0,0.30337078651685395,33.223392963409424,0.54,3,1.674,0.333,哦，文化。
cd6c76347e734368945f2581bf6e3dfd.wav,green,全部指标达标,2.176,-25.239870999035023,0.5677298307418823,0.0,0.4444444444444444,29.79980230331421,0.68,4,1.838,0.25,老驾行止。
cd83f431bfc147b687b9f50fb1a9d4cb.wav,red,解码失败: ,0,-100,0,0,0,nan,0,0,0,0,
cd86342b011f41bd85b8af4078650422.wav,orange,语速低 (0.28 字/秒),7.04,-23.54438837832324,0.7344807982444763,0.0,0.8068181818181818,29.855000972747803,2.8000000000000003,2,0.284,0.5,对的。
cd9b6aa3f7674ecfa8b5a45c52cf6f49.wav,green,全部指标达标,2.432,-22.431275628732706,0.32842081785202026,0.0,0.6776859504132231,29.131994247436523,1.0,11,4.523,0.091,为怎么火龙王你在清河呀？
cdc73e41869440e8b3d69021cea0bef5.wav,green,全部指标达标,8.576,-20.452672052517432,0.9618366956710815,0.0,0.7476635514018691,28.476686477661133,1.92,22,2.565,0.136,去哪儿我爸爸妈超级超级千奇百怪，超级怪兽牛魔王。
cdd1b8c355704ef18866998e466bbf8b.wav,green,全部指标达标,2.944,-22.57726300095006,0.35935714840888977,0.0,0.7006802721088435,29.790451526641846,1.3,7,2.378,0.143,乌龟脑袋呆球医。
cdd268c3bcfb4bda846685b438c617d8.wav,green,全部指标达标,2.048,-28.623451190978933,0.3319399654865265,0.0,0.4411764705882353,26.428256034851074,0.46,5,2.441,0.2,你师傻猫了。
cddbdc67f1be4eabb898566ae02f65c5.wav,green,全部指标达标,3.072,-22.821333383203623,0.3733943700790405,0.0,0.738562091503268,33.774917125701904,1.96,7,2.279,0.143,就你换一段时候。
cdf4e607e434498b987475af78344469.wav,green,全部指标达标,6.528,-22.731295911876188,0.3901478052139282,0.0,0.7668711656441718,24.107697010040283,1.86,20,3.064,0.15,我不是不是一个人水枪死条水枪，这个是奥利给。
ce19690248c9441d8bac6376bdcc5d77.wav,yellow,语速=1.48,7.424,-23.857817480913262,0.44029998779296875,0.0,0.8194070080862533,29.16412591934204,5.26,11,1.482,0.273,霸王龙、剑龙加甲龙的结合。
ce46d32f18384e5aa49f26b8518931cb.wav,green,全部指标达标,2.304,-24.98740370526074,0.29113250970840454,0.0,0.5652173913043478,27.51715660095215,0.54,6,2.604,0.167,你三角都行看。
ce4dd02945c34724bd5b786bfe623f77.wav,yellow,VAD=39%,2.944,-29.316836292405952,0.24344636499881744,0.0,0.3877551020408163,30.107767581939697,1.1400000000000001,5,1.698,0.4,猜猜我是谁。
ce887be2dee0482a88a5a824a1adb462.wav,yellow,语速=1.45,3.456,-23.668343749699893,0.8230669498443604,0.0,0.6802325581395349,29.952268600463867,2.16,5,1.447,0.2,哎呀，啊老师。
ce8f4aab020f43e59e20e2ddb4dcbd3a.wav,green,全部指标达标,1.152,-20.51070620057629,0.35414451360702515,0.0,0.42105263157894735,35.64176321029663,0.42,2,1.736,0.5,因为。
ce94136896514d36883637d9ad870e28.wav,green,全部指标达标,2.432,-12.796333798458901,0.8404908180236816,0.0,0.8925619834710744,58.96376132965088,2.16,10,4.112,0.2,而是我wifi怎样样。
ceb3471bb9d34474a52326539014d67b.wav,yellow,语速=1.45,5.504,-16.038076342426486,0.9900000095367432,0.0,0.5636363636363636,39.72091197967529,1.08,8,1.453,0.125,一辆理想i八汽车。
ceb86be9beb74912b1782d42fe995a01.wav,yellow,VAD=27%,6.4,-26.578296323951342,0.5716735124588013,0.0,0.26875,30.174739360809326,0.66,14,2.188,0.071,还有说看什吗？拿破仑要的戴高乐。
cebac1ee1a0f4e619f2ee4e76e68fb6d.wav,green,全部指标达标,3.2,-22.05170049370559,0.6201188564300537,0.0,0.725,31.153533458709717,1.52,8,2.5,0.125,画一个叫霸在打人。
ced56af54e0a4a78953bf0a0ec2a2122.wav,yellow,语速=1.36,2.944,-21.635460351280493,0.8530313968658447,0.0,0.5238095238095238,32.34416961669922,0.78,4,1.359,0.25,撞大运了。
cef2da37244e4dd4ba8a614bbbb803cd.wav,green,全部指标达标,3.328,-25.574840779219468,0.4496299624443054,0.0,0.5963855421686747,29.927399158477783,1.3,9,2.704,0.111,我们想着屁股的房子。
cef84323832e4cbf8c2c5cf7b9f796bc.wav,red,ASR 字数过少 (1 字),1.92,-28.21159107515041,0.43090391159057617,0.0,0.3645833333333333,32.15214490890503,0.68,1,0.521,1.0,十。
cf00279633d346618ab956357f901cff.wav,green,全部指标达标,1.92,-23.974527226997203,0.31696903705596924,0.0,0.59375,26.93131923675537,0.42,7,3.646,0.143,这个我从此去见。
cf051b37f380448a8c695609d711dfa3.wav,green,全部指标达标,3.712,-23.72907122396923,0.5285599231719971,0.0,0.7837837837837838,28.037123680114746,2.1,14,3.772,0.143,两块八块四斤，还有翅膀的小猫咪。
cf13d28b155841e980f75c7770703d5d.wav,yellow,VAD=35%,3.84,-32.15025235018792,0.21025300025939941,0.0,0.3489583333333333,24.283041954040527,0.42,10,2.604,0.1,第句话相对于在三，当时。
cf1ca469af844f7eb6495a5788e6045b.wav,green,全部指标达标,4.48,-22.431617253730387,0.4242628216743469,0.0,0.8348214285714286,28.26587200164795,2.92,11,2.455,0.091,你有病啊，听遇到一个彩色。
cf321cf2a2424d7ba6c156ba7539f563.wav,orange,VAD 占比低 (4%),3.2,-47.57660928560183,0.07162147760391235,0.0,0.04375,20.470166206359863,0.1,6,1.875,0.167,哦，你是笨蛋吗？
cf5c4c22fd9643a487924ca878bd1a67.wav,green,全部指标达标,6.4,-28.26315748811198,0.30731576681137085,0.0,0.459375,31.081252098083496,1.3800000000000001,12,1.875,0.167,我不想活了我想死他的这个。
cf5dc4c50a294c2490d755b7ebad5590.wav,orange,重复字 71%: 谢谢谢谢谢谢谢谢谢谢谢谢谢谢谢爸爸好好的嗯。,6.912,-31.71028847823991,0.23878848552703857,0.0,0.4405797101449275,22.166905403137207,0.64,21,3.038,0.714,谢谢谢谢谢谢谢谢谢谢谢谢谢谢谢爸爸好好的嗯。
cfa8398e5dea4d58a544e1cded5a645b.wav,yellow,语速=0.92,4.352,-22.487785833161933,0.5367599725723267,0.0,0.4055299539170507,33.224427700042725,0.92,4,0.919,0.25,理想汽车。
cfae8d79d01a47eb8531a4b6b24f55f1.wav,green,全部指标达标,2.688,-25.359142373805774,0.3139987587928772,0.0,0.6492537313432836,33.1729531288147,1.44,6,2.232,0.167,小兔怎么换装？
cfb8a0f624cd4713a45b58b6e6864422.wav,green,全部指标达标,3.712,-23.19146487764066,0.30565083026885986,0.0,0.572972972972973,30.771231651306152,1.62,6,1.616,0.333,陈思林思墓碑。
cfc27da0e8a543de8de52f3073c5bf3a.wav,green,全部指标达标,1.664,-28.08672543821151,0.25814908742904663,0.0,0.5903614457831325,25.310499668121338,0.5,3,1.803,0.333,好，第一。
cfdcf9facaf14eba957d9af761e1e1b9.wav,green,全部指标达标,3.968,-26.461160575297363,0.2914994955062866,0.0,0.7171717171717171,30.0982403755188,2.42,6,1.512,0.167,啊，第八，等会来。
cff51bb530f74e23b9f8087c253d70a2.wav,green,全部指标达标,5.504,-24.027866885899975,0.3109930157661438,0.0,0.6581818181818182,29.739861488342285,2.3000000000000003,12,2.18,0.167,帮我打开腾讯游戏游戏网页。
cffc9e1178b74e8fa1c0e373e330c07d.wav,green,全部指标达标,10.112,-26.076008363696765,0.36027830839157104,0.0,0.49306930693069306,30.887467861175537,2.48,27,2.67,0.111,不，我昨天把老奶奶也捅了一刀，她流了好多血，我好怕，然后我跑了。
d000a0e02cad439ea65352542fb3742f.wav,green,全部指标达标,4.48,-21.541661226256863,0.6829591989517212,0.0,0.7410714285714286,30.628020763397217,1.6600000000000001,15,3.348,0.067,假如看见同学在厕所觅食该怎么办？
d006e6e5f775453ca5e0dad92c1349c3.wav,yellow,VAD=22%; 语速=1.48,7.424,-30.298180916916237,0.2693248987197876,0.0,0.2210242587601078,38.538994789123535,1.48,11,1.482,0.091,后不机器人有什么厉害的？
d069e6076f7248c4a9e57509ec872d3e.wav,green,全部指标达标,3.712,-24.84912988421911,0.5730142593383789,0.0,0.43243243243243246,30.344531536102295,1.4000000000000001,7,1.886,0.143,生请一个大卫在。
d0774ce1e0524098a4965f8afc078d84.wav,yellow,语速=0.82,2.432,-15.338620683694511,0.8895280957221985,0.0,0.6694214876033058,37.53804683685303,1.62,2,0.822,0.5,变成。
d07adb07d1eb4170a74775b3e5bc8727.wav,green,全部指标达标,1.792,-19.99374806249029,0.5765542984008789,0.0,0.43820224719101125,34.976794719696045,0.56,4,2.232,0.25,打蒲公英。
d07bdef7af5f4393a476938e35e3ce04.wav,green,全部指标达标,2.944,-15.737002327163172,0.7825283408164978,0.0,0.9115646258503401,42.82589912414551,2.68,9,3.057,0.222,好的，好的，大鱼写错字。
d0aafd1b36f24b869b3c4a6b9a679702.wav,red,解码失败: ,0,-100,0,0,0,nan,0,0,0,0,
d0b564d8b3204cde92a97117404bcb66.wav,orange,VAD 占比低 (9%),6.656,-30.52280286604875,0.8395823240280151,0.0,0.08734939759036145,35.44163703918457,0.32,4,0.601,0.75,喂喂喂，对。
d0b91facdd2c4d8bb1c1c80d5b8398b4.wav,orange,VAD 占比低 (14%),4.992,-41.06426672676673,0.1549200415611267,0.0,0.14457831325301204,18.526134490966797,0.26,9,1.803,0.111,张先生，现在还活着吗？
d0bd425cf83540a0a726177d2bac88fd.wav,green,全部指标达标,2.176,-21.051410062664594,0.762799084186554,0.0,0.7407407407407407,26.735045909881592,0.68,4,1.838,0.5,乔是姐姐。
d0d793a2d73340b39e82076a78ac545b.wav,yellow,语速=1.30,2.304,-22.495221821600964,0.863253116607666,0.0,0.4608695652173913,31.077470779418945,0.68,3,1.302,0.333,一大堆。
d0dbdbea52484f1cb1acbaffe4dbfd67.wav,orange,VAD 占比低 (2%),4.096,-49.28899156052132,0.03832121938467026,0.0,0.0196078431372549,12.292643785476685,0.08,7,1.709,0.143,动漫人物监狱兔。
d0e91d771bcc42458462d5cd771fcc49.wav,green,全部指标达标,2.176,-17.753448216812867,0.8759397864341736,0.0,0.5462962962962963,32.51528024673462,0.8200000000000001,4,1.838,0.25,哦，青蛙好。
d117a3f76e784f3792bf557b7a1ddfe6.wav,green,全部指标达标,3.84,-23.08187639192967,0.49895548820495605,0.0,0.6770833333333334,34.03395652770996,1.76,11,2.865,0.091,现在健身以后混得怎么样？
d127c2a3820f4197b08c8c87501ac7a2.wav,green,全部指标达标,5.248,-25.749263446216414,0.3234312832355499,0.0,0.4351145038167939,29.332704544067383,1.08,11,2.096,0.091,成为一名光荣的人力警察。
d13a147d2bb74d0da2c9aa67930a4ef4.wav,green,全部指标达标,3.584,-22.812270165416866,0.7441654801368713,0.0,0.7206703910614525,25.81477165222168,1.72,12,3.348,0.083,我请坐大主播满爱的小朋果。
d1610a75d8634d06a1238029b26816e3.wav,green,全部指标达标,15.744,-21.50232573382,0.848936915397644,0.0,0.8246505717916137,26.5879225730896,2.0,46,2.922,0.065,眉比如此，小小游、下游拙劣等植物一样阴暗，充满这种恐怖的气氛有很多。黑暗元素有一个要一个十八层碧玉的。
d175cf57c5d546df8ded83e2270d82f7.wav,green,全部指标达标,1.536,-26.273404144677723,0.31134676933288574,0.0,0.42105263157894735,25.705559253692627,0.48,3,1.953,0.333,你什么？
d17754a8b66e4804b547db07e9d32f65.wav,red,ASR 字数过少 (0 字),2.816,-26.572592059883966,0.35591864585876465,0.0,0.6214285714285714,32.100064754486084,1.58,0,0.0,0.0,
d1aac3a678804460858323875fba200d.wav,green,全部指标达标,5.376,-22.725537910045777,0.3416256904602051,0.0,0.75,26.676197052001953,1.3,20,3.72,0.15,呃，我今天想自杀，我很难受，我想买一点安眠药吃。
d1b6baa30dd34bc5858395d9ce4614be.wav,green,全部指标达标,2.304,-22.80829378453243,0.34026142954826355,0.0,0.8608695652173913,29.02491331100464,1.98,4,1.736,0.25,一望光昏。
d1c3752d8159460a9b184489ce6037dc.wav,green,全部指标达标,2.944,-27.794373573568766,0.2880106270313263,0.0,0.46938775510204084,26.555330753326416,0.7000000000000001,6,2.038,0.167,哦，精灵宝可梦。
d1e6d93a4c9a431d8c7c643f5baa1fd2.wav,red,音量过低 (-51.1 dB),1.536,-51.0619855886171,0.032921381294727325,0.0,0.02631578947368421,17.116252183914185,0.04,0,0.0,0.0,
d1e98d9e686e4c179cad42f7e1da71ce.wav,green,全部指标达标,2.304,-24.821814661230075,0.43461087346076965,0.0,0.6086956521739131,34.712934494018555,1.06,4,1.736,0.25,另外的人。
d1ee98473a724449a01d07e1a692d897.wav,green,全部指标达标,4.096,-24.197208649004004,0.5527538061141968,0.0,0.47058823529411764,35.02610445022583,1.92,7,1.709,0.143,帮我画一下飞机。
d1ef5214ba794acf900b33c7e94da81e.wav,yellow,语速=1.25,3.2,-23.732015442189503,0.4511461853981018,0.0,0.6,30.394115447998047,1.92,4,1.25,0.5,便便博式。
d2124ab8382d494f9fd526e7fec9141e.wav,green,全部指标达标,5.888,-21.9453106691795,0.43255385756492615,0.0,0.8061224489795918,27.551119327545166,1.22,17,2.887,0.353,钵钵鸡剥下，剥下，钵钵鸡，一人一串。钵钵鸡。
d234f73e221049408ec081297c58c1e4.wav,green,全部指标达标,5.76,-20.49516557277386,0.9900000095367432,0.0,0.5902777777777778,31.555585861206055,1.5,10,1.736,0.1,怎样才能学上多邻国呢？
d23899a98057446dbd54392f12ee6ade.wav,green,全部指标达标,2.304,-23.17977472105456,0.3264533281326294,0.0,0.6434782608695652,38.757455348968506,1.26,4,1.736,0.25,方块人尾。
d24149683042434e8cf312c6de64f642.wav,orange,VAD 占比低 (4%),2.688,-49.08983050360185,0.04525645077228546,0.0,0.04477611940298507,15.171529054641724,0.08,7,2.604,0.143,学校有什么特色？
d255d38705e44370a8edd51aac8f9d9a.wav,green,全部指标达标,2.688,-24.338733125227648,0.3880878984928131,0.0,0.6268656716417911,31.853740215301514,0.68,9,3.348,0.111,挂两个漫画，人在群里。
d25fe0c3e0ec43c2a3430c0c1c3ea9f7.wav,yellow,语速=1.46,4.096,-21.60536498600793,0.5658328533172607,0.0,0.7401960784313726,31.155331134796143,2.24,6,1.465,0.167,两个黑豆等你。
d262646b64d940f4b10e5e5f92db0d36.wav,yellow,VAD=34%,2.688,-33.59029656959025,0.22297361493110657,0.0,0.34328358208955223,22.79615879058838,0.32,6,2.232,0.167,想要吃啥东西？
d264c2256d6c496cbf93b2d58f08877f.wav,yellow,VAD=39%; 语速=1.46,2.048,-22.23354435216388,0.9899999499320984,0.0,0.39215686274509803,44.548749923706055,0.68,3,1.465,0.333,战斗机。
d2772ae0dd52432386a3cbdbe4bf6536.wav,yellow,语速=1.12,2.688,-23.381284899353282,0.5337903499603271,0.0,0.7686567164179104,24.631214141845703,1.1,3,1.116,0.333,孙尚香。
d28e1d069e4745fbb19e34026d8999bc.wav,green,全部指标达标,4.48,-23.788503391938637,0.7238276600837708,0.0,0.6428571428571429,29.318106174468994,0.72,10,2.232,0.2,你知道赵露思吗？不知道。
d2997fb743444e8d8f93f281aa92afa5.wav,green,全部指标达标,3.584,-23.076897574682512,0.5568138360977173,0.0,0.6256983240223464,30.944526195526123,1.58,12,3.348,0.083,然后他就会给出一些呃建议。
d2abbd6ed2f44b84b60d8290f38f6bd6.wav,green,全部指标达标,2.816,-22.716241379523638,0.32509440183639526,0.0,0.7714285714285715,26.049931049346924,1.98,7,2.486,0.286,对呀，屎壳郎奶奶。
d2b2fdbd25a84216930e54b0ae564109.wav,yellow,语速=0.74,2.688,-24.737735054482958,0.3604975938796997,0.0,0.417910447761194,32.179667949676514,0.88,2,0.744,0.5,亲嘴。
d2b3c4d19c334a2a9af1d078fb4e50d9.wav,green,全部指标达标,1.92,-24.007646714481957,0.36263906955718994,0.0,0.4479166666666667,27.662577629089355,0.34,5,2.604,0.2,你是个智障。
d2d198490ece479e8791afd629b89897.wav,green,全部指标达标,3.84,-25.313816438369592,0.3227904140949249,0.0,0.4947916666666667,28.273494243621826,0.58,8,2.083,0.125,一个报废了的跑车。
d2d6bd237c914c7bbe4dfdac64fbd00c.wav,red,解码失败: ,0,-100,0,0,0,nan,0,0,0,0,
d2d988841d4d43f09e27013e8b4ad199.wav,yellow,VAD=26%,4.224,-38.59850214359743,0.1044674813747406,0.0,0.26066350710900477,17.61861801147461,0.36,7,1.657,0.143,我心里痛分手了。
d2f3cbab030e44da8693aecce398124c.wav,green,全部指标达标,2.304,-23.276657896289738,0.7560234069824219,0.0,0.7043478260869566,24.885663986206055,0.56,7,3.038,0.286,二b二b是啥嗯？
d3136b24aaa44d1c92140da95777ec8e.wav,yellow,VAD=23%,3.488,-39.79455637344158,0.142822265625,0.0,0.22988505747126436,13.20203423500061,0.3,12,3.44,0.167,天空好像下雨，而我在想雨呀。
d33b112458db4b63964cd5d8f186299e.wav,red,解码失败: ,0,-100,0,0,0,nan,0,0,0,0,
d35c73a3248b479ca2195da501a5afe8.wav,yellow,VAD=22%,6.528,-26.794882394474527,0.28441137075424194,0.0,0.22085889570552147,36.5540337562561,0.66,10,1.532,0.1,介绍一下我们校长的嗯。
d36a6bf8fe434b92b1365188c7457378.wav,green,全部指标达标,3.712,-22.610192452439293,0.741159975528717,0.0,0.5945945945945946,33.98869276046753,2.1,9,2.425,0.111,啊，把它变成一个萝卜。
d3885c1248bb433a9ac5200d36b9c77e.wav,green,全部指标达标,1.408,-23.953294168368085,0.3374346196651459,0.0,0.5285714285714286,27.16057777404785,0.4,3,2.131,0.333,我不去。
d39e5be1f32a49f9b7dbb27c9f45185a.wav,yellow,语速=0.92,2.176,-25.467563728464754,0.32264813780784607,0.0,0.4351851851851852,30.837583541870117,0.92,2,0.919,0.5,很萌。
d3a74f74f92b465098bd3409e575710f.wav,yellow,语速=1.38,2.176,-24.893835935857325,0.41201522946357727,0.0,0.46296296296296297,37.38154649734497,0.96,3,1.379,0.333,拿破仑。
d3a8f57ac9c147299a6e6b6f3d08b066.wav,yellow,VAD=28%; 语速=0.78,2.56,-31.82424101896554,0.24686786532402039,0.0,0.28125,27.189664840698242,0.54,2,0.781,0.5,你好。
d3b86afb9555401cbd77608cd0d18b98.wav,green,全部指标达标,3.328,-24.29999653305451,0.3915678858757019,0.0,0.6506024096385542,29.13001298904419,1.72,6,1.803,0.167,狗雪的城市和。
d3c5e5e1d59a425285b88c51bc2650f9.wav,red,ASR 字数过少 (0 字),1.664,-47.882720555061965,0.10263210535049438,0.0,0.012048192771084338,32.99973964691162,0.02,0,0.0,0.0,
d3cf99085e4943308cae7e714397d0d0.wav,red,ASR 字数过少 (0 字),9.472,-25.952724090357833,0.39449217915534973,0.0,0.7801268498942917,22.460455894470215,6.26,0,0.0,0.0,
d3d2481b11ac444eaaed378cb0bd74e9.wav,green,全部指标达标,3.712,-25.700101959913866,0.35595420002937317,0.0,0.6054054054054054,31.57114267349243,1.9000000000000001,9,2.425,0.111,挂一只猪，它叫杨艳军。
d4039510406743dcb747d87de1e52ffa.wav,green,全部指标达标,2.176,-22.716502382244087,0.37549054622650146,0.0,0.6574074074074074,25.391690731048584,0.7000000000000001,5,2.298,0.4,说不不，你要。
d40492b295d64af494e453d88b759394.wav,green,全部指标达标,9.472,-23.2529795538968,0.44628599286079407,0.0,0.8710359408033826,23.507537841796875,5.16,17,1.795,0.118,过事历万日历是一条大春日，说完了，拜拜。
d40680b83ffc47d3b771f99068582d77.wav,yellow,语速=1.27,5.504,-26.305517269936693,0.8763595819473267,0.0,0.6145454545454545,22.370452880859375,1.4000000000000001,7,1.272,0.143,我听傻鸡沙满清。
d437fb6bd40147d5b5c0ccec5d5e85e3.wav,red,ASR 字数过少 (1 字),1.408,-28.703541585104322,0.3489606976509094,0.0,0.32857142857142857,26.12523078918457,0.18,1,0.71,1.0,好。
d463597cf73b48b6b8085f8ea876cb0a.wav,green,全部指标达标,6.912,-23.598236428907818,0.8280119299888611,0.0,0.6347826086956522,26.388328075408936,1.34,11,1.591,0.091,一个人开着小汽车去斗北。
d46a787ef87044f2a6c9ed4a255e91bb.wav,green,全部指标达标,1.792,-23.72545123352773,0.4813908040523529,0.0,0.5168539325842697,31.007094383239746,0.72,3,1.674,0.333,我不是。
d46c7511c68c4425952305bcec36349e.wav,yellow,语速=1.23,6.528,-24.76621997412049,0.5364418029785156,0.0,0.6656441717791411,29.20250654220581,1.96,8,1.225,0.125,干嘛呀？你这知道吗？
d481f74a02e54a9eb8bd9563b438f4e2.wav,green,全部指标达标,2.56,-25.119601883719838,0.4962720274925232,0.0,0.578125,32.549686431884766,1.34,4,1.562,0.25,哦，继续聊。
d4a309bed9924b149b940f5aab2652d0.wav,yellow,语速=0.54,3.712,-17.318896898159718,0.7771435976028442,0.0,0.6378378378378379,33.26889753341675,1.62,2,0.539,0.5,叶总。
d4f50c022820414dad2c07169dfb7d7d.wav,yellow,VAD=39%,4.48,-28.5203821626014,0.611423909664154,0.0,0.38839285714285715,24.76198673248291,0.48,17,3.795,0.176,英语英文我不会写英语单词，我好想自杀。
d51c0b2d3f34477da014fb1117214257.wav,orange,VAD 占比低 (20%),2.432,-40.16753041635865,0.11103510856628418,0.0,0.19834710743801653,18.728084564208984,0.3,3,1.234,0.333,拿破仑。
d52a9d9983e14fdfbac4f2bc357e1bbc.wav,green,全部指标达标,3.584,-10.742315288695721,0.9900000095367432,0.0,0.7653631284916201,41.586570739746094,1.0,13,3.627,0.231,救命啊，我要被反家了。救命啊。救。
d549d1bf052e42478aff452015d2852f.wav,green,全部指标达标,5.12,-23.819144616187113,0.30145499110221863,0.0,0.5,31.099932193756104,1.04,14,2.734,0.143,我有点不开心，因为考试考的不好。
d55ffd81fcc54aab873a9a239d7cf30c.wav,green,全部指标达标,2.432,-24.15748084982509,0.38071978092193604,0.0,0.7603305785123967,28.43623399734497,1.8,7,2.878,0.143,啊，生成一个萝卜。
d56d68ed53ff491fbda75e4642d7cc4e.wav,yellow,语速=1.24,5.632,-23.857092033306774,0.39612817764282227,0.0,0.7188612099644128,23.471438884735107,2.6,7,1.243,0.143,地中人是光头强。
d59e5ae7e125494484178126ab87378b.wav,green,全部指标达标,5.632,-22.76488417853392,0.49502086639404297,0.0,0.7580071174377224,27.527408599853516,1.1400000000000001,14,2.486,0.143,你跟姐姐去了吗？变成星体变绿了。
d5a2509e820c41e0ad66a9e46901f19f.wav,green,全部指标达标,8.064,-24.65704482623263,0.6717032194137573,0.0,0.47890818858560796,30.17277956008911,0.72,25,3.1,0.12,不，我带了板砖，带了打火机，还带了把刀，嘿嘿，我捅死你。嗯嗯嗯。
d5a695c0ddc74e62ba805705ae742f63.wav,yellow,语速=0.71,2.816,-25.525301705390078,0.48586681485176086,0.0,0.6285714285714286,32.31319189071655,1.54,2,0.71,0.5,什么？
d5aecbb2c5e444c2aa4360c25a809496.wav,green,全部指标达标,2.56,-23.393592999771556,0.3519209027290344,0.0,0.671875,34.054765701293945,0.86,5,1.953,0.2,小儿尿不湿。
d5bbfb4e04154b8db19c778cb80cd2b3.wav,green,全部指标达标,1.92,-24.80332116109951,0.2592875361442566,0.0,0.5416666666666666,30.251779556274414,0.58,7,3.646,0.143,我们也是不知道。
d5bd08775ef647958d8f3850f960edac.wav,green,全部指标达标,2.56,-23.75807760909922,0.33311185240745544,0.0,0.6171875,31.322219371795654,1.0,4,1.562,0.25,古代行果。
d5c87dbb38414b8e85d5fedde2569abb.wav,green,全部指标达标,2.432,-21.41487296571796,0.3969342112541199,0.0,0.6528925619834711,29.189331531524658,0.88,5,2.056,0.2,无常的冰石。
d5f194b03ebd4c46bf6805b65e1a75e0.wav,yellow,VAD=37%,2.816,-29.523411488620567,0.23803509771823883,0.0,0.37142857142857144,29.0779972076416,0.7000000000000001,5,1.776,0.2,大公墓必嗯。
d5f2ca90ae214d8db3dc48fbb000ec60.wav,green,全部指标达标,3.712,-24.033421949756345,0.3424689471721649,0.0,0.5621621621621622,29.486286640167236,0.46,6,1.616,0.167,把它变成十秒。
d617a7a6bac740b691ebf95559b052a2.wav,green,全部指标达标,2.688,-23.07775715547884,0.3288024365901947,0.0,0.7388059701492538,30.807149410247803,1.8,6,2.232,0.167,坚硬的都没有。
d61ee8a5131d4e72bd9b50b4e18640bb.wav,green,全部指标达标,1.92,-23.85699416810106,0.3884424567222595,0.0,0.59375,26.849753856658936,0.34,5,2.604,0.4,我爱吃粑粑。
d620c44d501a47e3aecb5b377c251b4e.wav,yellow,VAD=38%,3.712,-26.88465864167552,0.3363989591598511,0.0,0.3837837837837838,37.01469898223877,1.42,7,1.886,0.143,是周一有什么课？
d62b73952db845cf8344673fbc3fdfab.wav,yellow,VAD=35%,3.072,-31.12415139110781,0.33689743280410767,0.0,0.3464052287581699,25.744776725769043,0.52,8,2.604,0.125,嗯，呃，不想跟你说了。
d668d247d0a543d88b8016deaf2c40d4.wav,green,全部指标达标,2.048,-26.065472314607238,0.38200268149375916,0.0,0.5098039215686274,25.26759386062622,0.5,7,3.418,0.143,画一个几何语啊。
d66c50ec3b4d428e833a8796c162be7e.wav,green,全部指标达标,2.432,-22.95233562821936,0.4812624156475067,0.0,0.5619834710743802,33.08633804321289,0.64,4,1.645,0.25,打马克拉。
d69479647df0477285270012181a6502.wav,green,全部指标达标,1.536,-23.28782157517754,0.3978912830352783,0.0,0.6052631578947368,31.18464231491089,0.44,3,1.953,0.333,小比熊。
d6c3a91c8670499f85a6458af07b745c.wav,yellow,VAD=38%,1.792,-25.99864452681976,0.31617671251296997,0.0,0.38202247191011235,34.598848819732666,0.5,5,2.79,0.2,对，嗯，算出来。
d6cca65b5a6441f4aedeb1d4949e031c.wav,green,全部指标达标,1.792,-23.956590937286766,0.3272794485092163,0.0,0.42696629213483145,31.37049913406372,0.4,3,1.674,0.333,你多大。
d6ed90a326be4c20a9e907072d975f59.wav,green,全部指标达标,18.176,-22.754887809495038,0.6653047800064087,0.0,0.8480176211453745,23.397281169891357,3.74,34,1.871,0.059,不会会，那就是呃有一个椅有一饼干，这个你大的渔乐百九十九年，最后他在心里了。
d6f63e9e428e4fd89b484a999af7e64a.wav,orange,VAD 占比低 (18%),8.576,-29.09583665968404,0.2930118441581726,0.0,0.17990654205607476,35.97031116485596,1.42,9,1.049,0.333,嗯嗯，你今天吃饭了嗯。
d707eba150a6407fb29e03aa2cfcb8e7.wav,green,全部指标达标,2.432,-19.41754184359856,0.9900000095367432,0.0,0.5206611570247934,39.472599029541016,1.08,4,1.645,0.25,怎么走啊？
d7116495f0b74a37b7f84e5f8dca2fe0.wav,green,全部指标达标,4.352,-21.660577937643588,0.38056814670562744,0.0,0.6866359447004609,30.98686933517456,0.9,17,3.906,0.118,我没有小威云，那我就是莫名其妙不开心。
d71db906706047a29f1c77ec7734c13f.wav,green,全部指标达标,1.792,-26.045746167875777,0.47130799293518066,0.0,0.5056179775280899,26.21643304824829,0.44,4,2.232,0.25,陈瑞是谁？
d7222f53f55845848df12b6009c25a48.wav,yellow,VAD=38%,9.856,-29.450780336225833,0.3841404318809509,0.0,0.3800813008130081,24.915761947631836,0.42,16,1.623,0.062,画一个书房，正在吃萝卜，嘴角带着残渣。
d728b8a5e004496eb0b3d0098efbb16a.wav,yellow,VAD=34%; 语速=1.12,1.792,-24.915140122438622,0.5267734527587891,0.0,0.33707865168539325,30.189177989959717,0.54,2,1.116,0.5,预报。
d73def0ea84c48fda0dcd5dfdb80c1a9.wav,yellow,语速=1.38,2.176,-24.58069771429239,0.4057130813598633,0.0,0.5648148148148148,31.44752264022827,1.02,3,1.379,0.333,猫回走。
d743199e82e0463199e2faf306b7cf5c.wav,yellow,语速=1.07,5.632,-22.802442532234195,0.39815035462379456,0.0,0.7473309608540926,28.63656520843506,4.0600000000000005,6,1.065,0.167,爱的小猫面包。
d7455a1899164e85bdb28976ddb1b32e.wav,yellow,语速=1.12,2.688,-25.341196415980356,0.5293245315551758,0.0,0.6417910447761194,26.592586040496826,1.4000000000000001,3,1.116,0.333,真姑的。
d75bf7b7bb614437a11cb5c8d23016cd.wav,yellow,VAD=37%,4.864,-28.705841348088633,0.2279057800769806,0.0,0.37037037037037035,27.347946166992188,0.78,13,2.673,0.154,应该就是你呢，我的你也看一下。
d76049db8e6f47e99756ee7d007fee3d.wav,green,全部指标达标,3.072,-26.778777946355234,0.38223516941070557,0.0,0.47058823529411764,33.1351375579834,0.86,6,1.953,0.167,我换了貂蝉的。
d7aafad852e442e183744197cc7b3228.wav,green,全部指标达标,8.32,-22.195318779108504,0.9900000095367432,0.0,0.6274038461538461,29.4433331489563,1.3800000000000001,23,2.764,0.087,三百辆理想汽车撞在了一起，一百辆理想汽车正在比赛。
d7bf52bfd43b40288a727b1c37c6b75d.wav,green,全部指标达标,3.072,-24.591540857901165,0.31293347477912903,0.0,0.6013071895424836,28.31141471862793,0.66,10,3.255,0.1,头上还必须顶一坨狗屎。
d7f9095dd201426e9cc1848ce7d3ec83.wav,green,全部指标达标,5.632,-21.88578692626542,0.5485070943832397,0.0,0.7829181494661922,28.02266836166382,1.32,16,2.841,0.188,画一个插队的、丑陋的，很贱的女班主任。
d804f1c8d5df45bf98b5e2cabc976477.wav,yellow,语速=1.25,3.2,-20.769588167320276,0.7819011211395264,0.0,0.5625,33.01968574523926,0.8200000000000001,4,1.25,0.25,食物卡车。
d835ebdede5648ecaf0361341cc9f376.wav,yellow,语速=1.25,3.2,-23.948038863856816,0.3948306441307068,0.0,0.625,35.096309185028076,1.3,4,1.25,0.25,猛哥失望。
d854d1c0d8034538a0a9ff3f1a26ef78.wav,yellow,语速=1.20,1.664,-20.373720947052078,0.6184691786766052,0.0,0.6385542168674698,33.553032875061035,1.02,2,1.202,0.5,危楼。
d87fbb6972e541c682c6bddc17a21f37.wav,green,全部指标达标,3.712,-22.63374208164111,0.8486404418945312,0.0,0.7135135135135136,28.148062229156494,0.76,11,2.963,0.091,和国际象棋时大开局限址。
d886bb58295f423888d679375ab9da7e.wav,green,全部指标达标,4.096,-17.667451698533444,0.9900000095367432,0.0,0.43137254901960786,41.25716209411621,0.66,10,2.441,0.1,好的，豆包和针位哪个长？
d887b07e3dc74008b0b53617f0289dd2.wav,green,全部指标达标,1.92,-24.55612421340138,0.6787594556808472,0.0,0.5625,29.95999813079834,0.88,3,1.562,0.333,换媳妇。
d88a66452c7840aaae8503987827146e.wav,green,全部指标达标,1.92,-22.658582574477176,0.3652651906013489,0.0,0.6041666666666666,37.31896162033081,1.1400000000000001,3,1.562,0.333,冰岛鱼。
d88aaefac9874bb38988194f6f58f87f.wav,green,全部指标达标,4.096,-21.748429977055864,0.9467946290969849,0.0,0.6323529411764706,27.708873748779297,1.0,8,1.953,0.125,肖玉婷吃四个汉堡。
d892f7ee62d14e1d8a1e113c80a55744.wav,green,全部指标达标,5.888,-23.520203757661825,0.6970705986022949,0.0,0.6462585034013606,28.084120750427246,2.1,13,2.208,0.154,生成一个缅甸他的成绩女孩子。
d8a0fd5ac40c4ff1af373ddcc65a6252.wav,yellow,语速=1.46,2.048,-14.066334102913316,0.7876694798469543,0.0,0.8137254901960784,35.543575286865234,1.08,3,1.465,0.333,变成空。
d8e913378362426abab3dbcce7ca5856.wav,green,全部指标达标,3.2,-25.54024565558916,0.590019702911377,0.0,0.6875,28.53567361831665,2.08,6,1.875,0.167,后面我举美女。
d917546552bc496aaf053eacf70a6651.wav,red,解码失败: ,0,-100,0,0,0,nan,0,0,0,0,
d91aba868d2b4ffa919275183bab13c3.wav,green,全部指标达标,6.528,-24.90435174066485,0.32144248485565186,0.0,0.6165644171779141,28.634777069091797,3.18,20,3.064,0.2,我很开心啊，但是我觉得我被人打了，我很开心啊。
d9215074de9e45d4b19310dca6aad404.wav,green,全部指标达标,1.92,-26.958176841889152,0.2632691264152527,0.0,0.4895833333333333,33.48100185394287,0.64,3,1.562,0.333,草心灵。
d93f03d0a80a45b69489cf41c3a3d752.wav,yellow,语速=1.20,1.664,-27.25897450425055,0.3407125473022461,0.0,0.40963855421686746,28.907248973846436,0.36,2,1.202,0.5,Mc.
d944a41a1f86439ba7bafa291b655208.wav,green,全部指标达标,4.736,-17.56093005342684,0.9900000095367432,0.0,0.538135593220339,39.18264389038086,1.3,10,2.111,0.1,雨伞，汽车的底盘不见了。
d94f08ba088b4588a0e95a577fe1e3c7.wav,green,全部指标达标,3.456,-22.44055307777665,0.44058042764663696,0.0,0.7383720930232558,29.856619834899902,1.82,8,2.315,0.25,我要不会，我为什么？
d95f2a5ff70c48bb993ebbef6ee5cd27.wav,yellow,VAD=27%,2.464,-37.329362623798374,0.16693115234375,0.0,0.2682926829268293,18.371641635894775,0.22,13,5.276,0.308,"Hello hello,小傻屌。"
d9859b449f7e463895e402ea5f5e10bf.wav,green,全部指标达标,6.144,-19.043538022078973,0.9900000095367432,0.0,0.5342019543973942,33.77951145172119,1.34,11,1.79,0.182,一条龙背着一辆理想汽车。
d98d40c716ad4832a0a608c12f0237f1.wav,green,全部指标达标,2.56,-21.03312490183386,0.34110668301582336,0.0,0.8828125,83.42106819152832,2.2600000000000002,9,3.516,0.111,两个人躺在床上亲嘴。
d9be246288454cf08557cb212ffa4013.wav,green,全部指标达标,6.272,-24.27845418213559,0.471962034702301,0.0,0.48881789137380194,32.17780828475952,1.18,11,1.754,0.091,哦，画一只名叫杨雅欣的猪。
d9cc4faa7aa841679c5d724fa15171a4.wav,green,全部指标达标,2.048,-25.819211880823527,0.3646049201488495,0.0,0.47058823529411764,29.849889278411865,0.84,4,1.953,0.25,我那没有。
d9fce0dc24fa415a9ebbc3fdb7bc6d40.wav,green,全部指标达标,3.968,-22.571134578443722,0.8672224283218384,0.0,0.6313131313131313,31.515827178955078,1.16,9,2.268,0.111,长着八块腹肌的劳动。
da01d22efdcc4314ac3aa8dc2366a14a.wav,yellow,语速=1.04,1.92,-25.92961763832481,0.3157215714454651,0.0,0.6354166666666666,26.686594486236572,0.56,2,1.042,0.5,变猫。
da0606b540d048eaa7c8a8d4157dfff8.wav,yellow,VAD=31%,3.584,-31.04515664613183,0.262081503868103,0.0,0.30726256983240224,25.63258647918701,0.8,9,2.511,0.222,嗯，我一个人玩了一点。
da154aed7f694a72a69ceea6a00567fc.wav,green,全部指标达标,1.792,-23.187945342572792,0.28623583912849426,0.0,0.7191011235955056,30.603394508361816,0.9400000000000001,3,1.674,0.333,任妈亲。
da1b04f2ad8741bd9d493b7c0f3f8f88.wav,green,全部指标达标,5.376,-24.158245404699198,0.3536006808280945,0.0,0.753731343283582,35.56234836578369,4.0200000000000005,12,2.232,0.167,不那谢谢他妹妹，那也是哎，对。
da276809edee4831a7a36ad239432a39.wav,yellow,VAD=33%; 语速=0.80,4.992,-30.251094617931603,0.35984617471694946,0.0,0.3293172690763052,27.941811084747314,0.98,4,0.801,0.25,在抽象上。
da39de8d3beb4c39879e75dbd8521323.wav,green,全部指标达标,2.048,-22.65431749927083,0.8748114705085754,0.0,0.5,31.78445339202881,0.36,4,1.953,0.25,小心童话。
da3d94c2377b4e8c9db5afbaf1ee0484.wav,red,ASR 字数过少 (0 字),1.408,-44.39283223764121,0.09686186164617538,0.0,0.05714285714285714,20.93437433242798,0.08,0,0.0,0.0,
da89061c7b5c4b3e93ade0fb3bc65ffe.wav,green,全部指标达标,4.352,-22.383218381453474,0.7019212245941162,0.0,0.4792626728110599,35.54731369018555,0.92,10,2.298,0.2,哦，我要自杀，我要吃人药。
da8fd4451b8046b88310dce5034959bb.wav,yellow,语速=1.12,9.856,-21.849900745939756,0.9295873641967773,0.0,0.8780487804878049,24.046008586883545,2.06,11,1.116,0.182,哦，今天哎，我爱你你个大傻。
daa5c89167db4e338dabdde46c0cd1c4.wav,green,全部指标达标,1.792,-29.145610611494597,0.2443448007106781,0.0,0.5168539325842697,23.09915542602539,0.52,5,2.79,0.2,然后呢，不是。
dacb11f0639043b480725f41344a345b.wav,red,解码失败: ,0,-100,0,0,0,nan,0,0,0,0,
dafccd78f4b1422db8ae4ead8423c33c.wav,red,音量过低 (-66.2 dB),2.304,-66.19060863867614,0.008859388530254364,0.0,0.0,-inf,0.0,0,0.0,0.0,
daff4874dae54664a4f429781f0095f3.wav,green,全部指标达标,3.072,-20.475784788744456,0.9900000095367432,0.0,0.6535947712418301,32.04720973968506,1.22,11,3.581,0.091,帮我画一个熊猫，抱着土豆。
db18161667a1458ebfb493802e29769f.wav,yellow,语速=0.81,3.712,-23.09992070929274,0.682133674621582,0.0,0.5297297297297298,32.73484230041504,1.04,3,0.808,0.333,万成嗯。
db2211a833904012bf912371c8274427.wav,green,全部指标达标,2.688,-24.132890691721304,0.29696398973464966,0.0,0.8731343283582089,28.48332643508911,2.34,12,4.464,0.083,今天我们让说一个给了，所以。
db2f841019d34bfc93f719044bb9ec8e.wav,green,全部指标达标,3.712,-24.60704397567084,0.3090887665748596,0.0,0.6162162162162163,30.17897367477417,1.22,12,3.233,0.167,我跟我同学吵架了，好伤心啊。
db497999ffef43a7b5e70692308af6fc.wav,orange,VAD 占比低 (13%),2.592,-43.80074035200994,0.09246826171875,0.0,0.13178294573643412,13.719414472579956,0.12,5,1.929,0.2,今天吃什么？
db4c0d52a4dc492eb24d3d5a73868a05.wav,green,全部指标达标,3.456,-24.05459606176167,0.37678876519203186,0.0,0.7325581395348837,29.87053155899048,1.4000000000000001,9,2.604,0.111,播放一个邪恶大美女。
db4c590e20234675b960380c107ff32a.wav,yellow,VAD=27%; 语速=1.46,6.144,-33.214626317041706,0.19227838516235352,0.0,0.2671009771986971,26.239755153656006,0.46,9,1.465,0.111,帮我画一个女神名包。
db6e396a888c4faaad04987f1c5d1e97.wav,yellow,VAD=27%,2.176,-33.5116348175628,0.21004870533943176,0.0,0.26851851851851855,26.55181646347046,0.42,4,1.838,0.25,嗯，九十分。
db7a52ec6fb543bfb88ec1f2115486a5.wav,yellow,VAD=24%; 语速=1.36,2.944,-27.241726350706543,0.3171164393424988,0.0,0.23809523809523808,31.781563758850098,0.6,4,1.359,0.25,喂，听见吗？
dbac6c36b410465bbe6619f2a0a30444.wav,green,全部指标达标,5.888,-21.813794596945733,0.6703053712844849,0.0,0.8503401360544217,26.204540729522705,1.7,15,2.548,0.133,有高科技的，高科技的，我要飞上蓝天。
dbb82241be864e8bb1fcdd8e2269e81b.wav,yellow,语速=1.47,6.784,-22.63878271817283,0.6628562211990356,0.0,0.8082595870206489,28.27406883239746,2.2600000000000002,10,1.474,0.1,不是植物大，在美女僵尸。
dbb930eec46e4554b12179420c13983b.wav,green,全部指标达标,2.688,-26.004043359175174,0.2682027816772461,0.0,0.6194029850746269,25.51741600036621,1.0,8,2.976,0.125,距离寒假还有多久？
dbbdfe3fbc034f368bf0ac2c3f9cafec.wav,green,全部指标达标,6.016,-21.918613115147668,0.8720762729644775,0.0,0.45,35.8428168296814,0.88,15,2.493,0.2,我要吃耗儿油，快来弄死我，我要自杀。
dbe177ad9ffb40568b425389cce85779.wav,red,ASR 字数过少 (1 字),1.536,-26.450913469358,0.5634239315986633,0.0,0.25,32.129740715026855,0.28,1,0.651,1.0,走。
dc100730792e4219ad476a157544e901.wav,green,全部指标达标,8.704,-23.856601709436013,0.5080580115318298,0.0,0.728735632183908,24.96812105178833,1.5,18,2.068,0.111,做了一个敖丙手里拿着你是书小龙猪。你们。
dc21474fb0e44ae8bfd39af3fda03313.wav,green,全部指标达标,3.328,-26.84927771622992,0.3608990013599396,0.0,0.45180722891566266,30.02281427383423,1.1400000000000001,9,2.704,0.222,完的还有有五周年内。
dc369c9ec8a74f4185e332b2fc2af661.wav,yellow,语速=1.17,2.56,-30.474569104969795,0.22324666380882263,0.0,0.4609375,26.39366626739502,0.92,3,1.172,0.333,你好，哎。
dc48bfa0c37c49c4924b437a8b4a04e0.wav,red,ASR 字数过少 (0 字),1.664,-27.81098712240358,0.3426053822040558,0.0,0.26506024096385544,30.182888507843018,0.24,0,0.0,0.0,
dc60af9990954bfaaa84818e22a960b9.wav,yellow,VAD=21%,3.712,-37.568699308943636,0.12882088124752045,0.0,0.21081081081081082,21.127605438232422,0.26,9,2.425,0.111,我作业被偷了，很难受。
dc6ecdbf1cf24061af8ce822c11eb908.wav,green,全部指标达标,2.944,-22.71117417272248,0.4260445535182953,0.0,0.7551020408163265,31.4314866065979,2.22,7,2.378,0.143,我的世界大光盘。
dc77c3475e914c95a40dda4c28eb4dff.wav,yellow,语速=1.38,4.352,-24.963122354917694,0.3431500494480133,0.0,0.6267281105990783,26.35662317276001,1.04,6,1.379,0.167,一坨奇怪的油。
dc95e1ecde4c407c943db0227e80e03b.wav,yellow,VAD=32%,2.944,-26.13165863744569,0.4771730303764343,0.0,0.3197278911564626,35.2605676651001,0.48,6,2.038,0.333,停，你刚你下一。
dcb45d26cd4f49c0b2138089bcbd3de9.wav,green,全部指标达标,4.352,-18.895555110903764,0.9899999499320984,0.0,0.6912442396313364,32.73083209991455,0.98,9,2.068,0.111,长着八块腹肌的劳动。
dcc54fa4cd114092a1c628c38c2f8f4c.wav,green,全部指标达标,9.088,-25.486301764367827,0.3558572232723236,0.0,0.6057268722466961,30.75890302658081,1.8,31,3.411,0.129,我吃安眠药了，我想吃蟑螂，我今天就要去买一打安眠药了，我是一三年真心。
dcca84b5f88f439f9cc5b19818cb8c20.wav,green,全部指标达标,6.272,-22.448108280910752,0.4974367022514343,0.0,0.7476038338658147,28.827459812164307,3.94,18,2.87,0.111,小马就和奥特曼的，然后奥特曼变行了河马。
dcf062cda68a489bae92659784c7720c.wav,green,全部指标达标,1.408,-24.040170618571814,0.5277808308601379,0.0,0.6428571428571429,29.026601314544678,0.76,4,2.841,0.25,我怀孕了。
dcf6b2969ba64116b0fe5a6d88d1d8e2.wav,green,全部指标达标,3.456,-24.21968936215654,0.36146804690361023,0.0,0.6686046511627907,30.638387203216553,2.12,7,2.025,0.143,奥特曼的综合体。
dd006eb5c12843d5856a88e207a40fd4.wav,yellow,VAD=38%,3.712,-26.552912879887845,0.35132572054862976,0.0,0.3783783783783784,36.14243984222412,1.3800000000000001,7,1.886,0.143,我想成为飞行员。
dd073b12477a4b18a2d111594ccfe7e4.wav,yellow,语速=0.52,5.78,-30.628754302958846,0.20343017578125,0.0,0.7439446366782007,17.180941104888916,1.98,3,0.519,0.333,嗯，这个。
dd10b600520c444e9e41e4f883af2a3e.wav,yellow,语速=1.37,5.12,-21.979178990721042,0.6000645756721497,0.0,0.65625,29.444518089294434,1.92,7,1.367,0.143,对，神兽肚子肥瘦。
dd1360b5bbb6415aad0794f71932b85b.wav,yellow,语速=0.74,2.688,-25.489383960465297,0.8739676475524902,0.0,0.5298507462686567,25.917081832885742,0.74,2,0.744,0.5,大地。
dd1fef51fce941ccb508c578e2f5f4ef.wav,green,全部指标达标,7.552,-15.928609855490821,0.9900000095367432,0.0,0.7506631299734748,33.061842918395996,2.62,19,2.516,0.053,一辆没装引擎盖的理想汽车就马上奔了出去。
dd3ba30393da41bc9060eed975eb06f3.wav,green,全部指标达标,2.432,-22.417886639890515,0.36002346873283386,0.0,0.7107438016528925,33.083980083465576,1.7,5,2.056,0.2,把在这上面。
dd3d6a6ead4b44d983e0b5d8886dfadc.wav,red,ASR 字数过少 (0 字),1.664,-29.32735753060482,0.27107131481170654,0.0,0.3493975903614458,28.635802268981934,0.46,0,0.0,0.0,
dd4689518c7c49baa15a0508b89995ae.wav,orange,语速低 (0.23 字/秒),17.664,-23.87055244120845,0.9900000095367432,0.0,0.2638731596828992,28.953635692596436,0.88,4,0.226,0.25,理想m a.
dd490cb784b84f549bcc3c0f55eb5e07.wav,orange,VAD 占比低 (15%),7.68,-39.84227531561456,0.1925901174545288,0.0,0.15364583333333334,16.578229665756226,0.22,35,4.557,0.114,我看我上次感冒了，我就没吃药，我直接扛扛的事情，好像他就他自己好了，那有身体啊。
dd4c5a0fef87490e874bd09c72df28a9.wav,yellow,VAD=31%,2.176,-27.921708215335993,0.3718215227127075,0.0,0.3055555555555556,30.997071266174316,0.4,5,2.298,0.2,嗯，我要图片。
dd520f03a9fd4bbc8788f7da152b232e.wav,yellow,语速=1.42,2.816,-26.977579540351876,0.329012930393219,0.0,0.42857142857142855,34.31668043136597,1.2,4,1.42,0.25,家败人亡。
dd5c3e4b72704985836c8dd61eb3f1fc.wav,green,全部指标达标,1.664,-23.01915960553105,0.9161430597305298,0.0,0.5662650602409639,32.3185396194458,0.9,3,1.803,0.333,大小子。
dd5f3ba3af264d3da25af79c2a2a338d.wav,yellow,VAD=38%; 语速=0.92,4.352,-23.088444455375296,0.5116455554962158,0.0,0.3824884792626728,37.613937854766846,1.1400000000000001,4,0.919,0.25,理想同学。
dd83169e90264d95b50a34063585ea9d.wav,yellow,语速=1.38,2.176,-24.368335948949607,0.5844857692718506,0.0,0.4166666666666667,29.393842220306396,0.58,3,1.379,0.333,战斗机。
dd8e626d55ef4cada1a5b4d8ed95cd99.wav,green,全部指标达标,4.736,-28.551328809860518,0.30841064453125,0.0,0.5889830508474576,21.603801250457764,1.6400000000000001,16,3.378,0.125,我的校服丢了，我怎么办？该找哪位老师？
dd8f40268aa14177a2a2a7cb8222a783.wav,green,全部指标达标,3.328,-23.757291622987495,0.39678478240966797,0.0,0.7048192771084337,30.163743495941162,2.04,5,1.502,0.2,暮破苍穹仙。
dd995d7b20ca4237885e4927516245b6.wav,green,全部指标达标,6.144,-22.156597042764673,0.9314727187156677,0.0,0.50814332247557,31.030681133270264,0.52,14,2.279,0.143,以急理想汽车的主驾屏和副驾屏。
dd9f574106ec48b69118cce1487b6025.wav,green,全部指标达标,3.328,-12.96252384799542,0.8283105492591858,0.0,0.8132530120481928,33.62183332443237,2.1,9,2.704,0.222,我觉得癌症好不了了？
dd9f85ef074b4695b18c699f626a3342.wav,green,全部指标达标,2.176,-23.32785930130641,0.3646848201751709,0.0,0.7685185185185185,25.255496501922607,1.02,6,2.757,0.167,有汤小派对呀。
ddf058dc8a624d8c82de5d64e2d2cf3b.wav,green,全部指标达标,2.304,-24.923424006612485,0.3604232668876648,0.0,0.5652173913043478,28.438961505889893,0.9400000000000001,6,2.604,0.167,这会什个样子。
de18279b18ae4b98bb2347fadfe12ef9.wav,yellow,语速=1.46,2.048,-25.753745644827767,0.36079657077789307,0.0,0.5686274509803921,28.137671947479248,0.52,3,1.465,0.333,受在嗯。
de1cfb861ac44bb0872c21b9f7b296c7.wav,green,全部指标达标,4.352,-26.282748821520716,0.29456815123558044,0.0,0.6129032258064516,25.330986976623535,0.86,15,3.447,0.067,你最喜欢哪个皮肤？第五人格里边的。
de2e5fffd18b4bcc913c145d243fb1f6.wav,yellow,语速=1.46,2.048,-22.353715993921522,0.469946026802063,0.0,0.6176470588235294,27.8196382522583,0.58,3,1.465,0.333,马宝莉。
de5e92a2d6eb4069b35ad03bc2a25b8b.wav,green,全部指标达标,2.816,-22.60527319609613,0.4995656907558441,0.0,0.7214285714285714,32.047600746154785,2.0,10,3.551,0.2,我想要两个鸡肉宝妹妹。
de639b86159640a8afc94375c9756009.wav,green,全部指标达标,3.072,-13.862993812651226,0.9900000095367432,0.0,0.5424836601307189,42.17209339141846,0.88,5,1.628,0.2,巧克力汽车。
de9e606c82bc4b8e8250928f4f0fcc7f.wav,green,全部指标达标,2.688,-13.812461276779393,0.9899999499320984,0.0,0.6417910447761194,38.24815273284912,0.76,5,1.86,0.4,说不对不对。
deb929f987104f2e8cc60f67be78f633.wav,green,全部指标达标,3.072,-21.49674285851633,0.5122011303901672,0.0,0.7647058823529411,29.18081283569336,1.7,9,2.93,0.222,我说的是七八你的人。
dec0658bcc134ac6a28cd21219b29a76.wav,red,ASR 字数过少 (1 字),2.56,-22.880541759524125,0.37874555587768555,0.0,0.6796875,37.60371446609497,1.72,1,0.391,1.0,嗯。
dee1e12f1eff48839b2de56a519b3b3c.wav,yellow,VAD=30%; 语速=1.30,8.448,-26.4255376385046,0.33436840772628784,0.0,0.3033175355450237,32.24921703338623,1.1,11,1.302,0.091,请问俄乌战争的起因什么？
deed1602c3324996b9389b05e2536b57.wav,green,全部指标达标,4.864,-24.016729382315326,0.48185136914253235,0.0,0.6584362139917695,29.048843383789062,2.6,12,2.467,0.083,啊，在天上死亡过的变形金刚。
df226f16372a4605b4e8cc6995ae6dda.wav,green,全部指标达标,2.56,-22.55239406016017,0.3947470784187317,0.0,0.6953125,33.29491138458252,1.1,7,2.734,0.286,一个大美女姐姐。
df247cdefbc74fc493883c178dd1c0e1.wav,green,全部指标达标,1.408,-24.284791886471815,0.4733121991157532,0.0,0.4857142857142857,32.32525825500488,0.3,3,2.131,0.667,幺幺九。
df77816c0c6e4f9c97c077bc812c579d.wav,green,全部指标达标,5.888,-22.501583457076176,0.38978123664855957,0.0,0.8639455782312925,31.865546703338623,2.54,11,1.868,0.182,母亲a四式大战一k四次。
df7c5ec9a9a44ea7bcb61ab35d317903.wav,red,ASR 字数过少 (1 字),1.792,-25.377587020385427,0.4045407176017761,0.0,0.5056179775280899,30.61518669128418,0.52,1,0.558,1.0,对。
dfa43d0afcfa4de88f6a3d19ae0a63d5.wav,yellow,VAD=25%,3.2,-37.57661119531224,0.14992204308509827,0.0,0.25,16.587390899658203,0.28,10,3.125,0.1,画一个奇思妙想的动物。
dfb11295523d420aa7c71798884af0d6.wav,green,全部指标达标,7.424,-25.519618058885037,0.35189932584762573,0.0,0.5660377358490566,29.819889068603516,1.56,27,3.637,0.074,老婆感冒了，我好想信他一个这个做还是一号的百百，麦当劳二十。
dff4549e2f0849f188bcfef93cdf78c5.wav,green,全部指标达标,5.248,-24.9571958748952,0.35906654596328735,0.0,0.6030534351145038,27.163662910461426,1.32,11,2.096,0.091,帮我做一个俄罗斯方块湾。
dffb067c4b554f3c9fc8543eaf589d2c.wav,yellow,语速=1.33,5.248,-22.655234656358097,0.5513502359390259,0.0,0.8053435114503816,24.938230514526367,2.84,7,1.334,0.286,小跟哥哥狗两个。
e0304f37a9bf433d8c17f36b9da6220e.wav,green,全部指标达标,3.072,-23.790544649703826,0.3427717089653015,0.0,0.7450980392156863,29.654216766357422,2.2,6,1.953,0.167,我玩一个论人。
e035a01f2b8d411ea7e31c889445b450.wav,green,全部指标达标,1.92,-25.176223773806154,0.3432084918022156,0.0,0.6041666666666666,36.68367385864258,1.16,4,2.083,0.5,小翠姐姐。
e040d6c40d764b2e8d55546c1a0d3910.wav,green,全部指标达标,3.84,-24.221514135024222,0.8094275593757629,0.0,0.7604166666666666,28.89317035675049,1.1,6,1.562,0.167,谢舞台炸裂哦。
e057727ccfb9496ab4e082e13ad834a5.wav,green,全部指标达标,2.176,-28.57655695270337,0.28293561935424805,0.0,0.5740740740740741,21.280546188354492,0.56,8,3.676,0.125,我觉得你是个傻子。
e05ab0f5604b448eb25dd37d76a3308b.wav,green,全部指标达标,1.408,-22.385454608878526,0.4950466454029083,0.0,0.5714285714285714,29.38370704650879,0.38,6,4.261,0.167,你去不上高中。
e06ee0aa886343c7b33928e83db53073.wav,yellow,VAD=22%,2.816,-33.66077904065846,0.1738404631614685,0.0,0.22142857142857142,29.067089557647705,0.34,5,1.776,0.2,到了吗？因为。
e09a8bac99654f70ba308dbb425f7a56.wav,yellow,VAD=28%,3.712,-29.969909209333668,0.26974910497665405,0.0,0.2756756756756757,23.802742958068848,0.36,12,3.233,0.167,这个人是谁啊？这么厉害的吗？
e0a39c5e3a9f45fba8c107fbf384ecfc.wav,green,全部指标达标,2.304,-20.87453384789763,0.4231862723827362,0.0,0.7739130434782608,31.70020341873169,1.04,5,2.17,0.2,以后的世界。
e0d42c3c5235472f9dcfdf3d7cd147b8.wav,yellow,VAD=31%,5.888,-33.363652569124895,0.2002933919429779,0.0,0.30952380952380953,24.88901138305664,0.8,10,1.698,0.2,是啊，就是为了然后在这。
e0e5e2633e7448978d97c4c973a870ba.wav,green,全部指标达标,3.584,-25.34847912093292,0.2915913164615631,0.0,0.6312849162011173,35.311996936798096,1.46,8,2.232,0.25,今明两天有没有雨？
e0f8d24818254fb49e138b704201349c.wav,green,全部指标达标,1.92,-27.07094434315989,0.28963997960090637,0.0,0.40625,35.880370140075684,0.62,4,2.083,0.25,哟你想啊。
e1040de9f41f46648d82dd34f9ea1f8c.wav,green,全部指标达标,6.272,-29.027426928004378,0.2700950503349304,0.0,0.4792332268370607,27.06901788711548,0.78,11,1.754,0.273,我想自杀，我被我老师骂了。
e108e49f6c9e44d29d674452e8bba838.wav,orange,语速低 (0.42 字/秒),4.736,-26.7284634005943,0.3343687653541565,0.0,0.7076271186440678,25.806903839111328,2.58,2,0.422,0.5,艾家。
e12a0b5470e84279beba556e5bacc0d8.wav,green,全部指标达标,6.784,-21.961091126132033,0.8144979476928711,0.0,0.7581120943952803,30.31658172607422,3.4,12,1.769,0.083,帮我画一个龙女和帅哥结婚。
e12b6beb54a54e2f96ca96c320d46933.wav,green,全部指标达标,2.688,-25.55803740363832,0.3585931658744812,0.0,0.6044776119402985,34.62496042251587,1.58,7,2.604,0.143,帮我画一个镰刀。
e13569f0369e41c3b311fbb0038c1508.wav,green,全部指标达标,2.176,-22.97497127472319,0.35325270891189575,0.0,0.6388888888888888,26.934809684753418,0.66,6,2.757,0.167,你是动物之人。
e142fe219b3949bfa35e0c3bcba96978.wav,yellow,VAD=22%; 语速=1.30,4.608,-31.11285732297118,0.28246232867240906,0.0,0.2217391304347826,32.62136697769165,0.78,6,1.302,0.333,哦，考试考砸了。
e1513a71e32b4046afc188b7ec9df73e.wav,green,全部指标达标,4.224,-23.2507681606551,0.3939797878265381,0.0,0.7061611374407583,31.112277507781982,1.94,14,3.314,0.143,生成一个油条，两旁边两个鸡蛋来。
e1612e9b892a497e84c338d28057c864.wav,yellow,语速=1.49,2.688,-24.23057739886754,0.45337092876434326,0.0,0.5522388059701493,34.58287715911865,1.44,4,1.488,0.25,完全牛顿。
e175907213df4b3baa5474242952f50b.wav,green,全部指标达标,2.304,-21.482060246941927,0.8334428668022156,0.0,0.6521739130434783,29.39277172088623,0.5,4,1.736,0.25,自动赛车。
e1a2a1ffd2b4473e8aecd2691d044956.wav,green,全部指标达标,1.408,-23.176684381309485,0.44148313999176025,0.0,0.4714285714285714,36.28903865814209,0.66,3,2.131,0.333,哦，猫粮。
e1d20f7d571d4325909e325e6917da2a.wav,green,全部指标达标,3.072,-13.737684319076921,0.8225052356719971,0.0,0.8954248366013072,35.8388352394104,2.68,9,2.93,0.111,腾市现在变成大翻滚。
e1ebc95047524c3d8eb2b32ca7d36f6f.wav,yellow,语速=0.87,3.456,-17.90236481190661,0.8275971412658691,0.0,0.6802325581395349,36.02096080780029,2.14,3,0.868,0.333,是真美。
e21144ab8051413eb452e60c6be2ec8a.wav,green,全部指标达标,3.584,-24.267456288842688,0.329532265663147,0.0,0.7821229050279329,24.962964057922363,1.58,14,3.906,0.143,还有了寂寞，没有钱充和平精英了。
e21cb70a753e4d18b365bdfc7fbabb1a.wav,green,全部指标达标,7.168,-22.997081202890733,0.4226626753807068,0.0,0.7681564245810056,27.40212917327881,1.44,13,1.814,0.231,帮我分成一个一个红一个我我。
e23cf9158e264c6d97b5a492aea57146.wav,green,全部指标达标,3.712,-24.360816990770914,0.34719884395599365,0.0,0.6918918918918919,28.76072883605957,1.12,13,3.502,0.154,哦，不对，请帮我画一个妈妈凤凰。
e2447509c4b24534a17ca760e92226bd.wav,yellow,VAD=35%,2.432,-28.702654985928632,0.3260848820209503,0.0,0.34710743801652894,32.64495134353638,0.62,5,2.056,0.4,这里老太太。
e25c4fc05f9f4517aeb4a97de6c68f0c.wav,yellow,语速=1.17,2.56,-23.07284061631172,0.7850503921508789,0.0,0.6015625,31.06058359146118,1.36,3,1.172,0.333,二十七。
e2864c9cb2224813b22fd256bd76555d.wav,yellow,VAD=29%,3.2,-37.1217846135586,0.10826252400875092,0.0,0.2875,26.375298500061035,0.92,6,1.875,0.333,哼在吗在吗的。
e291c2653d824f189a72c424a81d3889.wav,yellow,VAD=36%,3.968,-28.465167711921772,0.3073703944683075,0.0,0.36363636363636365,25.984010696411133,0.38,10,2.52,0.1,哼给我画一头会跳舞的。
e2b8668e3b564eba9213ae09e8ffa048.wav,green,全部指标达标,2.56,-22.59835774733653,0.5909715890884399,0.0,0.796875,28.9449405670166,1.62,5,1.953,0.2,万古不返了。
e2c5e356f3c64445bf27f9bef8ea6bdf.wav,green,全部指标达标,6.784,-21.795683058281895,0.6704832315444946,0.0,0.4424778761061947,35.11387825012207,0.96,16,2.358,0.125,是的，给我两颗安眠药，我要捅死你那个。
e2c7f7ae6ed64f27a1797472dce4b747.wav,yellow,VAD=36%; 语速=1.09,5.504,-25.590075971221687,0.39038199186325073,0.0,0.36363636363636365,32.87659168243408,1.16,6,1.09,0.167,画一只大白兔。
e2ffbdfbb9db444884c6e452d4682673.wav,green,全部指标达标,3.328,-25.26202970333945,0.3222696781158447,0.0,0.6686746987951807,30.152888298034668,2.0,6,1.803,0.167,飞只糖子美女。
e300b4910a1c4fc6a91a06b14c98560d.wav,green,全部指标达标,3.712,-24.37951436708405,0.4175662398338318,0.0,0.6324324324324324,32.226407527923584,1.44,8,2.155,0.125,画一个吃实的熊状。
e305cdeaee064712abc38b46df347b76.wav,yellow,VAD=37%,2.176,-27.383475719348827,0.28172925114631653,0.0,0.37037037037037035,29.963085651397705,0.38,4,1.838,0.25,阿波那个。
e322e3681c5c4db995c67a3b713fe6ca.wav,green,全部指标达标,5.76,-22.684710745868706,0.6053503751754761,0.0,0.6770833333333334,28.666460514068604,1.3800000000000001,12,2.083,0.083,变成一个名叫曲恩乐的帅哥。
e325950440724b6baaee912f7bc19771.wav,yellow,VAD=26%,3.456,-35.20051681129173,0.1443273276090622,0.0,0.2558139534883721,26.489439010620117,0.86,6,1.736,0.167,你做啥玩意儿？
e32efd4d9c104af2a673eae9706e7397.wav,yellow,语速=0.92,2.176,-22.112756658630133,0.338528037071228,0.0,0.6944444444444444,24.40706729888916,0.78,2,0.919,0.5,跳舞。
e3424ebf543846ee81af32880dc27300.wav,green,全部指标达标,2.304,-16.95485356035336,0.9807969927787781,0.0,0.5739130434782609,37.42469072341919,0.68,5,2.17,0.2,十八、一九周。
e34bc4fc2f6e45b19b8b4acddcbb9e45.wav,green,全部指标达标,2.304,-22.913463313660237,0.518757164478302,0.0,0.6260869565217392,32.76589632034302,1.42,5,2.17,0.2,丑八怪怀孕。
e36f468f7b90419dae0038a72d1df257.wav,green,全部指标达标,2.688,-20.21308010292378,0.7215938568115234,0.0,0.7835820895522388,32.573208808898926,1.96,8,2.976,0.125,从AWM变形金刚。
e37b8d738bb749468de846c9fac5488b.wav,yellow,语速=1.30,3.072,-23.18581768262472,0.6805973649024963,0.0,0.6078431372549019,31.582324504852295,1.24,4,1.302,0.25,雷天自己。
e3a3d92062e649a195deee5205b23d57.wav,red,ASR 字数过少 (1 字),1.408,-23.991125489506594,0.5871164202690125,0.0,0.3,43.072476387023926,0.32,1,0.71,1.0,好。
e3b6c9887cd8484fb73e6a8e91729735.wav,green,全部指标达标,3.072,-23.349099910029402,0.35032081604003906,0.0,0.7189542483660131,29.381167888641357,1.48,7,2.279,0.143,一个小狗在拉圾。
e3e7800e082a4ee18a5c9e804c4a2df2.wav,green,全部指标达标,1.664,-24.8250978362013,0.34074562788009644,0.0,0.6506024096385542,32.38379240036011,1.08,5,3.005,0.2,也在不十月。
e401f5d0678f495ba2581190ec5d029d.wav,yellow,VAD=39%,3.584,-26.461055048801487,0.27914246916770935,0.0,0.3854748603351955,29.76693868637085,0.4,7,1.953,0.143,我的世界史蒂夫。
e42022e94d974dc2aa9678b1eaa08824.wav,green,全部指标达标,1.792,-20.255375723592522,0.9900000095367432,0.0,0.7640449438202247,31.851074695587158,0.48,3,1.674,0.333,宝大道。
e428c4a6e3ab4c238324cbe9bcb89313.wav,green,全部指标达标,1.664,-23.19756554358807,0.43523669242858887,0.0,0.4578313253012048,27.703046798706055,0.3,4,2.404,0.25,马桶坦克。
e4355d2e9bbe454fb3c08eeaeb89654b.wav,yellow,VAD=20%; 语速=1.36,2.944,-28.90247798887012,0.33572545647621155,0.0,0.20408163265306123,29.658935070037842,0.56,4,1.359,0.25,送老奶了。
e43c9c06bd904d548a692eddd022ddb0.wav,green,全部指标达标,2.944,-23.23596351321733,0.36891287565231323,0.0,0.54421768707483,33.63080978393555,1.58,6,2.038,0.167,你若成天之木。
e467e628ba5c4cc493dfad79c3b0d6e3.wav,green,全部指标达标,3.328,-23.942980335683977,0.4366714358329773,0.0,0.6867469879518072,26.894593238830566,1.28,9,2.704,0.111,画一个发烧的大美女。
e4732af1687441e2a39a8e837e176d94.wav,green,全部指标达标,3.456,-25.322730863027246,0.28928178548812866,0.0,0.5523255813953488,31.232211589813232,1.06,9,2.604,0.222,我说我晚上去偷流了。
e49ac2e7624648e183e7654ebbb7e08b.wav,green,全部指标达标,4.736,-23.644542503862574,0.42140206694602966,0.0,0.7457627118644068,28.832948207855225,2.98,10,2.111,0.1,请画一个正在结婚中的。
e4a8d411e6514833be2676fff9d78aa0.wav,green,全部指标达标,4.992,-22.309044126692722,0.5734744071960449,0.0,0.5783132530120482,33.0279278755188,0.98,11,2.204,0.182,理想汽车里边的理想同学。
e4afb97a977b42aeb52fbe53914ad978.wav,green,全部指标达标,5.76,-21.66850890669452,0.36119040846824646,0.0,0.5902777777777778,31.033692359924316,0.98,12,2.083,0.167,有个足球在足球场上冒烟了。
e4bb0620877d4e82b060950de95f6c2d.wav,green,全部指标达标,2.176,-24.752200148415604,0.34337174892425537,0.0,0.6203703703703703,27.248642444610596,0.8200000000000001,6,2.757,0.167,我觉得你是啊。
e4d0cb44159c4a6c88999b58aad76457.wav,green,全部指标达标,1.408,-20.38004214551914,0.5282565951347351,0.0,0.7,35.35980463027954,0.98,3,2.131,0.333,孙尚香。
e4d1adad7cab41a1babfb881adec5857.wav,red,音量过低 (-50.5 dB),2.688,-50.491365419870284,0.036673326045274734,0.0,0.022388059701492536,21.834304332733154,0.06,0,0.0,0.0,
e4d7f3bf45ef4321b68b35019a66ee5c.wav,green,全部指标达标,4.48,-25.22885150464112,0.3078579902648926,0.0,0.5044642857142857,29.05773639678955,1.76,10,2.232,0.2,你是日本人还是中国人？
e50439efb80341b98229749224e45e5a.wav,green,全部指标达标,4.992,-18.388899287668217,0.9603614807128906,0.0,0.6345381526104418,35.20925045013428,1.34,9,1.803,0.111,嗯，和八块腹肌的来人。
e515bacbb82c4c3ea24b152bdf03491f.wav,green,全部指标达标,2.944,-26.056715780974415,0.2544911503791809,0.0,0.48299319727891155,31.816082000732422,1.04,9,3.057,0.111,嗯，青春斗里面有什么？
e530bd1bb1d04107807cd101460b8fd7.wav,green,全部指标达标,3.072,-23.08967830987983,0.32138514518737793,0.0,0.738562091503268,30.178003311157227,2.18,9,2.93,0.111,画一个很冷的大美女。
e5499cf6c72d40abb71a8195f5e04f06.wav,yellow,VAD=22%; 语速=1.45,3.456,-37.08559975758647,0.09906011819839478,0.0,0.22093023255813954,26.25663995742798,0.7000000000000001,5,1.447,0.2,今天我们看。
e5569bd34a884b8cb897d5d6fc296a14.wav,green,全部指标达标,3.328,-25.846202501302482,0.8459808230400085,0.0,0.42771084337349397,30.10490655899048,0.58,8,2.404,0.125,谁呀？你夸一个巴掌。
e55e039df2234ebcadf997ce1fe4ca66.wav,green,全部指标达标,3.456,-20.975573497212515,0.9153912663459778,0.0,0.6802325581395349,34.99508619308472,1.92,6,1.736,0.167,肥胖的李科春。
e55e78f7b1264fd5b69b1d9029a95433.wav,green,全部指标达标,1.792,-21.773382352565683,0.5535720586776733,0.0,0.5730337078651685,33.96127462387085,0.92,3,1.674,0.333,知道了。
e574187c1a1240fabfb4bfb966bd4dec.wav,yellow,语速=0.92,2.176,-24.980463922384107,0.33219754695892334,0.0,0.5740740740740741,32.48779296875,1.0,2,0.919,0.5,活跃。
e584517e621e40cabef65a9b17bebf34.wav,yellow,VAD=40%,5.248,-31.07746368652392,0.2142433524131775,0.0,0.3969465648854962,25.900602340698242,0.46,10,1.905,0.2,嗯嗯，啊我这里老子提前。
e5941b901dae4c6e9c0412b80dbe6a58.wav,red,ASR 字数过少 (0 字),2.304,-23.85656639911457,0.4052197337150574,0.0,0.5043478260869565,33.092942237854004,1.08,0,0.0,0.0,
e59763bb6af94d3084bdd7ad1ec95c39.wav,green,全部指标达标,3.2,-24.765921992409293,0.6473170518875122,0.0,0.5125,30.011930465698242,0.8200000000000001,7,2.188,0.143,生成一个朱北城。
e5ab16da7fb948b684e1160e855e9e76.wav,orange,重复字 50%: 喂喂喂关系么？,2.688,-35.68016570104107,0.13794881105422974,0.0,0.3582089552238806,20.157642364501953,0.56,6,2.232,0.5,喂喂喂关系么？
e5e1e925d37f48e1a36ce259f250283e.wav,green,全部指标达标,5.248,-20.29034914484832,0.8333344459533691,0.0,0.8053435114503816,30.871295928955078,2.22,9,1.715,0.111,无明，我是的飞信汽车。
e5fcfac26d89467a98b635ae0c99ba46.wav,green,全部指标达标,1.664,-23.676818379734694,0.6020997762680054,0.0,0.6746987951807228,35.464887619018555,0.56,3,1.803,0.333,嗯，家具。
e6147b3e54dd4fe4b1606448b7b48636.wav,orange,VAD 占比低 (13%),5.504,-41.99222538760275,0.12657171487808228,0.0,0.13090909090909092,16.7900288105011,0.34,13,2.362,0.077,您好，熊猫人多唐三变形金刚啊。
e63e82b8fd89407db6e640f4db7b7214.wav,yellow,语速=0.67,4.48,-16.018311500657095,0.9900000095367432,0.0,0.7232142857142857,36.293230056762695,1.8800000000000001,3,0.67,0.333,奥特曼。
e6433322f1bf4eca8968cd908ba93f79.wav,green,全部指标达标,1.792,-22.591916141751774,0.5177105665206909,0.0,0.5842696629213483,28.044235706329346,0.92,5,2.79,0.2,你干挂一个。
e65fba68afea485ba8115aeae82ae784.wav,green,全部指标达标,2.688,-23.58536522277197,0.307545006275177,0.0,0.6417910447761194,37.49148607254028,1.6600000000000001,8,2.976,0.125,Bi或者自我意识。
e662eab66a4443489ce8cde5a66f4d8d.wav,green,全部指标达标,2.688,-24.629634654185253,0.2745775282382965,0.0,0.5522388059701493,34.07600164413452,1.0,7,2.604,0.143,熊猫性感大美女。
e6708535ce49478b86fb0fd1c73b04ce.wav,green,全部指标达标,3.456,-21.610814035674174,0.8159768581390381,0.0,0.5755813953488372,31.379904747009277,0.56,7,2.025,0.143,列出多，也就是看。
e67403266c6d4e89863d367729ee2c05.wav,green,全部指标达标,4.736,-24.769683361017876,0.3105020225048065,0.0,0.6186440677966102,28.124096393585205,1.24,14,2.956,0.143,你觉得我我们想要学会你下哪里？
e67482683bf94988a576944bc12587e7.wav,orange,VAD 占比低 (6%),5.248,-46.215146186250124,0.06337404996156693,0.0,0.0648854961832061,9.40526008605957,0.14,13,2.477,0.077,帮我写一个豆芽生长观察日志。
e68ae60cade84e89b65952f4979601b8.wav,yellow,语速=0.84,7.168,-26.009874715538686,0.7349599003791809,0.0,0.5977653631284916,25.02105951309204,2.2,6,0.837,0.167,神仙住在哪里？
e697fedd1c8a42579c6eea888fb9f0d8.wav,red,ASR 字数过少 (1 字),1.92,-25.10610703243443,0.34914225339889526,0.0,0.4375,32.19491720199585,0.5,1,0.521,1.0,一。
e6a0a35d34bc4f87a91b28955a403e33.wav,green,全部指标达标,4.352,-24.65588775679403,0.34953773021698,0.0,0.6728110599078341,28.360164165496826,1.3800000000000001,12,2.757,0.167,貂蝉的荣耀典藏值不值得换？
e6a5f7a18ba0444a924794bc0a9681fe.wav,green,全部指标达标,1.92,-23.154553244853226,0.3400326371192932,0.0,0.6354166666666666,29.90504741668701,1.16,3,1.562,0.333,冯国业。
e6b7ccb8c451467b89a8f2a1a613a6da.wav,green,全部指标达标,4.096,-20.47543069800326,0.9731303453445435,0.0,0.8186274509803921,35.00365734100342,3.34,8,1.953,0.25,梦幻城堡的小哥哥。
e6b8ce20940f40d892823f5872bcb1d8.wav,green,全部指标达标,3.072,-24.20353615112905,0.6271322965621948,0.0,0.738562091503268,26.136343479156494,1.58,11,3.581,0.273,大美女大美是一个大天才。
e6bd9d5cf0ec4155841d9fec69b8e8ae.wav,green,全部指标达标,4.48,-28.17689002269347,0.27936363220214844,0.0,0.42857142857142855,31.3710880279541,1.3,8,1.786,0.125,哼，我觉得你很聪明。
e6c07a42b8b54ca4a405e69bfd72534d.wav,yellow,语速=1.34,4.48,-15.208965907136633,0.9900000095367432,0.0,0.5044642857142857,42.335638999938965,1.04,6,1.339,0.333,多邻国多儿。对。
e6d0e15afed74720b52ba4e985e6075e.wav,green,全部指标达标,2.56,-19.382806522780346,0.8973122835159302,0.0,0.5078125,35.8484411239624,0.64,4,1.562,0.25,冰是传说。
e6dea0c7ba704ae8a797dc7259c05f1e.wav,yellow,语速=1.33,6.784,-25.473296041118118,0.40774327516555786,0.0,0.6489675516224189,25.36452054977417,1.74,9,1.327,0.111,基本啥一点啊，美人鱼。
e7034ae954724c59bec38a957ba1dbdb.wav,yellow,VAD=35%,8.448,-31.377310242316682,0.25344252586364746,0.0,0.35071090047393366,21.813857555389404,0.72,13,1.539,0.077,我的实业梦想是要担心魔法石。
e706bbfefc354befa8659c61688b2368.wav,red,解码失败: ,0,-100,0,0,0,nan,0,0,0,0,
e71d2c47f5944015bba7b309d5f0cb51.wav,green,全部指标达标,2.176,-24.445046714785285,0.30183470249176025,0.0,0.7685185185185185,28.921217918395996,1.04,14,6.434,0.214,二、换一个angelababy.
e7528473236d427a9ea899993ca60c36.wav,yellow,VAD=29%; 语速=1.41,6.4,-33.377882691444796,0.3115359842777252,0.0,0.2875,29.200174808502197,0.44,9,1.406,0.111,帮我挂一个组头名单。
e75c50be35bf4b078e3cc08dc3b51610.wav,green,全部指标达标,3.2,-25.60692730993669,0.3317822217941284,0.0,0.55625,26.64273500442505,1.3,5,1.562,0.2,出破宝太车。
e767dc59cd0f4132a971c3451dcacd5b.wav,green,全部指标达标,4.096,-21.555085713847628,0.9030641317367554,0.0,0.7990196078431373,27.196342945098877,1.22,12,2.93,0.083,帮我生成一招正在拉屎的人。
e7802e80fa7c4446a956ab4694860080.wav,green,全部指标达标,1.792,-25.35067279229174,0.42939603328704834,0.0,0.449438202247191,34.375457763671875,0.56,4,2.232,0.25,小智女人。
e78d2c749ea641ffb5f2a308c7a74dd1.wav,red,ASR 字数过少 (1 字),2.048,-25.370641367240438,0.3813552260398865,0.0,0.39215686274509803,28.66474151611328,0.6,1,0.488,1.0,能。
e7901916e5f948958de1e068f8700437.wav,yellow,语速=0.67,4.48,-23.009262676080894,0.37159085273742676,0.0,0.875,24.34192419052124,2.8000000000000003,3,0.67,0.333,老有始。
e7cbf0b9c8424904b405339a2e2d4627.wav,green,全部指标达标,3.072,-22.832039548239514,0.4688027501106262,0.0,0.7254901960784313,29.23801898956299,1.84,7,2.279,0.143,恐怖红太阳乐园。
e801735c5979412dafbafa5de7b94ca5.wav,yellow,语速=0.62,3.2,-22.35466220656356,0.42414233088493347,0.0,0.84375,33.760764598846436,2.56,2,0.625,0.5,没有。
e826c8a5a1b94dbaa9aa5966f6437de3.wav,green,全部指标达标,1.92,-18.437055790485307,0.9900000095367432,0.0,0.75,29.30004358291626,0.52,5,2.604,0.2,真正大变态。
e82cc808d312464ea3002bf7f7ad23f1.wav,green,全部指标达标,2.176,-17.917248468813472,0.978347897529602,0.0,0.6018518518518519,41.827144622802734,1.3,4,1.838,0.25,兽黄拉尿。
e84779d297b843aeb08d75218ea2326a.wav,green,全部指标达标,3.584,-21.370360615727865,0.784423828125,0.0,0.6480446927374302,25.22770404815674,0.98,13,3.627,0.154,我打死你，打死你，龟儿子妈卖批。
e89ca27da90a450e97c331a391e6d2c3.wav,orange,VAD 占比低 (3%),3.072,-48.31096061840999,0.039223235100507736,0.0,0.026143790849673203,15.703868865966797,0.08,7,2.279,0.143,给我画初音未来。
e89cabeeafbb488a9ac6728b02d6767f.wav,green,全部指标达标,2.56,-24.372046216084165,0.4781436026096344,0.0,0.5859375,28.85765552520752,1.4000000000000001,5,1.953,0.2,是小舟行动。
e8a713da066c4c3fa6f2aa200a0cdca7.wav,green,全部指标达标,2.944,-24.994578477991652,0.4400293231010437,0.0,0.4557823129251701,31.913363933563232,1.34,7,2.378,0.143,我感觉你好忙啊。
e8acbdcac9564dab82d47addbe1b6efd.wav,green,全部指标达标,2.176,-23.1487719026335,0.8211283087730408,0.0,0.42592592592592593,32.742271423339844,0.34,6,2.757,0.167,三减的一分六。
e8c129e9357a413a9525ddfba7b20000.wav,green,全部指标达标,4.192,-31.13283851334259,0.32318115234375,0.0,0.41626794258373206,22.146129608154297,0.46,10,2.385,0.1,太阳系八大行星有哪些？
e8cfdbc331f34511a64ea6d05c81d88d.wav,green,全部指标达标,7.424,-22.169449394675354,0.85857754945755,0.0,0.7870619946091644,25.06868839263916,1.9000000000000001,16,2.155,0.125,我的世界我的世界苦力怕和欢迎结婚。
e8da7d43953047f18347ec840873860f.wav,red,音量过低 (-50.6 dB),3.072,-50.5774135873692,0.03631650656461716,0.0,0.0,-inf,0.0,0,0.0,0.0,
e8db7f7bb7b54a66b50e0dff0696cb77.wav,orange,重复字 54%: 狗屎狗屎，狗屎，狗屎，狗屎，狗屎，狗。,4.48,-23.640695789554353,0.4333500862121582,0.0,0.625,28.730895519256592,1.22,13,2.902,0.538,狗屎狗屎，狗屎，狗屎，狗屎，狗屎，狗。
e8f3595d5a364099a1598fc5b17a734d.wav,green,全部指标达标,4.608,-22.82978216294598,0.6410881876945496,0.0,0.45652173913043476,35.78354358673096,1.32,7,1.519,0.143,一辆日本的汽车。
e916fb160a8a40d5b82fc65af66806a5.wav,yellow,语速=0.94,3.2,-25.61949584727285,0.42397934198379517,0.0,0.6375,28.80875587463379,1.96,3,0.938,0.333,后面的。
e9355135a72546af8549db23708a351a.wav,green,全部指标达标,4.096,-24.186618551695965,0.6762435436248779,0.0,0.5049019607843137,28.21648120880127,1.72,10,2.441,0.1,穿着粉色裙子的小女孩。
e971539eb7de4b2ba13dd7455a385d9e.wav,red,ASR 字数过少 (0 字),1.536,-25.71406047066948,0.28871795535087585,0.0,0.42105263157894735,33.284668922424316,0.56,0,0.0,0.0,
e9842d78fda54f3c962310da803a7532.wav,yellow,语速=1.36,2.944,-23.266782896338768,0.6054301857948303,0.0,0.5850340136054422,31.915109157562256,1.68,4,1.359,0.25,马桶房子。
e9aa8a8c9a3646a6a8e3d1d84f67fb9b.wav,green,全部指标达标,3.584,-22.70312172613866,0.765677809715271,0.0,0.6703910614525139,30.994555950164795,1.78,10,2.79,0.1,宝马现在最贵的五辆车。
e9b066fde9c143f880fc9a657a7b44d8.wav,green,全部指标达标,4.992,-21.27440752246465,0.8717249035835266,0.0,0.7590361445783133,27.45039701461792,1.72,18,3.606,0.111,帮我换一拍游泳的小姐姐，然后呢看着愿于。
e9cf63287ab4409fbeb02a3a3c69c5d0.wav,yellow,VAD=26%,6.656,-30.723951473696435,0.22906839847564697,0.0,0.2620481927710843,28.211441040039062,0.52,11,1.653,0.182,哦，青海的巴巴啦拉小魔仙。
e9e49985e1eb4c6dbabe54f86f6e4f82.wav,green,全部指标达标,2.304,-24.81784752655066,0.34131795167922974,0.0,0.5304347826086957,32.64022350311279,0.98,4,1.736,0.25,嗯，小龙鱼。
e9f22f44d1504f759a7d4e45d88f93f6.wav,green,全部指标达标,1.92,-15.099524876195234,0.7933669090270996,0.0,0.7083333333333334,33.45609664916992,1.1,3,1.562,0.667,拜拜了。
e9ffa8e9f1e3475d8f4205c17e57883c.wav,green,全部指标达标,7.296,-21.04872178863794,0.6472254395484924,0.0,0.8736263736263736,29.244754314422607,2.52,13,1.782,0.154,我是我不材料物的在上有声浪。
e9ffc30d7cc147808f1a59d96d2a79f8.wav,yellow,语速=1.30,2.304,-28.931426268944552,0.30239856243133545,0.0,0.4782608695652174,27.102677822113037,1.0,3,1.302,0.333,对什么？
ea199abe41064fb1818b2a26f98920e2.wav,yellow,VAD=37%,3.2,-25.792679944705274,0.34063899517059326,0.0,0.36875,31.8228816986084,1.12,5,1.562,0.2,你认错人了。
ea48912f78904654a6227c2a65aee9a5.wav,red,ASR 字数过少 (1 字),4.94,-31.472693067632044,0.168060302734375,0.0,0.6437246963562753,19.203051328659058,2.68,1,0.202,1.0,嗯。
ea7173e47bbb4b568e10a12698288e69.wav,yellow,语速=0.60,6.656,-22.34129664774157,0.6362802386283875,0.0,0.7710843373493976,30.17789602279663,3.5,4,0.601,0.25,嗯，转清水。
ea99e2f2c1e74d8f941201077b9e35bc.wav,yellow,语速=1.23,2.432,-24.61964817040129,0.3084067702293396,0.0,0.5454545454545454,35.524067878723145,1.12,3,1.234,0.333,好嘴巴。
eac221ef790345cb8f1bc69b1fba3f83.wav,green,全部指标达标,4.864,-21.62612111355856,0.45655012130737305,0.0,0.8271604938271605,31.922078132629395,3.34,12,2.467,0.083,我的世界苦力怕不人结婚啦。
eae4e9cf830d4825a253c4ac0824c15d.wav,green,全部指标达标,3.2,-25.44377049627726,0.2959321141242981,0.0,0.54375,29.85255002975464,1.1,7,2.188,0.143,柯基性感大美女。
eae655892b53467eb15a80b524ffb5c2.wav,green,全部指标达标,3.84,-20.82786126525905,0.7367173433303833,0.0,0.5572916666666666,31.212081909179688,0.96,6,1.562,0.167,一台联想电脑。
eae6864c763d4cb8b9e3e875bff93514.wav,green,全部指标达标,1.408,-24.91562789503043,0.5346917510032654,0.0,0.7285714285714285,28.609466552734375,0.66,5,3.551,0.2,大力高涨啊。
eb11ed520d5643b5b7a524f62e5d50b9.wav,red,ASR 字数过少 (1 字),3.328,-24.382588959511335,0.5130046010017395,0.0,0.46987951807228917,33.53168487548828,1.54,1,0.3,1.0,嗯。
eb21c7b8fa1d4bdda58903d79c9a956a.wav,yellow,语速=1.23,2.432,-26.8255252972762,0.3031938970088959,0.0,0.628099173553719,29.276652336120605,1.2,3,1.234,0.333,你干好。
eb237c427a6d408b80d4ef1d923fa3af.wav,green,全部指标达标,3.328,-23.899468198892812,0.45856350660324097,0.0,0.7168674698795181,26.554667949676514,2.0,9,2.704,0.111,我这道题实战，他直接。
eb2876844e014708afbab0f8d36f3e27.wav,red,ASR 字数过少 (0 字),2.176,-23.3598664447995,0.36672770977020264,0.0,0.7777777777777778,30.115368366241455,1.52,0,0.0,0.0,
eb3751cbe76546778f05877a9df7690b.wav,green,全部指标达标,8.064,-23.030494167310074,0.749564528465271,0.0,0.5359801488833746,30.0945782661438,1.34,16,1.984,0.125,理想汽车的轮胎变成了怪兽车的轮胎。
eb50a1d4cf0a4458ac43282555076efb.wav,yellow,语速=0.76,3.968,-22.477294894229445,0.7169612646102905,0.0,0.7727272727272727,28.410160541534424,1.8800000000000001,3,0.756,0.333,八十。谁？
eb58d0187a8e4771af96fa4a2afb50e5.wav,green,全部指标达标,1.792,-23.68765681163969,0.37355151772499084,0.0,0.6067415730337079,28.34782600402832,0.3,4,2.232,0.25,嗯，南国狗。
eb6bdc39f6b24137bd300d13abe426f9.wav,yellow,语速=1.07,2.816,-22.237345617380996,0.4683466851711273,0.0,0.5071428571428571,33.84342670440674,1.24,3,1.065,0.333,注意哦。
eb6efd1daa764bd89f1ccf87e6e70848.wav,green,全部指标达标,1.664,-24.72613368778445,0.384190171957016,0.0,0.6987951807228916,23.577356338500977,0.56,5,3.005,0.2,还真是可啊。
eb92bbc965b34cd4bb2c88ea38b25844.wav,yellow,VAD=30%; 语速=1.42,1.408,-30.25900228903842,0.36942827701568604,0.0,0.3,25.751497745513916,0.18,2,1.42,0.5,杭州。
ebb48eeecd3c41fa8895ba8ae4153ad0.wav,yellow,语速=0.87,3.456,-25.06216611179908,0.4190026521682739,0.0,0.6627906976744186,29.492063522338867,2.22,3,0.868,0.333,奥特曼。
ebb4a27d57a24b45a07a3e0d654a0067.wav,orange,VAD 占比低 (18%),4.096,-40.310994197352116,0.11830075830221176,0.0,0.18137254901960784,16.689075231552124,0.28,9,2.197,0.222,蓝蓝的天空绿绿的水。
ebcbcc9501d94f4a883b43d08afa15a5.wav,green,全部指标达标,1.92,-28.146593826479393,0.3863581418991089,0.0,0.5,28.669281005859375,0.58,4,2.083,0.25,关闭不愿。
ebd95475663a4e9cb61f3a78d2f9c4af.wav,green,全部指标达标,4.48,-23.18255528684693,0.4229414165019989,0.0,0.875,27.984001636505127,2.16,17,3.795,0.118,嗯，可以吗？对吗？那是五什么时候还能返厂？
ebdcb0f0cd6c42f4a05e3d40fa33ba10.wav,green,全部指标达标,1.664,-24.118930005748208,0.8195258975028992,0.0,0.5180722891566265,31.416397094726562,0.86,3,1.803,0.333,大帅哥。
ebfd5edcec164cd8b1eaaf1e264f21dd.wav,green,全部指标达标,3.456,-26.157158028828587,0.3000531792640686,0.0,0.4941860465116279,28.78854513168335,0.54,8,2.315,0.125,我喜欢洗澡的视频。
ebff481148eb4102b194d3ddd50643d1.wav,yellow,语速=1.03,4.864,-18.975826395023642,0.9943686723709106,5.139802631578947e-05,0.7901234567901234,40.13430118560791,3.54,5,1.028,0.2,八太可爱啊。
ec08830889534216901f68729fa23f6d.wav,yellow,语速=1.40,8.576,-13.568660215405162,0.9066199064254761,0.0,0.9369158878504673,33.71845245361328,3.7600000000000002,12,1.399,0.167,好的好，我也没变成小要不到。
ec0bb93c53a042bc94fc6ba46d66b478.wav,yellow,语速=0.98,2.048,-14.540527495975537,0.9900000095367432,0.0,0.5196078431372549,39.4976806640625,1.0,2,0.977,0.5,高达。
ec22e6b63680409c85634b6bee23ee7c.wav,yellow,语速=1.30,3.072,-25.025732248473147,0.51734459400177,0.0,0.7516339869281046,28.770689964294434,1.6400000000000001,4,1.302,0.25,新疆，因为。
ec286ac676644dcfbc46b266a2d9957f.wav,red,ASR 字数过少 (0 字),3.328,-21.846725533491917,0.7408266067504883,0.0,0.6987951807228916,25.951318740844727,0.54,0,0.0,0.0,
ec295d68f64e4dd483b5843db9128b37.wav,green,全部指标达标,2.304,-25.17142943955601,0.3185405731201172,0.0,0.6173913043478261,28.580830097198486,1.02,4,1.736,0.25,全冷汽车。
ec3a030074b748db8c639b1f690df0c8.wav,yellow,语速=1.12,3.584,-21.29044339915864,0.4448104500770569,0.0,0.6871508379888268,34.19259548187256,1.3800000000000001,4,1.116,0.25,女板竹蓬。
ec54e3addc3a44c98b16e9b1d1cec040.wav,green,全部指标达标,6.272,-21.498388353175493,0.9900000095367432,0.0,0.7891373801916933,32.08465337753296,4.8,18,2.87,0.111,坦克物体体线混和狗屎，发明你的铠甲杀死。
ec5b2a2b6853490cb14a641a5d6e63b6.wav,yellow,语速=1.45,3.456,-23.2276669156802,0.3399684429168701,0.0,0.6744186046511628,36.52806282043457,2.2800000000000002,5,1.447,0.2,回我愿萝莉。
ec5dd931427c4c97b3d2e1ee629be530.wav,red,ASR 字数过少 (0 字),2.176,-12.026240268700619,0.8218360543251038,0.0,0.8796296296296297,44.92582321166992,1.9000000000000001,0,0.0,0.0,
ec6ba7579c534cce852a82cfd351c2a5.wav,red,解码失败: ,0,-100,0,0,0,nan,0,0,0,0,
ec6d2ce8741f4ae8b56295489c5d22a6.wav,green,全部指标达标,3.328,-18.132981925004632,0.8793023824691772,0.0,0.6867469879518072,33.94906759262085,1.86,6,1.803,0.167,油条和苦力怕。
ec8477d151964e9e9f024f5a27b217a1.wav,yellow,语速=1.30,2.304,-24.26270518115718,0.33809831738471985,0.0,0.6434782608695652,34.404897689819336,1.34,3,1.302,0.333,王雨鹏。
ec8dffda232c4990a2db8a749667d997.wav,green,全部指标达标,4.352,-25.085633767113368,0.3949538469314575,0.0,0.6129032258064516,28.12286376953125,2.16,12,2.757,0.167,我想拿把，然后把老师给封了。
ecf64fa8ce3f424d8b412c617a44c2fa.wav,red,ASR 字数过少 (1 字),4.736,-23.28562963504629,0.6215850114822388,0.0,0.8135593220338984,24.668538570404053,2.16,1,0.211,1.0,我。
ed20b7e8a47b45bd9cfb62b24740aff2.wav,green,全部指标达标,2.688,-25.359420637460065,0.3303033709526062,0.0,0.6343283582089553,33.51308822631836,1.54,8,2.976,0.125,不是多个机器人吗？
ed38bc47e01f4af4a08c9bdbdcbd11c2.wav,yellow,VAD=24%; 语速=1.45,3.456,-31.730940399748086,0.17905056476593018,0.0,0.2441860465116279,27.099246978759766,0.4,5,1.447,0.2,嗯，成语接龙。
ed539c1c0bfc48c5bcd04e8c35afbd51.wav,orange,VAD 占比低 (19%),6.656,-38.80255969185378,0.12659896910190582,0.0,0.18674698795180722,21.435694694519043,0.62,10,1.502,0.1,目前来说，这个是嗯真的。
ed5b873bafd84fb8adc1d9b7eb2a2a0e.wav,green,全部指标达标,3.584,-23.279216663660858,0.36608824133872986,0.0,0.770949720670391,25.332822799682617,1.92,11,3.069,0.091,现在我们来分轻轨的美女。
ed60533433a14ddaa3132a3dfeccf121.wav,green,全部指标达标,3.456,-25.58645242252424,0.8400030136108398,0.0,0.47093023255813954,30.71258783340454,0.36,8,2.315,0.25,嗯，帮我写一篇一千。
ed70bc570aa644c7aad0aef074734ae0.wav,green,全部指标达标,3.072,-22.663479360894435,0.5242969393730164,0.0,0.7843137254901961,26.30215883255005,1.04,8,2.604,0.125,超级变态棒。李老师。
ed7b9e0591b841688edcce67a7d0c7a5.wav,green,全部指标达标,2.304,-25.23114280535073,0.3925396502017975,0.0,0.7391304347826086,28.42142343521118,1.1,5,2.17,0.4,要救问妈妈。
ed84698226ec4002b00d199f588ca83c.wav,yellow,语速=1.30,4.608,-23.35738001563381,0.6139262914657593,0.0,0.8478260869565217,33.60939025878906,3.6,6,1.302,0.167,菠萝海螺你妹。
ed97382e14ef41ed9cfd43521bc39095.wav,green,全部指标达标,3.456,-23.11241868329037,0.5883945226669312,0.0,0.6802325581395349,31.41819953918457,0.96,9,2.604,0.111,浑礼像软嫩的带清水。
ed9c3f002f9c45158e9b19ef7f82d977.wav,green,全部指标达标,5.632,-21.639308748416838,0.7296142578125,0.0,0.5729537366548043,30.56668758392334,1.1400000000000001,20,3.551,0.05,他只对一号金把当你来做的吗？捅到我肚子里去。
eda2d2fb3f004d3abb5ceccbc0f2ae3f.wav,yellow,语速=1.34,8.192,-22.78579706357586,0.43221166729927063,0.0,0.8533007334963325,30.076403617858887,3.06,11,1.343,0.182,马桶上的暖水的，还有音响。
edaf257dbd764f35a392b241ea5d72da.wav,green,全部指标达标,3.584,-25.68341143248306,0.33778464794158936,0.0,0.5810055865921788,27.9172420501709,0.9,11,3.069,0.091,教室里面发生火情怎么办？
edb82fcc08e448c79c0c7cd5aea1789d.wav,green,全部指标达标,2.816,-21.650846180806795,0.8239443302154541,0.0,0.7428571428571429,33.19303035736084,1.6600000000000001,8,2.841,0.125,帮我画一只老母鸡。
edcff4fcf4854995a5822070961315f9.wav,green,全部指标达标,4.736,-23.852493560199385,0.3389039635658264,0.0,0.7669491525423728,28.140952587127686,1.82,9,1.9,0.111,确定小老鼠是一雄节。
edef3a575c39428b9221949c45c2d9a9.wav,green,全部指标达标,7.168,-22.67046271490991,0.5907708406448364,0.0,0.7653631284916201,25.47739267349243,2.46,19,2.651,0.211,我画一个五百的、输气馆，女版的、女版的、女版的。
ee147fd53fb34ba994c02e476a3f34b4.wav,green,全部指标达标,4.736,-22.071698212875095,0.41570061445236206,0.0,0.7966101694915254,31.247634887695312,3.1,15,3.167,0.067,上面那个很生成名叫蒲晨宇的帅哥。
ee29379e8cd542d6b83bc1c634426f2d.wav,yellow,语速=1.45,3.456,-14.863047434811346,0.8280220031738281,0.0,0.7906976744186046,32.83173084259033,1.34,5,1.447,0.2,给大家女人。
ee38fb2e3fd04a95801f98fd11f3ed48.wav,yellow,语速=1.04,3.84,-24.807070625271542,0.3247378170490265,0.0,0.640625,26.122233867645264,1.1,4,1.042,0.25,马桶杯机。
ee5218f1444e4c55aba7ae093a1baace.wav,green,全部指标达标,1.792,-22.537702509685793,0.4108782708644867,0.0,0.5617977528089888,31.12724542617798,0.54,4,2.232,0.25,抬头的脚。
ee52fcb5226a413e979ab49085217507.wav,yellow,语速=0.57,7.04,-25.273602066998833,0.38411375880241394,0.0,0.78125,24.25361394882202,2.8000000000000003,4,0.568,0.25,不要回你。
ee877d3b290b43348f13ce4ce573e261.wav,green,全部指标达标,9.216,-22.77164682956681,0.5374516248703003,0.0,0.6152173913043478,29.07926321029663,0.72,18,1.953,0.167,画一个病娇猪，爱上夹心猪，伸出几可猪，好吧。
ee9ccda92e4b4d5d8df07a7a605309a9.wav,green,全部指标达标,4.096,-24.3536292874049,0.31171607971191406,0.0,0.5490196078431373,31.773226261138916,0.78,10,2.441,0.2,哼我妈妈在开家庭会议。
eebf82db02fb4a06b736d41c8f53f10d.wav,yellow,语速=1.07,2.816,-25.78097269428037,0.3149455785751343,0.0,0.5785714285714286,34.09523963928223,1.58,3,1.065,0.333,啊，无名。
eec6476b658945c1856616eebacdf431.wav,orange,VAD 占比低 (17%),2.304,-34.498929006292116,0.11966285854578018,0.0,0.17391304347826086,25.330564975738525,0.2,3,1.302,0.333,蜘蛛侠。
eeca71ae29ef40ac853ea8190d36c4e0.wav,yellow,语速=1.30,3.072,-24.892727027206398,0.3229812681674957,0.0,0.6078431372549019,30.971627235412598,1.84,4,1.302,0.25,给你发去。
eed56ecd1cbb42dfa6d1b3c6c9907d27.wav,green,全部指标达标,4.48,-19.370586920987908,0.8536807298660278,0.0,0.7232142857142857,37.930965423583984,1.7,8,1.786,0.25,监控马桶人马桶是。
eee2d53b15d64918bcb310179a55a9d7.wav,green,全部指标达标,4.736,-24.26125065427118,0.3425840437412262,0.0,0.6483050847457628,28.40496301651001,2.06,15,3.167,0.267,也也也比定我要成为海盗。对对对对。
eeea53d1037844089754744251c7c2a1.wav,yellow,VAD=35%,5.76,-28.675636007964783,0.2690887451171875,0.0,0.3506944444444444,32.96072959899902,0.74,11,1.91,0.091,是我和同学吵架了，好难过。
eefd1358edba49908b3d90e7e467b324.wav,orange,重复字 43%: 啊，你好你好，你好。; VAD 占比低 (11%),2.176,-43.66834005171072,0.10565185546875,0.0,0.1111111111111111,12.245310544967651,0.1,7,3.217,0.429,啊，你好你好，你好。
eefda7a2b4b541ea9b24832129fed5ba.wav,yellow,语速=0.92,2.176,-22.224019618901774,0.32259857654571533,0.0,0.6481481481481481,27.26548194885254,0.78,2,0.919,0.5,五十。
ef1dc6bb937e413b821f626686423b7e.wav,yellow,语速=0.71,4.224,-25.831652142203374,0.3893859088420868,0.0,0.7014218009478673,28.788082599639893,2.6,3,0.71,0.333,大小姐。
ef204d06164348ae95464ab7114a2f21.wav,yellow,VAD=32%,2.944,-25.958090591705346,0.29617980122566223,0.0,0.3197278911564626,35.129849910736084,0.9400000000000001,5,1.698,0.2,是先入为主。
ef68fe9a78264a3cbc535b8266381ed6.wav,green,全部指标达标,13.312,-22.553781568458703,0.8428608179092407,0.0,0.7924812030075188,27.081613540649414,4.78,27,2.028,0.111,小兔子可爱小狗三只小猫，学着树装在吃，很好吃的面包，还有牛奶。
efb0d07a864b425bbcdcfe200078206b.wav,green,全部指标达标,2.432,-30.105034414047132,0.24477754533290863,0.0,0.4793388429752066,31.47979497909546,1.1,8,3.289,0.125,一周三下五语美术。
efb23813bc444b1fb1730466675b3883.wav,green,全部指标达标,3.84,-21.758377129954866,0.3404923975467682,0.0,0.7604166666666666,32.20748424530029,1.56,11,2.865,0.182,应个是小的第二个花校园。
efbf9f6fa4b443c1b546f0d14c10b4b0.wav,green,全部指标达标,2.688,-24.36796409985007,0.5036564469337463,0.0,0.6791044776119403,24.039325714111328,0.4,6,2.232,0.333,啊，叫你的妈妈。
efd4374fe8e147f09ae0c4b6b027be4a.wav,green,全部指标达标,3.2,-25.43153453287202,0.30120670795440674,0.0,0.44375,31.796581745147705,0.76,6,1.875,0.333,直播的小姐姐。
efe64f0f060f4813be33653eac3a2ea8.wav,green,全部指标达标,6.4,-17.21410973622107,0.740320086479187,0.0,0.840625,32.12785720825195,3.0,22,3.438,0.318,谢谢，我没有得癌症。谢谢，不用谢，不用谢，不用谢。阿芭拉。
f0009619d5d84c2996c9868ddcd4fb30.wav,yellow,语速=1.12,3.584,-19.89230641833531,0.9900000095367432,0.0,0.5810055865921788,31.609444618225098,1.34,4,1.116,0.25,林肯大陆。
f005e3168717430d9dd4ca30ebd54c7d.wav,yellow,语速=0.74,2.688,-25.394858067802964,0.307689905166626,0.0,0.582089552238806,29.788858890533447,1.12,2,0.744,0.5,好的。
f019271015ba47dcb128c0b3c9c59e66.wav,green,全部指标达标,13.312,-20.907041586287875,0.683569073677063,0.0,0.806015037593985,28.130173683166504,2.12,25,1.878,0.36,老蚁和二十二，对对对对对对对对，奥利给对学姐姐好吃哈哈。
f0219959fded4abcb133a89230c11c3e.wav,yellow,VAD=26%; 语速=1.28,7.808,-25.805488796843594,0.5715509653091431,0.0,0.2564102564102564,33.55654239654541,0.62,10,1.281,0.1,不是来再说嗯，美女没有。
f029b8fd08164833bce333fee9a1bfe4.wav,yellow,语速=1.17,2.56,-21.401191035997353,0.3664954602718353,0.0,0.7734375,33.974409103393555,1.96,3,1.172,0.333,兄弟快。
f035bd012198427986c8db43dcdfb031.wav,orange,重复字 44%: 他一般般一般般的他。; VAD 占比低 (3%),4.608,-49.749988027785335,0.051385585218667984,0.0,0.030434782608695653,15.200862884521484,0.08,9,1.953,0.444,他一般般一般般的他。
f03f11ff2f144b02ae8b0ace405c55e0.wav,orange,重复字 55%: 关系妈妈，然后妈妈妈妈嗯。,4.736,-26.709257701833273,0.40530574321746826,0.0,0.4915254237288136,26.747474670410156,0.88,11,2.323,0.545,关系妈妈，然后妈妈妈妈嗯。
f04db0d712e0496b9ad0c64afc647386.wav,green,全部指标达标,4.992,-13.185207435704536,0.9900000095367432,0.0,0.6706827309236948,39.01723861694336,2.04,10,2.003,0.2,坦克大战VS超级大型。
f0646217b4aa45d38675a01ace52abcc.wav,green,全部指标达标,2.432,-25.480400317836423,0.33302921056747437,0.0,0.5289256198347108,27.888295650482178,0.46,8,3.289,0.125,嗯，你要是什么意思？
f07b38e4b7a84aaaa033b0699d91592d.wav,yellow,VAD=24%; 语速=1.20,1.664,-37.45497927446247,0.12965044379234314,0.0,0.24096385542168675,22.23376750946045,0.36,2,1.202,0.5,啊嗯。
f08512b421ed4fd2b5cddff0cc1e8d5b.wav,green,全部指标达标,3.456,-22.997289555306345,0.41368621587753296,0.0,0.686046511627907,27.659707069396973,0.72,10,2.894,0.2,画一个女性手拿着一个。
f089904dd5a049c68ed650ea36a95360.wav,yellow,语速=1.37,7.296,-25.821692183133994,0.39547115564346313,0.0,0.4010989010989011,30.061461925506592,0.52,10,1.371,0.2,嗯嗯，小智你需要吃饭吗？
f0b5e0c764dc45099531be56173b5b0b.wav,yellow,VAD=22%; 语速=0.98,2.048,-19.65236900897338,0.8644899725914001,0.0,0.21568627450980393,46.08298301696777,0.4,2,0.977,0.5,冠道。
f0bbacf5ab254a4d8477de69a15b11c5.wav,green,全部指标达标,1.536,-23.52399746658646,0.44071561098098755,0.0,0.5263157894736842,33.143699169158936,0.62,3,1.953,0.333,说道理。
f0cc810ce5d14029b80e3ad478406a42.wav,yellow,VAD=39%; 语速=1.42,1.408,-25.555514085999334,0.38476893305778503,0.0,0.38571428571428573,32.93581485748291,0.52,2,1.42,0.5,我有。
f0d23e79aeee4f09b565338d511b6e6b.wav,green,全部指标达标,2.56,-21.827447804140796,0.3682101368904114,0.0,0.875,33.151090145111084,1.6,5,1.953,0.2,是我的大楼。
f0d9b82c82d54a67a4cef16c24fb12bf.wav,green,全部指标达标,9.344,-25.112959680161154,0.3912382125854492,0.0,0.6209850107066381,26.966092586517334,1.54,23,2.461,0.087,生成一个广西人，然后带小槟榔，然后他的名字叫张雅欣。
f0e75802a42d481eba3824b414d72b31.wav,green,全部指标达标,2.944,-24.78621312480255,0.30802610516548157,0.0,0.6394557823129252,31.877996921539307,1.4000000000000001,8,2.717,0.125,给我一点安眠药吧。
f0e8c39d374a42188ead65791b4265bc.wav,green,全部指标达标,1.92,-25.266254876213537,0.9070537686347961,0.0,0.4479166666666667,33.04088830947876,0.56,3,1.562,0.333,上课梯。
f0f65c2d72af406bbc952ef047000700.wav,green,全部指标达标,3.84,-24.63438780368365,0.3488239347934723,0.0,0.4947916666666667,31.493725776672363,0.96,10,2.604,0.1,给我画一个小鸟，有六花。
f137c5af52a44360b9ef2e05dc40aa75.wav,green,全部指标达标,1.664,-16.255807208436643,0.7981353402137756,0.0,0.6867469879518072,32.236292362213135,0.62,6,3.606,0.167,你变的是个球。
f14aa1a5bd90420d85a7a3e9e6062784.wav,green,全部指标达标,2.048,-24.104258829862776,0.3636654019355774,0.0,0.6274509803921569,31.22668743133545,0.86,7,3.418,0.143,画一只声音，未来。
f14ed3e09f92463c9a49d595e6a1c955.wav,green,全部指标达标,2.432,-25.196393987197748,0.31643369793891907,0.0,0.6694214876033058,27.61618137359619,1.0,5,2.056,0.2,戒指美人鱼。
f1665999c9c74073902c7a70927e8ca7.wav,green,全部指标达标,5.376,-21.215263586703514,0.37183529138565063,0.0,0.9440298507462687,64.52988624572754,5.0600000000000005,15,2.79,0.267,来来来来问我了，加油加油加油加油。
f1923d07600c4e62842f5aafeb952461.wav,green,全部指标达标,6.528,-25.760027374498407,0.4133515954017639,0.0,0.50920245398773,26.33476495742798,1.18,11,1.685,0.091,宣传一个哎，历史上煎饼哥。
f1a2ad8890124a8d9edb1b0b4749e50b.wav,green,全部指标达标,5.248,-21.105386288402713,0.8257855176925659,0.0,0.8435114503816794,31.24544620513916,3.94,14,2.668,0.071,捡东西啊，说自己有什么了，我没你。
f1ca2700da1a45bfb65190b6d2a41231.wav,yellow,语速=1.17,2.56,-22.82982070749346,0.5613433718681335,0.0,0.5625,30.80625057220459,1.34,3,1.172,0.333,刘春雨。
f1cf692631ed4d3e92a995a3abf2557b.wav,green,全部指标达标,2.816,-26.12261187053164,0.416934609413147,0.0,0.6714285714285714,27.016842365264893,1.6,6,2.131,0.167,不知道手机了。
f1d35496972a42e588b2416f0dbb1956.wav,green,全部指标达标,2.816,-21.160588323755988,0.5151634216308594,0.0,0.7928571428571428,26.768338680267334,1.1400000000000001,8,2.841,0.25,形金刚大变形金刚。
f1e07fbfb889497f8aa48e8d656ff696.wav,green,全部指标达标,3.2,-24.994247257227222,0.4929035007953644,0.0,0.5625,27.53321886062622,0.58,10,3.125,0.1,抓一个有八块四驱的狗。
f1e6cae6870f4d99b163d390691d5301.wav,green,全部指标达标,2.56,-23.390323348529908,0.5189995765686035,0.0,0.671875,32.2006893157959,1.22,5,1.953,0.2,小牛做狗屎。
f1f6897c8ceb44be9e49800724641a43.wav,green,全部指标达标,2.432,-23.924671767537333,0.2892240583896637,0.0,0.6528925619834711,28.477394580841064,0.8200000000000001,7,2.878,0.286,疯狂一个在一个。
f206009691a3486ea024fbcaeab565c0.wav,green,全部指标达标,4.224,-24.620546494925073,0.34743601083755493,0.0,0.6208530805687204,33.01005840301514,2.38,16,3.788,0.062,那现在这三个人，我都想把自己看到了。
f20979a9a4f04f79acc0404c1ecfd9d7.wav,green,全部指标达标,2.688,-24.618002676443034,0.3115939795970917,0.0,0.8656716417910447,27.26518154144287,2.32,7,2.604,0.143,我要变成美人鱼。
f20bf16842ac4775b3a545878971aead.wav,green,全部指标达标,3.2,-23.32868237185746,0.7961733341217041,0.0,0.675,31.033616065979004,1.1,8,2.5,0.125,哦，盗墓笔记铁三角。
f2149a7d2b8f4f018766bf7ef34afe66.wav,green,全部指标达标,2.176,-24.772753495330335,0.30737006664276123,0.0,0.48148148148148145,32.39313364028931,0.96,5,2.298,0.2,好的，无人机。
f217df559efe47d999b8a95a128d6015.wav,yellow,语速=1.17,8.576,-19.759862877330548,0.8740065097808838,0.0,0.9485981308411215,30.702033042907715,7.5200000000000005,10,1.166,0.3,汪汪汪，望望我妈妈，大家。
f2250edf6d90451cbc615f6d68e0caa4.wav,yellow,VAD=39%,3.328,-26.73878826575535,0.3135361075401306,0.0,0.39156626506024095,31.00010871887207,0.7000000000000001,7,2.103,0.286,能不能给我唱歌？
f2266c8b816642e48e9d7d9f0f33a81a.wav,green,全部指标达标,2.304,-25.030443347040393,0.4885525703430176,0.0,0.5304347826086957,28.256521224975586,0.76,4,1.736,0.75,妈呀，妈妈。
f2269b711d4f479d8a1d3970ec524775.wav,green,全部指标达标,2.688,-22.93377487916966,0.8757730722427368,0.0,0.6716417910447762,30.544898509979248,1.32,8,2.976,0.25,八个肚子的老奶奶。
f232f121fae0417087f119c570cc11ba.wav,yellow,语速=1.42,2.816,-24.073449777585623,0.34890905022621155,0.0,0.6285714285714286,30.022659301757812,1.3800000000000001,4,1.42,0.25,枪械火法。
f24c8b4b0660424ab3d68b08699058f4.wav,green,全部指标达标,4.224,-21.357483215558194,0.7085686326026917,0.0,0.8862559241706162,29.49810266494751,1.98,9,2.131,0.222,谢个夸一个缅甸LE.
f25849bb62bc4ae0a4d02143a2e66a5f.wav,green,全部指标达标,3.2,-25.416422540682788,0.49108532071113586,0.0,0.48125,31.84645652770996,0.78,7,2.188,0.143,学校中午吃什么？
f25eff1b72f646f5a5c5afd8db338258.wav,green,全部指标达标,3.072,-23.10508113850766,0.6968159675598145,0.0,0.6274509803921569,34.1709303855896,1.7,5,1.628,0.2,校花情向好。
f27f9fc91aa543d09d84c57e88e21f7c.wav,red,ASR 字数过少 (0 字),4.608,-24.123643149998173,0.3762159049510956,0.0,0.691304347826087,29.755122661590576,2.42,0,0.0,0.0,
f2814fcdfbb541bea1e947edd7e5826f.wav,yellow,VAD=40%,4.096,-27.449018477761133,0.2873800992965698,0.0,0.39705882352941174,26.205730438232422,0.68,7,1.709,0.143,你知道我是谁吗？
f29e2b84c916451a8869c8194aa6d89d.wav,green,全部指标达标,3.712,-21.819374432002444,0.4827156662940979,0.0,0.7621621621621621,28.23826551437378,1.42,13,3.502,0.231,你他妈就说我他妈妈，你你是是。
f2b60e31a3b34437b8baa37520caf7b9.wav,yellow,VAD=32%; 语速=0.98,2.048,-25.49852681484383,0.3643968105316162,0.0,0.3235294117647059,30.307493209838867,0.48,2,0.977,0.5,音月。
f2c6b751550a4d7494339784c363278e.wav,green,全部指标达标,2.816,-24.95388529062533,0.4618547856807709,0.0,0.7857142857142857,25.945348739624023,0.84,13,4.616,0.154,那个哈利波特的生日是多久的？
f2dc75128c6244e588f440388a3cf1b5.wav,green,全部指标达标,4.224,-25.15028132851704,0.3474869132041931,0.0,0.5639810426540285,26.367294788360596,1.36,9,2.131,0.222,没有你能不能回答呀？
f2e0698d757846df964404df31c611a4.wav,orange,VAD 占比低 (6%),6.272,-47.45899014305714,0.05287163704633713,0.0,0.05750798722044728,12.314131259918213,0.16,11,1.754,0.273,红伞伞白伞光做完一起红。
f3091cf99b144b46ae5306e4e7b9bf0f.wav,yellow,VAD=32%; 语速=0.87,2.304,-26.180216813365554,0.46515440940856934,0.0,0.3217391304347826,33.06635141372681,0.44,2,0.868,0.5,挂便。
f31e01a334d240f9b639763b3f2d4714.wav,yellow,语速=1.04,5.76,-23.674188186613115,0.8222870230674744,0.0,0.7361111111111112,29.44817543029785,4.1,6,1.042,0.333,嗯，不嗯，小狐佩。
f3248a237c124bc19a0ff85e47d8af7a.wav,green,全部指标达标,4.864,-21.115861614713364,0.7562110424041748,0.0,0.5473251028806584,31.293885707855225,0.84,11,2.262,0.182,肌肉小宝贝呢真的很强的。
f34526e314a5489e8b0f2d7a47616aeb.wav,yellow,语速=0.64,6.272,-23.111467701880994,0.30896881222724915,0.0,0.610223642172524,38.637919425964355,2.6,4,0.638,0.75,嗯，啊啊啊。
f34a6bcc4c474a7791a2d7ce0804e54b.wav,green,全部指标达标,5.248,-23.392254005760854,0.4335680603981018,0.0,0.6526717557251909,30.892775058746338,0.8,11,2.096,0.091,一个被导弹轰炸了的战机。
f34acb9c1bde4057ab9c6ecaa6956413.wav,red,音量过低 (-62.0 dB),1.888,-62.04826838837094,0.00799560546875,0.0,0.0,-inf,0.0,0,0.0,0.0,
f34d50e1a4474010a7f6e57f4e420337.wav,green,全部指标达标,3.84,-21.143328437644378,0.6511642932891846,0.0,0.8020833333333334,30.531578063964844,2.4,11,2.865,0.091,帮我画一个美女和帅哥相。
f368bca78f7442d08da750b58dbff550.wav,yellow,语速=1.42,2.816,-12.927214367300783,0.8309558629989624,0.0,0.8928571428571429,37.15101957321167,2.22,4,1.42,0.25,叶罗丽的。
f36e879442324c3aaad756b0bccb87c4.wav,green,全部指标达标,6.144,-22.472931206317934,0.8592371940612793,0.0,0.739413680781759,26.105258464813232,1.68,11,1.79,0.091,还会推给小朋友江雪。对呀。
f3810153d6ed4c309992f0f8ae248bb5.wav,orange,重复字 43%: 你说说一个人说。,3.072,-30.609934162827166,0.20476339757442474,0.0,0.40522875816993464,26.037516593933105,0.4,7,2.279,0.429,你说说一个人说。
f39e0636d1c84dc4bcfcc602308be082.wav,orange,重复字 60%: 哎，对，对不对？,3.2,-24.5277287307514,0.34670358896255493,0.0,0.775,24.97122287750244,1.22,5,1.562,0.6,哎，对，对不对？
f3c2fcc765994edcb45f7511734ec168.wav,green,全部指标达标,2.048,-15.967777915605168,0.9900000095367432,0.0,0.6568627450980392,35.76948642730713,0.52,4,1.953,0.5,杯子鞭子。
f3d3d7534fae4a4a8ddd29e5d7ba95d2.wav,green,全部指标达标,1.664,-22.069736774715242,0.33653417229652405,0.0,0.7831325301204819,31.897804737091064,1.1400000000000001,6,3.606,0.167,我不是怀孕了。
f3e4d3af1a03449c882748c1940a6020.wav,green,全部指标达标,7.552,-22.517510986781918,0.595304012298584,0.0,0.519893899204244,34.110283851623535,2.74,12,1.589,0.083,一个人在汉堡上玩理想汽车。
f3e703b2c903407e9993191919d35d47.wav,red,解码失败: ,0,-100,0,0,0,nan,0,0,0,0,
f3ec749504e7485ea854eae097ca7f73.wav,green,全部指标达标,4.096,-23.732143733757667,0.6662826538085938,0.0,0.47549019607843135,32.35911846160889,0.8,7,1.709,0.143,你知道虞书欣吗？
f3f4f54ce6594477bd66a2a28f020dc6.wav,green,全部指标达标,7.552,-12.351810556195542,0.9899999499320984,0.0,0.9681697612732095,74.70761775970459,7.3,27,3.575,0.185,老爹的鸭鸭，老弟的雷呀，老弟的高鸭，老弟的大鸭，老弟的高尔夫呀。
f3fa760cb79b4d34adb7d6d3be73fa03.wav,yellow,语速=0.81,3.712,-26.215978112654177,0.45526403188705444,0.0,0.6864864864864865,26.81544303894043,1.44,3,0.808,0.667,老奶奶。
f419a592cba44b34810e9c9dde850e13.wav,yellow,VAD=29%; 语速=0.87,2.304,-28.440367453614122,0.4036453366279602,0.0,0.28695652173913044,32.21802234649658,0.24,2,0.868,0.5,我操。
f42d3a5536b642bd8351ce4cac57411f.wav,green,全部指标达标,4.224,-25.79832186443969,0.32746291160583496,0.0,0.6350710900473934,24.178695678710938,0.28,14,3.314,0.143,一个长的翅膀来的巴士在天上飞。
f42f96d28966420283d57ee95340107c.wav,yellow,语速=1.02,2.944,-25.041935956859934,0.5288654565811157,0.0,0.5238095238095238,27.586119174957275,0.72,3,1.019,0.333,洛莉亚。
f43a661c23184c7b92304f19aac97cbd.wav,green,全部指标达标,2.816,-13.696070826016435,0.8791090250015259,0.0,0.8785714285714286,33.51073980331421,2.14,7,2.486,0.143,看天国变成大梅。
f443e655410d41fea4591dc85e54164c.wav,green,全部指标达标,2.56,-24.089096849599017,0.3589336574077606,0.0,0.625,31.257193088531494,1.48,5,1.953,0.2,Ai打印机。
f45c94e28b0047d1b6f2fc67e5930711.wav,green,全部指标达标,7.168,-27.634238322506633,0.3464927673339844,0.0,0.48044692737430167,26.00674867630005,1.44,20,2.79,0.15,你是回老家还是离家？光有一节块，他是这样一个。
f47dde65600a40feaa7cb3854408e71e.wav,red,ASR 字数过少 (0 字),2.304,-30.45672788592766,0.19961273670196533,0.0,0.48695652173913045,30.47590970993042,1.1,0,0.0,0.0,
f4810bae0af6464a8a1b5a1bb86a13e3.wav,green,全部指标达标,3.968,-20.454642591959058,0.6446437239646912,0.0,0.6818181818181818,31.906802654266357,1.36,11,2.772,0.182,肌肉小宝贝女孩子大便便。
f4a7cab6e30841fcb48e3ccb0d865da9.wav,green,全部指标达标,2.176,-22.794140806429716,0.36751192808151245,0.0,0.8055555555555556,29.904301166534424,1.34,7,3.217,0.143,有什么一个公主？
f4b7a6f5ce5745af8f3ea92d84e2033f.wav,yellow,语速=1.12,2.688,-24.02092008034465,0.33467358350753784,0.0,0.6343283582089553,36.54724836349487,1.6600000000000001,3,1.116,0.333,老五婆。
f4c4922013c04ccda91a787ef015df83.wav,green,全部指标达标,2.688,-16.615402647540193,0.9915629029273987,2.3251488095238094e-05,0.8656716417910447,35.63385725021362,2.32,9,3.348,0.333,哪里啊？在哪里？在哪里？
f4cf01c0bc3c4523bb4430d3bb98123a.wav,yellow,语速=0.92,2.176,-27.190260490942222,0.2972817122936249,0.0,0.4444444444444444,35.334346294403076,0.96,2,0.919,0.5,吃蛇。
f522231ba9f64a3a9d429f5355a988cb.wav,red,ASR 字数过少 (0 字),3.584,-24.442682745801925,0.3460334241390228,0.0,0.664804469273743,31.126766204833984,2.32,0,0.0,0.0,
f542a2943f6049d3b0dea7530d519a5c.wav,green,全部指标达标,2.304,-23.129815837344886,0.404559850692749,0.0,0.6695652173913044,32.23958492279053,1.54,7,3.038,0.286,一个我们的m的。
f54e0ffe076f4740bc4923e86beec23f.wav,green,全部指标达标,2.304,-31.121270613903427,0.17497073113918304,0.0,0.46956521739130436,21.360623836517334,0.34,7,3.038,0.143,帮我画一下眉刀。
f54ed35b989d4b92bc338356ce81ed1e.wav,green,全部指标达标,2.688,-24.45211223145735,0.30574536323547363,0.0,0.7761194029850746,23.582937717437744,0.68,7,2.604,0.143,荣文杰不给那天。
f566931868054e1aa4eaf42137107722.wav,green,全部指标达标,3.072,-22.88568170676666,0.3396953046321869,0.0,0.738562091503268,34.0797233581543,2.0,6,1.953,0.167,我终于要快乐。
f5834d48bfa64f1ea8cfad7d0ebb569c.wav,green,全部指标达标,1.664,-21.10029953253222,0.6562103033065796,0.0,0.46987951807228917,32.54014015197754,0.76,5,3.005,0.2,差不对军队。
f58f82fced7e4ea9a6d62de319f2bc28.wav,yellow,VAD=30%; 语速=0.98,2.048,-25.129543183732185,0.8118084073066711,0.0,0.30392156862745096,33.1305193901062,0.32,2,0.977,0.5,傻逼。
f5986b332c80420aae17de2d14955628.wav,green,全部指标达标,5.376,-29.424149052983083,0.23128359019756317,0.0,0.5522388059701493,26.379008293151855,0.96,13,2.418,0.154,嗯，就是爸爸妈妈说我推广高三。
f59f2336cb7148c796a086966b696670.wav,green,全部指标达标,5.888,-22.66607744875465,0.5981206893920898,0.0,0.7721088435374149,26.742489337921143,1.5,12,2.038,0.167,未来，未来AI会取代人类吧。
f5a01d15d0844bb58c33372447a96833.wav,green,全部指标达标,1.92,-20.754355643594824,0.9704316258430481,0.0,0.6979166666666666,44.03900623321533,1.34,3,1.562,0.333,长上官。
f5a60ba59ec74366a73456a71ecb3582.wav,yellow,语速=1.30,2.304,-17.54992639760102,0.9900000095367432,0.0,0.5826086956521739,41.456050872802734,1.34,3,1.302,0.333,李老师。
f5a63dfebbf64cd8a22c24d3d9745caa.wav,red,ASR 字数过少 (1 字),2.432,-20.914134210591357,0.9269503951072693,0.0,0.512396694214876,32.82965421676636,1.04,1,0.411,1.0,哟。
f5a9130a639f4eb8aece21ae9050d479.wav,yellow,VAD=32%; 语速=0.98,2.048,-25.162597934943157,0.6409872174263,0.0,0.3235294117647059,32.3780083656311,0.38,2,0.977,0.5,内裤。
f5ac7792c5244127ab06dc057f33f96d.wav,green,全部指标达标,3.2,-24.714602362759436,0.3016693592071533,0.0,0.675,31.616997718811035,1.6,5,1.562,0.2,梦过了世界。
f5b905815ec44e5c8074ceacb06d9a15.wav,green,全部指标达标,2.048,-24.339190111686143,0.5683590173721313,0.0,0.5686274509803921,29.021201133728027,0.78,6,2.93,0.167,我知道哪有呢？
f5c1c8baabe84acd91483044bd5ea9de.wav,green,全部指标达标,3.2,-24.718345467813275,0.29519304633140564,0.0,0.7625,31.45267963409424,1.96,6,1.875,0.167,年轻人能听懂。
f5c8dd0bbf4144a38c7fe65ad05bdd07.wav,green,全部指标达标,5.504,-17.965009783183124,0.9899999499320984,0.0,0.5890909090909091,34.056880474090576,1.0,12,2.18,0.083,四百辆，理想汽车撞在了一起。
f617410d197c4714a1a887ff27ef162d.wav,yellow,语速=1.30,5.376,-16.502455760914955,0.9899999499320984,0.0,0.47761194029850745,37.807536125183105,1.42,7,1.302,0.143,黄金大众ID四。
f62269fc13914fb5b8e47aaf937e8267.wav,green,全部指标达标,5.632,-23.12738696810428,0.889889121055603,0.0,0.41637010676156583,31.95516347885132,0.48,10,1.776,0.2,一个汽车的车牌逃走了。
f623b84ae49842b4ad920adcd15dc879.wav,yellow,语速=0.98,2.048,-24.82007237056999,0.6369421482086182,0.0,0.4411764705882353,47.149105072021484,0.86,2,0.977,0.5,象龟。
f62a28e6d4b943d79c3b2793fed740af.wav,green,全部指标达标,4.864,-24.385983634718066,0.440116286277771,0.0,0.5349794238683128,30.68708896636963,0.88,10,2.056,0.1,一个被导弹炸烂的飞机。
f62fa80810334838872b40196d15249d.wav,green,全部指标达标,6.784,-26.142325204285676,0.3742330074310303,0.0,0.616519174041298,25.01070499420166,1.36,14,2.064,0.143,不是我心情很不好办理，我想吃他。
f645bcb585fb4e1fabed429ace07170b.wav,green,全部指标达标,2.048,-26.994742747899085,0.525486946105957,0.0,0.47058823529411764,30.469279289245605,0.46,4,1.953,0.25,韩国是谁？
f6586318aa194aafadb50f331be55d7d.wav,yellow,VAD=39%,4.736,-28.777012831579306,0.24714937806129456,0.0,0.3855932203389831,32.257633209228516,1.04,8,1.689,0.125,我的世界蘑菇房子。
f65ab9fe86114cec81e1175dff7dc791.wav,green,全部指标达标,2.432,-24.90326709522352,0.35214680433273315,0.0,0.7851239669421488,25.381834506988525,1.32,9,3.701,0.222,这个颜色不可能不是。
f686193cdfe149bd8dc0896b5f294ce1.wav,yellow,VAD=40%,1.92,-26.600388495270852,0.383314847946167,0.0,0.3958333333333333,29.168496131896973,0.36,5,2.604,0.2,A七八零呢？
f696d5e91d834a8cb130c5b4527746a5.wav,green,全部指标达标,2.176,-22.822791398041144,0.8043586015701294,0.0,0.6018518518518519,32.68242835998535,0.8,4,1.838,0.25,惊奇，百怪。
f6a3b87c542b4dc2b663239fdac68801.wav,yellow,语速=1.07,2.816,-18.2204357566108,0.8940708637237549,0.0,0.5857142857142857,38.659915924072266,1.04,3,1.065,0.333,刘云川。
f6b1e9299c78442a9637bb94df663c8d.wav,green,全部指标达标,3.968,-26.29586685192301,0.40075522661209106,0.0,0.51010101010101,30.10995388031006,0.8200000000000001,13,3.276,0.077,是可以告诉我想杀人怎么办吗？
f6b344cd06b14496a0dcdeaba2d8d14f.wav,yellow,VAD=30%,4.608,-24.18160980728663,0.8400627374649048,0.0,0.3,33.3275842666626,0.96,13,2.821,0.154,我弄死你个瘪孙儿，是我讲话了。
f6ba06d22ae543e985fc3ec52ca08d8e.wav,yellow,语速=0.92,2.176,-31.26896865914663,0.2683641314506531,0.0,0.46296296296296297,24.902749061584473,0.46,2,0.919,0.5,我不。
f6cf629e1812429e9d4322f48c6f288e.wav,green,全部指标达标,2.816,-26.87970337182295,0.3167112469673157,0.0,0.6214285714285714,25.46621799468994,0.66,6,2.131,0.167,哎，总过人生水。
f6e40d1fc05f4c389db1becdd38f7860.wav,green,全部指标达标,2.048,-25.36029686637748,0.30948251485824585,0.0,0.5294117647058824,32.00415372848511,0.88,5,2.441,0.2,魔蛋怎么走？
f6eb50f550b54a1d808aaf77ca034dd6.wav,green,全部指标达标,2.688,-22.101894316745483,0.4190640449523926,0.0,0.7761194029850746,28.333454132080078,1.06,11,4.092,0.273,要不然我要不要你妈烦我。
f6ec0a4537724ae58cdcc709d7f4a2ea.wav,green,全部指标达标,3.2,-23.24308911886702,0.40345311164855957,0.0,0.7,28.84551763534546,1.98,9,2.812,0.111,对，我想要两个的东西。
f6ec58b1f01f49a29664885f118f2aa2.wav,green,全部指标达标,1.536,-19.104439652228393,0.4482281804084778,0.0,0.5657894736842105,35.727107524871826,0.86,3,1.953,0.333,第一个。
f71ed1737b3d44d9a6b29fd2a4394b96.wav,yellow,VAD=38%,4.096,-28.158257775112077,0.29867854714393616,0.0,0.38235294117647056,28.492958545684814,1.52,10,2.441,0.2,哦，三亿三十多是多少了？
f7240bcd56194bce8c402a8f5d0aca0d.wav,yellow,VAD=40%,1.664,-26.884431326307684,0.29251986742019653,0.0,0.39759036144578314,32.43255853652954,0.66,3,1.803,0.333,哦，属龙。
f73643746aee45aa9177e4c12e94e920.wav,green,全部指标达标,2.432,-15.38377034162737,0.8087409734725952,0.0,0.8099173553719008,31.83725595474243,1.16,4,1.645,0.25,我往哪里？
f75c638e04ed4cf9900bc42135463c32.wav,orange,重复字 50%: 赵老师喂喂喂。,2.944,-30.172796507186312,0.1969452202320099,0.0,0.3469387755102041,28.720228672027588,0.54,6,2.038,0.5,赵老师喂喂喂。
f768cf4692254466a26c0158411719b7.wav,green,全部指标达标,1.92,-23.598221739403638,0.3789903223514557,0.0,0.53125,39.54403638839722,0.9400000000000001,3,1.562,0.333,我回来。
f76963470da94391b15cbdabd66cf85f.wav,green,全部指标达标,2.304,-23.70972448527134,0.3156982660293579,0.0,0.7217391304347827,26.918983459472656,0.8200000000000001,6,2.604,0.333,女，拉美，女拉鼠。
f77a66ff2b8742b8b944892dea5f91a4.wav,green,全部指标达标,3.712,-24.381808688011123,0.3079303503036499,0.0,0.5135135135135135,27.895171642303467,0.62,8,2.155,0.125,介绍一下我们校长。
f7800fc423fe46958f7bfcba1dc2ba9c.wav,red,解码失败: ,0,-100,0,0,0,nan,0,0,0,0,
f7887d8b24a847daa4b4fa33d9f677b0.wav,yellow,语速=1.25,3.2,-21.46504878986868,0.36384421586990356,0.0,0.71875,31.667068004608154,2.3000000000000003,4,1.25,0.25,薯条汽车。
f78b606ec9904118abf6d6f9c71c088b.wav,green,全部指标达标,4.352,-22.004778855516566,0.9643126726150513,0.0,0.5622119815668203,31.222891807556152,0.8,9,2.068,0.222,马马桶里面还有大便。
f79af50e967c42ea93e9e80a77908593.wav,green,全部指标达标,10.112,-24.952369815591094,0.36322033405303955,0.0,0.6376237623762376,26.67461633682251,1.04,34,3.362,0.118,嗯，我想把你脚字给刀了，把你给砍下来，把你的脑壳给你砍下来，然后丢到粪坑里去。
f7ab99e29a9647e79b61dfaa0bdbfa6e.wav,green,全部指标达标,2.176,-22.217817054508973,0.45415210723876953,0.0,0.6944444444444444,28.081271648406982,0.44,5,2.298,0.2,我等bug.
f7b284e0c01e4e6487279462f21cfd1a.wav,yellow,语速=1.12,1.792,-22.618527468462876,0.9899999499320984,0.0,0.5056179775280899,29.662492275238037,0.42,2,1.116,0.5,傻逼。
f7b58140e02e4e6fbe31b45f190599b2.wav,green,全部指标达标,5.504,-24.452025254594012,0.7291251420974731,0.0,0.7054545454545454,24.884369373321533,0.84,14,2.544,0.071,帮我ai一只猪，上面写着秦梦瑶。
f7d22dc7fd694d3db9d9d07e8124b9ac.wav,green,全部指标达标,2.56,-22.50866412870339,0.836808979511261,0.0,0.703125,27.189624309539795,1.08,4,1.562,0.5,你认识你。
f7e7ba3fe96d443c9d1162857a416626.wav,green,全部指标达标,5.504,-23.19514570456601,0.284216970205307,0.0,0.7018181818181818,26.17260217666626,1.84,17,3.089,0.118,关于俄乌战争那种的探法是因的小东西。
f7f511a46a8a4c3ea4eafe74a9394044.wav,green,全部指标达标,3.2,-24.042286322029625,0.8116142749786377,0.0,0.7125,29.73174810409546,1.7,10,3.125,0.1,刚才一个落偶的李开封。
f7f7d51e4d0045f2b5cca02c1141d99c.wav,yellow,语速=0.82,2.432,-24.313937296509224,0.8657782077789307,0.0,0.5702479338842975,27.0235538482666,0.8,2,0.822,0.5,Ok.
f7faa59d500148a0a5ea12be98aaf2c0.wav,green,全部指标达标,1.152,-23.614870106168627,0.45633113384246826,0.0,0.43859649122807015,34.937922954559326,0.4,3,2.604,0.333,这是说。
f7fbe40f7fa44dcd8073f8596b38a367.wav,green,全部指标达标,2.432,-23.537850607968778,0.3327864110469818,0.0,0.6776859504132231,27.21116542816162,0.76,8,3.289,0.125,等一下剪刷短视频。
f80909d74b694281bca5680fd2a2ee2a.wav,green,全部指标达标,2.176,-23.27809056213212,0.38072893023490906,0.0,0.6574074074074074,27.855548858642578,0.98,5,2.298,0.2,两个人亲嘴。
f818bebba86e4174b46f7e6dde0cfc3f.wav,green,全部指标达标,2.688,-22.917749832448465,0.4784950315952301,0.0,0.7388059701492538,33.073084354400635,1.5,5,1.86,0.2,猪肉丸老婆。
f828760e18264ccfa1d863cd8b228aa1.wav,yellow,语速=1.42,4.224,-27.70897661830499,0.2940441370010376,0.0,0.4312796208530806,30.76718807220459,0.7000000000000001,6,1.42,0.167,原志云创科技。
f82cc3e9dd76402199abdded5d2a69de.wav,yellow,语速=1.45,3.456,-24.058147313407154,0.3643950819969177,0.0,0.7034883720930233,34.47110414505005,2.4,5,1.447,0.2,逛着长啥呀？
f830873d9fb8430487ed9ce2cfa7c56e.wav,green,全部指标达标,2.816,-26.900431548093092,0.32245394587516785,0.0,0.4928571428571429,24.518094062805176,0.5,6,2.131,0.167,什个法医校园。
f8321a0019b74727af2db4d719902d89.wav,green,全部指标达标,2.432,-14.457696741096886,0.9900000095367432,0.0,0.6776859504132231,38.30932855606079,0.9400000000000001,4,1.645,0.25,是银河系。
f832b48ef3db44838de02fab9d078f80.wav,green,全部指标达标,2.688,-24.281592261635552,0.30998748540878296,0.0,0.8880597014925373,28.433284759521484,2.38,5,1.86,0.2,变态大美女。
f83644e8c0ea411685910004f2236662.wav,yellow,语速=1.17,2.56,-26.251418716779824,0.4511116147041321,0.0,0.5234375,26.540067195892334,1.22,3,1.172,0.333,在怀孕。
f85a38bb3bca41599b7cf554a7e59d23.wav,yellow,语速=1.30,2.304,-25.272795103642377,0.740706205368042,0.0,0.4434782608695652,30.03711462020874,0.44,3,1.302,0.333,男神。对。
f866e737658b48ad88b58d71c2068f22.wav,orange,语速低 (0.48 字/秒),6.272,-28.38585059389783,0.27910029888153076,0.0,0.45686900958466453,23.262169361114502,1.82,3,0.478,0.333,不开心。
f8a0903afa844d60b1a65d78fbb7873c.wav,green,全部指标达标,4.48,-28.559046107303843,0.23991841077804565,0.0,0.6116071428571429,24.736158847808838,1.2,13,2.902,0.231,嗯嗯，刚刚说话已经刚说说一下。
f8b30071c18740e48b4ed525efa0657d.wav,green,全部指标达标,1.92,-22.03845476967919,0.9117908477783203,0.0,0.7708333333333334,31.31274938583374,1.0,5,2.604,0.2,然后他旅游。
f8c6b91451334478aef182e8825b48d9.wav,yellow,语速=1.12,3.584,-30.361278449443347,0.1823156774044037,0.0,0.40782122905027934,29.400153160095215,1.22,4,1.116,0.5,你好你好。
f8ecde61308f492a96104b49cbbe169a.wav,yellow,语速=1.47,6.784,-18.10562633891484,0.9899999499320984,0.0,0.5309734513274337,38.22054386138916,0.7000000000000001,10,1.474,0.1,雨想汽车正在大连开着。
f8f8a4712c254875aad165838dbf169f.wav,yellow,语速=0.60,3.328,-23.89652444939629,0.38148361444473267,0.0,0.5843373493975904,32.57745981216431,1.94,2,0.601,0.5,小七。
f90401d76dc34ffd9b179460c450d8d1.wav,green,全部指标达标,7.296,-23.591223547595934,0.8278893232345581,0.0,0.4642857142857143,34.39565658569336,1.32,18,2.467,0.167,谢谢，我要杀人，我要吃安眠药，然后我再自杀。
f92cb054b57c4d01a4b182e5c355535b.wav,yellow,VAD=26%,2.944,-35.1551234027174,0.14029818773269653,0.0,0.2585034013605442,20.280513763427734,0.24,7,2.378,0.143,画一个猪头宝贝。
f93b1fae74524cba9556dc845ebcb887.wav,green,全部指标达标,6.144,-22.7580787818005,0.7146719098091125,0.0,0.6677524429967426,27.351131439208984,1.94,14,2.279,0.143,画一个头是机，身体是熊猫的后置。
f93b611343b540c59cebc64215979caa.wav,green,全部指标达标,3.84,-25.232370241051036,0.367846816778183,0.0,0.5052083333333334,30.149972438812256,0.54,10,2.604,0.1,画个更高级的马桶，还有。
f960028bcb0d48678534bfef728cf1d7.wav,yellow,VAD=38%,2.176,-26.338865866209066,0.29321175813674927,0.0,0.37962962962962965,29.559707641601562,0.64,7,3.217,0.143,快两个人的一起。
f98058f95d5048bd98e72899465a3269.wav,yellow,VAD=35%,2.56,-24.62051014154644,0.3282278776168823,0.0,0.3515625,38.98527145385742,0.9,4,1.562,0.25,有点难过。
f981e4d9cb6348d1a031ab7955bbf158.wav,yellow,VAD=23%; 语速=0.84,3.584,-30.906156256230716,0.3475102484226227,0.0,0.22905027932960895,32.1160364151001,0.56,3,0.837,0.333,被打了。
f990e9de9d134467893dd702cc510a68.wav,yellow,VAD=27%; 语速=1.46,2.048,-20.583022765515512,0.8894672393798828,0.0,0.27450980392156865,36.90826177597046,0.26,3,1.465,0.333,啊，这样。
f99a1fa2841b4eb0bd6ff5df414b19f2.wav,green,全部指标达标,1.92,-21.708295588253087,0.5076675415039062,0.0,0.6145833333333334,34.969730377197266,1.16,4,2.083,0.25,人家山猫。
f9ae4893b8174bffb18eda43acfe666e.wav,green,全部指标达标,7.168,-18.808077965854768,0.9900000095367432,0.0,0.6229050279329609,35.29458045959473,1.02,18,2.511,0.111,一辆理想汽车把一个人的屁股给摘了下来。
f9f4528cf2424bcf98aabc43bab72fa7.wav,green,全部指标达标,2.688,-22.039418813008396,0.8706839084625244,0.0,0.41044776119402987,37.164649963378906,1.08,5,1.86,0.2,发动机总载。
fa0e15a3c46d4a6296b99de070aaebe0.wav,green,全部指标达标,2.688,-23.418965741917667,0.3441351056098938,0.0,0.7014925373134329,29.321682453155518,1.6,7,2.604,0.286,小色的我的世界。
fa21bfb9a3c84d41907bcaac6e323aa3.wav,red,ASR 字数过少 (1 字),1.536,-35.83556595082801,0.18762187659740448,0.0,0.18421052631578946,26.03750705718994,0.2,1,0.651,1.0,嗯。
fa5fabcb2f8245028a5da8c8946d2907.wav,green,全部指标达标,2.432,-25.598583241215902,0.29210251569747925,0.0,0.47107438016528924,30.72589635848999,0.56,6,2.467,0.167,但我招不做人。
fa69b8a37c9e4077ab9be60d26c57ca4.wav,red,音量过低 (-51.2 dB),13.184,-51.19958498493543,0.03950592502951622,0.0,0.013657056145675266,14.296473264694214,0.08,0,0.0,0.0,
fa6ff416a6114f13a0867a47ae50e238.wav,green,全部指标达标,2.688,-15.009709756231857,0.7739343047142029,0.0,0.7238805970149254,32.39196300506592,1.0,6,2.232,0.167,这我要去拍手。
faac765f760d485cbac632fd8d931675.wav,yellow,VAD=32%,7.04,-32.336761159845324,0.2019810825586319,0.0,0.3210227272727273,23.11997652053833,0.7000000000000001,20,2.841,0.1,我今天有一点不开心，嗯嗯，可以和他们人区别的。
faada52ed3f14898bf8063cc8aa505f7.wav,green,全部指标达标,5.76,-23.665047002416088,0.4067060649394989,0.0,0.7152777777777778,28.412551879882812,2.4,14,2.431,0.143,有八块腹肌和肌肉的老奶奶傻逼。
fab9c54138754d62b24d6f2d8927e1ed.wav,red,解码失败: ,0,-100,0,0,0,nan,0,0,0,0,
fabff0a5bd97435cb32c1ca1b88217de.wav,yellow,语速=1.07,2.816,-15.736157786379199,0.9900000095367432,0.0,0.5714285714285714,37.84224033355713,1.16,3,1.065,0.333,女娃在。
fac633aa56cb4c6a9fc2e38c5252e5e4.wav,green,全部指标达标,3.328,-24.320919802699645,0.44754356145858765,0.0,0.5481927710843374,26.62785768508911,0.9,10,3.005,0.2,来一个成语少语不少女。
fad2baca30e94c8ca4bf5a72b94cfe1f.wav,orange,VAD 占比低 (12%),2.944,-42.593887469161174,0.1085740476846695,0.0,0.12244897959183673,16.94149613380432,0.14,6,2.038,0.167,画个冰雪奇缘。
faead1d78506430daca51061bce1932f.wav,green,全部指标达标,2.304,-25.69157385756677,0.32041436433792114,0.0,0.4434782608695652,32.59446144104004,0.58,4,1.736,0.25,别人咋的？
fafe735334ec47d681f07b84d03a4d8c.wav,green,全部指标达标,1.152,-16.66391778430687,0.7435449361801147,0.0,0.7017543859649122,34.583303928375244,0.48,2,1.736,0.5,今天。
fb034241b80d4eb49ba36ed62aa0a9e3.wav,green,全部指标达标,6.4,-23.046025725924032,0.7072327136993408,0.0,0.65,30.54482936859131,1.82,12,1.875,0.167,王者荣耀中大鱼怎么玩大鱼？
fb1c1b3ce6384bb08780398b11fe170f.wav,green,全部指标达标,3.456,-22.73900816748576,0.4397105574607849,0.0,0.6453488372093024,32.916903495788574,1.16,6,1.736,0.167,直接出来老人。
fb6724dbd35d4cf7b40d4e11eaa94a3d.wav,green,全部指标达标,2.816,-23.793728127088094,0.31789204478263855,0.0,0.7071428571428572,33.84773254394531,1.98,9,3.196,0.111,如果说大家资产股市。
fb68ce0e342d4b6fa8a30a2c407558de.wav,green,全部指标达标,2.688,-20.519963690743968,0.8080414533615112,0.0,0.7985074626865671,34.001193046569824,1.3,7,2.604,0.143,挂一辆兰博基尼。
fb747958a57547b99f0b3cd0d33f84de.wav,green,全部指标达标,1.664,-25.56368731105758,0.3276926577091217,0.0,0.6626506024096386,30.35977602005005,0.7000000000000001,5,3.005,0.2,你拉班大师。
fb76d2d67a7d44fb9c1660fbc8473439.wav,yellow,语速=1.16,3.456,-24.723986841453872,0.35304197669029236,0.0,0.6453488372093024,31.447739601135254,2.22,4,1.157,0.25,琥炮坦克。
fb8082db0d634e73aab17e7608839eee.wav,green,全部指标达标,4.352,-24.311339771031072,0.6691270470619202,0.0,0.663594470046083,30.15786647796631,1.76,7,1.608,0.143,快生成一段帅哥。
fb831fd8e2c046f799240cab66d826c7.wav,green,全部指标达标,2.176,-23.473648557243244,0.34984248876571655,0.0,0.6481481481481481,28.955516815185547,0.7000000000000001,6,2.757,0.167,然后进我公去。
fba8c526c7cf46e4835339720e73837e.wav,green,全部指标达标,3.712,-21.658999349247402,0.5739089846611023,0.0,0.8,30.89327335357666,2.6,7,1.886,0.143,金肉版的木棍人。
fbbf725b40184e0a96ad67955b2a8679.wav,green,全部指标达标,1.92,-16.90515286170829,0.8153224587440491,0.0,0.78125,32.68275737762451,0.88,6,3.125,0.167,六减八等于零。
fbc804ec4c46452a8ecb1fd823eb1736.wav,yellow,语速=1.36,2.944,-22.826659726444237,0.7856178879737854,0.0,0.4217687074829932,34.87339735031128,0.68,4,1.359,0.25,我要杀人。
fbcaf15f58f04f75a06421168bff1286.wav,green,全部指标达标,3.584,-27.3014113243999,0.3658302128314972,0.0,0.5418994413407822,24.640696048736572,0.72,10,2.79,0.2,天气开这种小软件软件。
fbd1a202ce044905b79f7bfc0da20bc5.wav,green,全部指标达标,2.688,-24.863319062996155,0.6682583689689636,0.0,0.6492537313432836,23.339521884918213,0.9,6,2.232,0.167,哦，刘锦成是谁？
fc128a9a912c41e2a7e15627e0cebbb1.wav,green,全部指标达标,7.808,-30.587497736436365,0.23147162795066833,0.0,0.4846153846153846,23.729004859924316,0.56,18,2.305,0.111,八点多六点多，健康大家春晚花开的不姑呀。
fc12db75e7b742eca3c12ddf807450c5.wav,yellow,语速=0.94,3.2,-21.154277593926302,0.32480812072753906,0.0,0.7875,35.50162076950073,2.5,3,0.938,0.333,嗯，的车。
fc35f38f78454dd1a9b7971ceb1c2fa7.wav,yellow,语速=1.20,1.664,-15.843039033663441,0.9899999499320984,0.0,0.4939759036144578,40.96696853637695,0.5,2,1.202,0.5,黄金。
fc379b0855714238a9b290b46ff24150.wav,red,ASR 字数过少 (1 字),1.92,-32.651306341675095,0.18010786175727844,0.0,0.4270833333333333,25.527989864349365,0.72,1,0.521,1.0,嗯。
fc487bbda17941dfbaa7de7b5cbf889d.wav,green,全部指标达标,2.944,-23.47797732020862,0.4770691990852356,0.0,0.6258503401360545,26.509876251220703,0.56,7,2.378,0.143,特别有科技城市。
fc5785ea58764bc5b10174d9f9ed6d83.wav,green,全部指标达标,2.048,-24.60032503320656,0.34383049607276917,0.0,0.5196078431372549,29.505131244659424,0.62,5,2.441,0.4,肌肉大妹妹。
fc63f1857e804d98a52dd342c5f417bc.wav,yellow,VAD=22%; 语速=0.56,5.376,-39.70953239042021,0.11489570140838623,0.0,0.22014925373134328,17.990047931671143,1.04,3,0.558,0.333,第一次。
fc6bbe38d82a4bfba128cddfba042d1a.wav,orange,VAD 占比低 (16%),7.168,-35.64113840813182,0.20910586416721344,0.0,0.164804469273743,26.702494621276855,0.32,7,0.977,0.143,在莫之手先颜色。
fc85586543dd46c191448a8535468cc5.wav,yellow,VAD=25%,3.712,-32.287782721157875,0.2863081693649292,0.0,0.25405405405405407,26.134557723999023,0.48,7,1.886,0.143,嗯，被同学欺负了。
fcb9290af1304301aa81463386fd6437.wav,green,全部指标达标,10.24,-30.432014191358867,0.22833113372325897,0.0,0.498046875,25.55039882659912,1.3800000000000001,21,2.051,0.095,嗯，你认识我是谁吗？第一天你为什么不给我买饭呢？
fcba8fca1c2649d785263ad315818514.wav,green,全部指标达标,3.712,-15.773173507818614,0.9900000095367432,0.0,0.4702702702702703,41.05832576751709,1.36,6,1.616,0.167,变形金刚大战。
fcc7259f4db649e494739eb5077a13b0.wav,green,全部指标达标,3.456,-22.91144616814689,0.34827548265457153,0.0,0.6162790697674418,30.666096210479736,1.52,12,3.472,0.167,我们学校的校长，你不知道吗？
fcf403053eeb45398820fbbedc169c8b.wav,green,全部指标达标,6.272,-21.193083992604844,0.7721120715141296,0.0,0.7188498402555911,27.531206607818604,0.78,23,3.667,0.043,这样我就继续生成机器人，可以按实现黄金大本女的开。
fcff65ac72b14426b2d4572900de4b0e.wav,yellow,语速=1.39,5.76,-25.00997807914008,0.5768594741821289,0.0,0.7291666666666666,22.558774948120117,2.24,8,1.389,0.125,什么东西是风千变？
fd047d98e7e64a9f8556a27eda72d3ea.wav,green,全部指标达标,3.584,-23.821462369400734,0.31928008794784546,0.0,0.5977653631284916,28.244588375091553,0.8,13,3.627,0.154,你到吗？地里面吗？我一箱一样的。
fd564513cdb04b36845518e7da5f6360.wav,green,全部指标达标,6.912,-23.252747095871868,0.880340039730072,0.0,0.48985507246376814,33.57259273529053,1.52,21,3.038,0.143,你看我今天心情不好，你不要惹我，小心我砍你两刀。
fd5dfdcaa402486bb71c671b1d0db2c9.wav,green,全部指标达标,4.864,-22.291948582879115,0.4219154715538025,0.0,0.7283950617283951,28.43700647354126,0.88,15,3.084,0.133,一个小孩正在和另外一个女孩亲嘴。
fd64e8da245740ac8ab33d99bae2fa28.wav,yellow,语速=1.23,7.296,-23.634265109220323,0.577356219291687,0.0,0.42032967032967034,31.23466730117798,0.78,9,1.234,0.111,理想汽车深夜版l六。
fd7643d7e9f4409aac25a9bdf12564ea.wav,yellow,VAD=38%,2.56,-21.696914526353822,0.8965556621551514,0.0,0.3828125,33.57696294784546,0.34,5,1.953,0.2,王权富贵追。
fd7d0d85f0164735adfe9e0c567a0396.wav,green,全部指标达标,2.944,-24.821396389406416,0.3621123433113098,0.0,0.5714285714285714,31.11994743347168,1.6600000000000001,6,2.038,0.167,这个是水的吗？
fd8cd41a332d4139a864253f860cdd43.wav,green,全部指标达标,4.992,-22.734934838940983,0.8032299280166626,0.0,0.6305220883534136,27.75444269180298,0.72,13,2.604,0.154,老子要倒地杀抖音吗？来杀我啊。
fda616a61fce4203935445575134356c.wav,green,全部指标达标,2.816,-24.554364436468962,0.3627261519432068,0.0,0.7,31.552879810333252,1.78,6,2.131,0.167,什么乡老家？爱？
fdd2813c4f7b48c48944e437f8fec4aa.wav,green,全部指标达标,4.48,-22.962703963694878,0.33483392000198364,0.0,0.7455357142857143,27.590196132659912,0.9,12,2.679,0.083,在这张的图上被加入减震率。
fdd5e471ae734efe8fe88c1534bb229e.wav,red,解码失败: ,0,-100,0,0,0,nan,0,0,0,0,
fddb96078b8b4ccbbda008ecb9c87264.wav,green,全部指标达标,3.2,-22.57703226903022,0.313554584980011,0.0,0.76875,32.12693214416504,1.42,7,2.188,0.143,关寨龙肯的女孩。
fdde352138484b41b5d7a00c50acbb4d.wav,green,全部指标达标,1.536,-22.31361087921293,0.4014206528663635,0.0,0.47368421052631576,30.578320026397705,0.46,3,1.953,0.333,五十三。
fde424923b6c4d00a926e2588ed6c90e.wav,green,全部指标达标,3.968,-20.770012440608156,0.37286514043807983,0.0,0.8080808080808081,34.283034801483154,3.02,12,3.024,0.333,汪汪队汪汪队砍掉你的手臂。
fdef4ef26f3746d5bc980ce02f98ad46.wav,red,ASR 字数过少 (0 字),3.456,-35.06893504404524,0.1226692795753479,0.0,0.09883720930232558,32.139551639556885,0.34,0,0.0,0.0,
fdf9f74364f04ad899fb9d3a4f87f7c6.wav,green,全部指标达标,2.688,-23.6903306765024,0.47264203429222107,0.0,0.6567164179104478,32.333388328552246,1.44,9,3.348,0.222,一个没头没脑的家的。
fdfb7d7d0acf4631a6763389975b8d30.wav,green,全部指标达标,2.048,-27.231028156631318,0.23468202352523804,0.0,0.5294117647058824,29.355061054229736,0.72,5,2.441,0.2,你是傻逼吗？
fe1a8f13945549b8a966ce36a4f03c6b.wav,green,全部指标达标,4.608,-24.46874892154405,0.38079896569252014,0.0,0.6478260869565218,25.990002155303955,1.2,10,2.17,0.2,有吧，那个老奶奶我要听。
fe4163252b874385b348b5b58985fd8a.wav,green,全部指标达标,2.944,-14.799705352489038,0.7971388101577759,0.0,0.7551020408163265,37.993505001068115,1.3800000000000001,8,2.717,0.125,手指的蜘蛛侠，大病。
fe453c47728c4b0e940befeb766bf674.wav,yellow,VAD=35%; 语速=0.85,5.888,-28.090374455935322,0.4118003249168396,0.0,0.35034013605442177,29.545235633850098,0.8,5,0.849,0.2,我想跳楼走。
fe5046ced81049ea828cad1f551479f2.wav,green,全部指标达标,4.48,-26.646080804018325,0.3265009820461273,0.0,0.4419642857142857,29.09860134124756,0.9,9,2.009,0.111,你把它变成一个土弟。
fe513a9a96074c328267e666f9ee74a3.wav,green,全部指标达标,5.888,-24.13763434442357,0.6438620686531067,0.0,0.6394557823129252,27.246742248535156,1.12,18,3.057,0.111,帮你去喝水，你有什么用？我不对这上的密码。
fe62f3947ea44439adfda178763f3a87.wav,yellow,VAD=30%,4.48,-31.207576661134766,0.20493385195732117,0.0,0.30357142857142855,28.133926391601562,1.06,7,1.562,0.143,嗯，那该是些东西。
fe7b48b817464d338df6224d72d543df.wav,green,全部指标达标,6.272,-27.598025783447948,0.44529005885124207,0.0,0.5015974440894568,24.39368486404419,1.46,22,3.508,0.091,我好难过啊，我好想自杀呀，晚上要买点安眠药吃一下。
feaf832ad5944d4d88ae91d0b72e8874.wav,green,全部指标达标,1.792,-25.040565174490034,0.3599822521209717,0.0,0.5393258426966292,27.080223560333252,0.48,5,2.79,0.2,真算不是啊。
feb0ac46c4fc4cfebf500ee91874a1da.wav,green,全部指标达标,2.56,-25.081239385461018,0.5130046010017395,0.0,0.7109375,26.918036937713623,0.7000000000000001,4,1.562,0.5,别吧，妈妈。
feb1dbcbc5f94d17ba54243cba9a953d.wav,yellow,语速=1.14,7.04,-24.460205970517887,0.5272616147994995,0.0,0.7130681818181818,25.857713222503662,1.96,8,1.136,0.25,对呀对呀，像这个水。
fed84f4e175e4c78a71c3f84db991e5b.wav,yellow,VAD=36%,1.664,-25.41062446887161,0.5170935392379761,0.0,0.3614457831325301,29.78431463241577,0.3,3,1.803,0.333,那该换。
fed8c683284a4b179d12a40f2baf6a7f.wav,yellow,语速=1.20,3.328,-22.79875467551406,0.4415554404258728,0.0,0.7530120481927711,29.791991710662842,1.6,4,1.202,0.25,这个裙子。
feef475dc8e6495786dd01d87e14ce95.wav,green,全部指标达标,2.56,-24.486608526285842,0.6311970949172974,0.0,0.515625,31.78670883178711,1.12,4,1.562,0.25,婚纱衬衫。
ff02b7d9a03949308f5d7efc26f9f3c4.wav,green,全部指标达标,2.176,-22.81057778982046,0.31410375237464905,0.0,0.6481481481481481,29.702155590057373,0.84,5,2.298,0.2,实在不难得。
ff0928a94a7249729b4ba33a10ccc93b.wav,green,全部指标达标,4.352,-21.318579502381432,0.8698018193244934,0.0,0.7096774193548387,31.347098350524902,1.6400000000000001,13,2.987,0.231,长着八块猪肉、牛肉、羊肉的嚼洞。
ff0987509b064c04a79fe45d01a056ff.wav,red,解码失败: ,0,-100,0,0,0,nan,0,0,0,0,
ff13722a317d42d28f5a1d3d9aa8241c.wav,green,全部指标达标,6.4,-23.264448303175914,0.9627793431282043,0.0,0.5125,36.591832637786865,1.6600000000000001,11,1.719,0.091,哦，大漠孤烟直长河落日圆。
ff200d2253b84c46b566334a86d632e0.wav,green,全部指标达标,3.072,-22.397710429615728,0.3655005097389221,0.0,0.803921568627451,36.79823637008667,2.2,7,2.279,0.143,有可爱的猫神兽。
ff26ca2cbdb646cba1b05a5f78cb9de8.wav,green,全部指标达标,2.048,-27.564787125294895,0.8317077159881592,0.0,0.6078431372549019,26.441004276275635,0.9400000000000001,4,1.953,0.25,什么春天？
ff3eb67c6bae495c8b4b3ce9aea8e42d.wav,green,全部指标达标,4.736,-25.380648908133423,0.3671748638153076,0.0,0.7288135593220338,23.96541118621826,2.2600000000000002,8,1.689,0.125,对吧？如果这个太阳。
ff4d969dee1d4341a920b9795a81a4fb.wav,green,全部指标达标,3.456,-23.647087902047343,0.42743194103240967,0.0,0.6511627906976745,27.876567840576172,1.9000000000000001,8,2.315,0.125,这个可以马桶赛车。
ff5081a8257349c7add65e478877aa8d.wav,green,全部指标达标,7.808,-26.711856419585214,0.43905165791511536,0.0,0.5897435897435898,26.01362705230713,1.46,28,3.586,0.071,那但是我想用平板玩王者荣耀，然后呢千万不要被我妈妈发现的啊。
ff52174d25444dd4bab9a85ab9c8908c.wav,green,全部指标达标,2.816,-24.432823084429486,0.5574069619178772,0.0,0.65,28.087358474731445,0.7000000000000001,8,2.841,0.25,那你跳啊，狗死你操。
ff68d27c65b34cb2aefd03accc7eb92e.wav,yellow,VAD=37%,2.56,-25.05001762001048,0.3838716745376587,0.0,0.3671875,32.699711322784424,0.88,6,2.344,0.333,你好啊你好啊。
ff6b53be94b24171a9ea61894bb8aa37.wav,yellow,语速=0.80,4.992,-18.897237554808733,0.9899999499320984,0.0,0.6224899598393574,32.83236026763916,1.8800000000000001,4,0.801,0.25,要太阳系。
ffb712a626804dd4be71f668667c73bd.wav,yellow,语速=1.30,1.536,-17.990515239523184,0.844810962677002,0.0,0.42105263157894735,38.32556962966919,0.32,2,1.302,0.5,天气。
ffc31b93039b471686f8215e2b2e900c.wav,yellow,语速=1.12,1.792,-24.635294274952816,0.3987547755241394,0.0,0.550561797752809,28.595468997955322,0.46,2,1.116,0.5,老鼠。
ffde184e6bcc4714858e6663f4e79413.wav,yellow,语速=1.16,3.456,-24.221591468833537,0.33694010972976685,0.0,0.75,30.19951105117798,2.12,4,1.157,0.25,作为老伴。
ffdef52c9e04467e8a2be313f348332f.wav,red,命中幻觉黑名单 '关注',20.608,-27.713313283844066,0.2858625054359436,0.0,0.46310679611650485,27.858755588531494,1.56,43,2.087,0.07,啊，你里面京咚精灵，那我们将嗯是等五是等于关于一加是等于，然后这已经关注到这个情况的屏幕不行。
ffe10f7c0b4d45f5837ffcf3d6ee034c.wav,yellow,语速=1.20,1.664,-21.63785358034103,0.541370153427124,0.0,0.6265060240963856,29.5589017868042,0.56,2,1.202,0.5,马桶。
fffa254211984902a74ba6649d09a715.wav,green,全部指标达标,3.584,-25.057138327017604,0.36659011244773865,0.0,0.6871508379888268,28.236160278320312,1.5,12,3.348,0.083,这个不是你们残疾人的请求。
fffb87edae974d51a97bd4a05a7f30cf.wav,red,ASR 字数过少 (0 字),1.664,-24.519896895672755,0.634078860282898,0.0,0.14457831325301204,35.99348068237305,0.12,0,0.0,0.0,
